이기호수석 현대투신 유상증자방안 제시,서울 연합뉴스 염주인기자 이기호 李起浩 청와대경제수석은 1일 현대투신의 자구노력과 관련해 현대투신의 대주주인 현대전자 등이 유상증자를 할 수 있을것 이라며 증자과정에서 소액주주가 실권할 경우 실권주를 대주주가 인수할 수 있다 고 말했다. 이는 논란이 있는 정주영 鄭周永 명예회장 일가의 사재출연 방식을 피하면서실질적으로 대주주의 증자를 실행하는 방안을 제시한 것으로 현대측의 수용여부가주목된다. 그는 이 방안도 일종의 사재출연이라고 볼 수 있지만 현실적으로는 유상증자를통한 대주주의 출자 라고 설명했다. 이 수석은 또 계열 회사를 팔아 현대투신에 넣는다든지 하는 것도 자구능력이라고 할 수 있다 며 간접적으로 우량 계열사의 매각을 촉구했다. 이 수석은 이와 함께 은행의 대형화와 관련 일본은 은행이 최근 3 4개로 합병됐다 고 지적하고 한국은 경제규모가 작은 데도 8개나 된다 고 말해 은행 대형화의복안을 정부가 마련중임을 시사했다.,https://sports.news.naver.com/news.nhn?oid=001&aid=0000000001,2000.05.01
진천에서 반달곰 야생 여부 조사,청주 연합뉴스 박종국기자 충북 영동에서 반달곰이 발견됐다는 언론 보도와관련 국립환경연구원이 1일 야생 여부를 가리기 위한 현지 조사에 나섰다. 4명으로 구성된 국립환경연구원 현지 조사반은 KBS의 반달곰 발견 보도와 관련 실제 반달곰이 촬영된 곳이 진천군 백곡저수지 인근 야산인 것을 확인하고 이 일대에서 반달곰의 흔적을 찾고 있다. 조사반은 이날 반달곰이 촬영된 신갈나무 군락지에서 곰 발톱 자국을 확인했으나 야생인 지 여부를 단정지을 수는 없다고 밝혔다. 특히 이곳이 민가와 가까운 낮은 야산이고 주변에 밭이 있어 야생 곰 서식처로는 적절치 않은 것으로 조사반은 분석했다. 이 지역 농민들 역시 산이 낮고 산림이 우거진 곳도 아니기 때문에 야생 곰이살 수 있는 환경이 아니다 며 지금까지 반달곰을 목격했다는 말은 듣지 못했다 고의아해했다. 한편 인근 진천군 진천읍 연곡리에 곰 사육 농가가 있으나 불곰 5마리만 사육하고 있는 것으로 확인됐다. 조사반은 3일가량 현지에서 야생 곰의 흔적을 추적할 계획이다. KBS는 30일 저녁 9시 뉴스에서 충북 영동군과 옥천군 경계지역의 한 야산에서 1ｍ 크기에 1년생으로 추정되는 새끼 반달곰이 발견됐다고 보도했다.,https://sports.news.naver.com/news.nhn?oid=001&aid=0000000002,2000.05.01
검찰 장영자씨 출국금지 요청,서울 연합뉴스 김범수기자 구권화폐를 미끼로 한 거액사기사건을 수사중인서울지검 서부지청 형사2부 부장검사 林安植 는 1일 이 사건의 또 다른 가해자로 드러난 장영자 56 씨에 대한 체포영장을 발부받아 검거에 나섰으나 소재를 파악하지못했다. 이에 따라 검찰은 장씨의 신병확보에 수사력을 모으는 한편 장씨에 대해 관계당국에 출국금지를 요청키로 했다. 검찰은 또 장씨의 거주지 등에 대한 압수수색을 실시한 결과 엄청난 규모의 자산가치를 지닌 외국채권을 발견 장씨의 신병이 확보되는 대로 소유 경위등에 대해조사를 벌이기로 했다. 그러나 검찰은 압수수색을 통해 문제의 구권화폐는 발견하지 못했다고 밝혔다. 검찰은 이와함께 이미 구속된 윤원희 41.여 씨를 상대로 장씨와의 공모여부에대해 보강 수사키로 했다. 검찰 관계자는 장씨가 하남길 38.구속중 씨에게 구권화폐 를 들먹이며 사기를치는 등 윤씨와 비슷한 수법을 사용했지만 윤씨를 통해 장씨에게 흘러들어간 S은행발행 수표 30억원이 윤씨의 요청에 의해 지급정지된 사실이 밝혀졌다 며 장씨를 붙잡아야 정확한 내용이 드러날 것 같다 고 말했다.,https://sports.news.naver.com/news.nhn?oid=001&aid=0000000003,2000.05.01
미군경찰 미국인 피의자 인권 논란,대구 연합뉴스 성연재기자 미국인의 한국인 초등생 성추행 사건에 대한 언론보도와 관련 미군측이 피의자의 인권 침해를 거론하며 조사 담당 경찰관의 문책을 요구하는 등 미국인 피의자의 인권을 둘러싸고 미군측과 우리 경찰 사이에 논란이 빚어지고 있다. 1일 대구 남부경찰서에 따르면 미8군사령부는 지난달 27일 초등생 5명을 성추행한 혐의로 구속된 캠프워커 어린이서비스센터 강사 A 59 씨에 대한 언론 보도 경위와 사생활 침해 문제 등을 문제삼아 최근 법무부에 공식 항의했다. 미군측은 성추행사건 피의자의 혐의내용과 얼굴이 TV에 방영된 사실 등이 인권침해에 해당된다는 것이다. 이에따라 검찰은 이 사건을 수사한 대구 남부경찰서에 보도경위를 파악 보고토록 지시했으며 경찰청도 최근 담당경찰관의 문책을 요구하는 미군측의 항의내용을들어 수사과정에서 피의자의 신분이 노출 되지 않도록 주의할 것을 당부했다. 이와함께 미8군사령부 관계자는 피의자의 얼굴 노출 경위와 취재 경위 등과 관련 남부경찰서에 해명을 요구했다. 남부경찰서 관계자는 피의자의 얼굴이 TV에 직접 방영된 것은 문제가 있는 것으로 인정하지만 담당 경찰관의 문책 등은 고려하고 있지 않다 고 밝혔다.,https://sports.news.naver.com/news.nhn?oid=001&aid=0000000004,2000.05.01
다케시타 전총리 정계은퇴 발표,도쿄 연합뉴스 이홍기 특파원 일본 자민당내 막후 실력자로 지난 10여년간일본 정치를 주도해온 다케시타 노보루 竹下登.76 전총리가 1일 정계 은퇴를 정식표명했다. 다케시타씨는 노인성 척추질환으로 입원치료중인 관계로 자신이 실질적으로 이끌어온 오부치 小淵 파의 간부인 아오키 미키오 靑木幹雄 관방장관이 기자회견에서은퇴성명을 대신 발표했다. 다케시타씨는 육성 테이프를 통해 정성을 다해 재활에 힘을 기울여왔으나 아직등원이 불가능해 국회의원의 책임을 충분히 다할 수 없는 상태가 계속되고 있다 며은퇴 이유를 밝혔다. 이날 회견에는 아오키 장관 외에 하시모토 류타로 橋本龍太郞 전총리와 노나카히로무 野中廣務 당 간사장 등 파벌 간부들이 나란히 참석 파벌의 결속력을 과시했다. 그러나 당내 최대 파벌의 사실상 오너로서 막강한 영향력을 행사해온 다케시타씨의 은퇴로 오부치파의 향후 진로는 물론 오부치파의 지지로 탄생한 모리 요시로 森喜朗 내각의 정국운영에도 미묘한 파장이 미칠 것으로 전망된다. 또한 오는 6월중 실시될 것이 유력한 중의원 선거를 앞두고 정계의 세대교체를촉진하게 될 것으로 보인다. 다케시타 전총리는 지난해 4월 변형성척추증으로 도쿄도내의 병원에 입원 수술을 받은 뒤 그동안 공적인 활동을 완전히 중단한 채 회복에만 전념해왔다. 그러나회복이 늦어지고 있는데다 지난달 2일 애제자 인 오부치 게이조 小淵惠三 총리가뇌경색으로 쓰러져 계속 사경을 헤매는 상태로 빠지자 은퇴를 결심한 것으로 알려지고 있다. 시마네 島根 현의회 의원을 거쳐 지난 58년 중의원에 당선된 뒤 내리 14선인다케시타씨는 87년 7월 다나카 가쿠에이 田中角榮 전총리와 결별 게세카이 經世會 다케시타파 를 출범한 뒤 그해 11월 총리에 취임했다. 1년반 가량 재임하는 동안 각계의 강력한 반발에도 불구 소비세를 도입하는 등업적을 남겼다. 리크루트사의 거액 헌금 의혹으로 퇴진한 뒤에도 우노 소스케 宇野宗佑 가이후 도시키 海部俊樹 미야자와 기이치 宮澤喜一 등 후임내각의 탄생에도 결정적인 영향력을 발휘했다. 한편 그의 지역구인 시마네 2구는 친동생이자 비서인 다케시타 와타루 竹下亘 씨가 맡을 것으로 알려졌다.,https://sports.news.naver.com/news.nhn?oid=001&aid=0000000005,2000.05.01
표 연결후 당기순이익 증가율 상위 10개사,,https://sports.news.naver.com/news.nhn?oid=001&aid=0000000006,2000.05.01
표 연결후 당기순이익 상위 10개사,,https://sports.news.naver.com/news.nhn?oid=001&aid=0000000007,2000.05.01
고액과외 강사.학부모 양벌 추진,서울 연합뉴스 황재훈기자 민주당은 지금까지 과외를 하는 강사나 교사만처벌토록 되어 있던 것을 과외 수혜자도 처벌할 수 있는 양벌규정으로 개정하는 방향을 적극 검토키로 한 것으로 알려졌다. 민주당 이해찬 李海瓚 정책위의장은 1일 지금까지 학부모 등 과외를 받는 쪽은 처벌받지 않았지만 향후 법개정시 과외를 하는 사람이나 받는 사람 모두 처벌받는 양벌규정이 불가피할 것 이라고 말했다. 민주당 관계자는 이와 관련 현재 불법과외 등이 적발되더라도 강사만 처벌할수 있고 학부모 등 과외수혜자 측에 대해서는 뚜렷한 처벌규정이 없어 불법과외가근절되지 않았다 면서 그러나 헌법재판소도 고액과외 등 사회적 폐단이 있는 과외에 대해서는 금지가 필요하다는 의견을 밝힌 만큼 추후 대체입법시 돈을 주고 받는모든 쪽을 처벌해야 할 것으로 판단된다 고 밝혔다. 다른 관계자는 그러나 고액과외는 학부모의 절박한 심정을 강사들이 이용한 경우가 많은 만큼 쌍벌규정 도입에는 신중해야 할 것 이라면서 향후 교육대책특위에서 의견을 수렴해야 할 사안 이라고 말했다. 한편 민주당은 이날 당 교육대책특위를 구성하고 단기적으로는 고액과외가 집중될 서울 강남 등 일부지역에 대한 행정지도를 강화하는 한편 빠른 시일내에 공청회를 개최 국민이 납득할 수 있는 고액과외 기준을 정하는 대로 대체입법 작업을서두르기로 했다. 이해찬 의장은 고액과외가 예상되는 시기나 지역을 중심으로 행정지도를 대폭강화토록 할 계획 이라고 말했다.,https://sports.news.naver.com/news.nhn?oid=001&aid=0000000008,2000.05.01
미 인터넷 범죄 처벌 강화,워싱턴 연합뉴스 신기섭특파원 미국은 인터넷을 악용한 범죄자에 대한 처벌을대폭 강화키로 했다. 미국 형벌위원회는 인터넷을 이용해 미성년자를 괴롭히거나 비밀자료 소프트웨어 신용카드 정보 등을 훔치는 범죄자에 대해 형량을 대폭 강화토록 하는 권고안을1일 의회에 제출키로 했다. 이 권고안은 미성년자 갈취 위협 등에 인터넷을 이용할 경우 최고 형량을 4년3개월로 확대할 것을 제안하고 있다. 이 형량은 종전의 2년에 비해 112% 늘어난 것이다. 또 인터넷 등 신기술을 소포트웨어 각종 기밀자료 등의 도용에 이용할 경우종전에 집행유예가 대부분이었던 형량이 15 21개월로 신용정보를 유출시켰을 때는 형량이 종전의 24개월에서 30개월로 확대된다. 이번 조치는 정보통신 인터넷 등 첨단기술을 악용한 범죄가 급증한 데 따른 것으로 다이애나 머피 위원장은 신기술을 이용한 신종범죄가 급속히 확산되고 있다 고 말했다. 위원회는 또 초강력 마약의 일종인 메탐페타민의 사용자가 급격이 증가하고 있다며 40ｇ이상의 메탐페타민 소지자에 대한 최고 형량을 종전의 5년에서 10년으로대폭 강화했다. 배리 매카프리 백악관 마약담당 국장은 두개의 마약이 미국을 변화시킨다 며 그중 하나가 강력코카인이며 다른 하나가 메탐페타민 이라고 역설했다. 형벌위원회의 권고안은 대부분의 의회에서 채택된 전례를 감안할 때 이번 권고안 역시 수용될 것으로 보이며 오는 11월부터 발효될 전망이다.,https://sports.news.naver.com/news.nhn?oid=001&aid=0000000009,2000.05.01
총선사범 본격 소환착수윤여준 당선자 조사,서울 연합뉴스 정준영기자 서울지검 공안1부 박만.朴滿 부장검사 는 1일 오후 한나라당 전국구 윤여준 尹汝雋.60 당선자를 불러 조사하는 등 16대 총선과정에서 입건된 후보에 대한 본격 소환조사에 착수했다. 검찰은 이날 민국당 동작갑 김명기 金明基.46 자민련 강남을 김태우 金泰宇.49 씨 등 낙선자 2명도 소환 조사했다. 검찰은 또 당원대회에서 비당원에게 향응을 제공한 혐의로 고발된 자민련 관악갑 낙선자 이상현 李相賢.55 후보에 대해 2일 오후 3시 출석토록 통보했다. 검찰은 윤 당선자를 상대로 97년8월 환경부장관 취임 당시 인사카드를 작성하면서 55년4월부터 1년간 경기고에 재학하다 58년3월까지 광천상고에 다닌 것처럼 학력을 허위기재했는지와 이를 전국구 후보등록에 활용했는지 여부 등을 조사했다. 윤 당선자는 지난달초 자민련 백남치 白南治 의원에 의해 허위학력 기재 혐의로고발됐었다. 윤 당선자는 이날 조사에서 경기고 재학시절 몸이 아파 휴학 중퇴한 뒤 단국대에 입학할 당시인 59년 광천상고를 다닌 것으로 돼 있는 것을 알았지만 경위는 어른들이 한 일이라 모르겠다 면서 광천상고 학력이 기재된 인사카드는 누가 작성했든 제출은 내가 했지만 후보등록 때는 광천상고 학력을 적지 않았다 고 밝혔다. 검찰 관계자는 윤 당선자가 광천상고를 졸업한 사실이 없는 것으로 확인됐지만전국구 후보 등록시 광천상고 졸업 학력을 기재하지 않은 점 등을 감안해 사법처리 여부를 결정할 방침 이라고 말했다. 민국당 김씨는 지난달 4일 지지자 6명과 함께 서울동작구 선관위 사무실에 들어가 편파단속에 항의하며 기물을 부수는 등 행패를 부린 혐의로 자민련 김씨는 3월27일 개포중 어머니회 모임에 참석 명함과 저서를 배포한 혐의 등으로 입건됐다. 한편 서울지검은 산하 5개지청을 포함 선거법위반 혐의로 입건한 당선자 30여명에 대한 수사를 가급적 이달 안으로 마무리 기소여부를 결정할 방침이다.,https://sports.news.naver.com/news.nhn?oid=001&aid=0000000010,2000.05.01
정부현대투신 대주주에 증자.실권주인수 권고종합,투신문제 해결에 총수 직접 나서라 압박 서울 연합뉴스 김종현기자 정부는 현대투신 문제 해결을 위해 대주주인 현대전자와 현대증권 등이 증자와 실권주 인수에 나설 것을 주문했다. 또 투신정상화방안 마련 주체나 정부의 대화파트너로 계열사 사장들을 동원할것이 아니라 의사결정 능력을 지닌 정몽헌 회장 등 총수가 직접 나설 것을 요구했다. 이기호 李起浩 청와대경제수석은 1일 현대투신의 자구노력과 관련해 현대투신의 대주주인 현대전자 등이 유상증자를 할 수 있을 것 이라며 증자과정에서 소액주주가 실권할 경우 실권주를 대주주가 인수할 수 있다 고 말했다. 이는 논란이 있는 정주영 鄭周永 명예회장 일가의 사재출연 방식을 피하면서실질적으로 대주주의 증자를 실행하는 방안을 제시한 것으로 현대측의 수용여부가주목된다. 그는 이 방안도 현대전자나 증권의 대주주가 총수 일가라는 점에서 일종의사재출연이라고 볼 수 있지만 현실적으로는 유상증자를 통한 대주주의 출자 라고설명했다. 이 수석은 또 계열 회사를 팔아 현대투신에 넣는다든지 하는 것도 자구노력이라고 할 수 있다 며 간접적으로 우량 계열사의 매각을 촉구했다. 정부는 한편 현대투신문제의 조기 해결을 위해 정주영 명예회장이나 몽헌 회장등이 계열사 사장들을 통하지말고 직접 나설 것을 요구했다. 정부 고위관계자는 현대그룹이 투신문제를 해결하기 위해서는 정부를 상대할 것이 아니라 시장을 상대로 신뢰를 회복해야 하는 만큼 의사결정을 할 수 있는 총수가직접 나서야 한다고 강조했다. 이 관계자는 그동안 현대를 상대로 사태의 심각성과 문제해법 및 방식에 대해충분히 설명을 했음에도 전달상에 문제가 있음인지 의사결정 과정에 별로 반영되는것 같지 않다고 불만을 표시했다.,https://sports.news.naver.com/news.nhn?oid=001&aid=0000000011,2000.05.01
군검찰 공금 10억원 횡령한 전 공군중위 조사,서울 연합뉴스 이 유기자 공군 중앙관리단에서 근무한 공군 김모 30 예비역 중위가 현역시절 공금 약 10억원을 횡령한 혐의로 군 검찰의 조사를 받고 있다. 1일 공군에 따르면 지난 1월 제대한 김씨는 공군 중앙관리단에서 회계 및 출납장교로 근무했던 지난 98 99년 당시 피복비 급식비 수당 등 공금 약 10억원을 횡령한 혐의를 받고 있다. 군 검찰은 김씨에 대해 조사를 벌인 뒤 민간검찰로 이첩할 방침이다. 김씨는 명문 S대 출신이며 공인회계사 CPA 자격증을 보유하고 있는 것으로 알려졌다. 군 검찰은 김씨가 횡령한 금액이 10억원대에 이르는 만큼 상부의 묵인 내지 방조가 있었는지 여부에 대해 공군 중앙관리단 관계자들을 상대로 집중적으로 내사를벌이고 있는 것으로 전해졌다.,https://sports.news.naver.com/news.nhn?oid=001&aid=0000000012,2000.05.01
현대투신 정상화방안 정부현대 조율 막판 진통종합,서울 연합뉴스 박운영기자 현대투신 정상화 방안을 둘러싼 정부와 현대간입장 조율이 막판 진통을 겪고 있다. 현대는 총수 일가의 사재 출자.출연을 배제한 채 계열사 추가 출자 등을 포함한정상화 방안을 정부측에 제시했으나 정부는 보다 강도높은 방안을 주문해 당초 2일로 예정된 현대의 현대투신 정상화 방안 발표가 3 4일중으로 연기됐다. 현대는 계열사의 현대투신 추가 출자 규모를 늘리는 등 구체적이고 실천 가능한방안을 강구중이지만 정부측이 총수 사채 출자.출연을 직접 요구하지 않되 우량 계열사의 매각을 통한 현대투신 부실 해소를 요구하고 있어 주목된다. 현대 고위관계자는 김재수 金在洙 현대 구조조정본부장이 1일 오전 금융감독위원회 고위 관계자들과 만나 현대투신 정상화 방안을 제시했다고 이날 밝혔다. 김 본부장은 현대전자 현대증권 등 현대투신의 대주주들이 유상증자에 참여 추가로 출자하는 방안과 추가적인 후순위 채권 발행 2천억원 규모의 외자유치 조기성사 등을 제시한 것으로 전해졌다. 이 관계자는 계열사의 추가 출자 규모에 대해서는 공개할 수 없다 고 말했다. 그는 또 금감위측은 김본부장에게 현대에 총수 사재 출자나 출연을 요구한 적이 없다 는 입장을 분명히 확인해 준 것으로 안다 고 덧붙였다. 그는 현대투신 정상화 방안은 그룹 구조조정본부가 아니라 이창식 현대투신 사장이 발표할 예정 이라면서 발표는 알려진 것과 달리 3 4일중에 있을 것 이라고 말했다. 이에앞서 정주영 鄭周永 현대 명예회장의 최측근 인사인 김윤규 金潤圭 현대건설 및 현대아산 사장은 이날 오전 기자들과 만나 2일중 현대와 정부가 현대투신정상화 방안을 발표하게 될 것 이라고 밝혔었다. 현대측의 발표가 3 4일로 연기된 것은 정부측이 현대측 방안에 대해 미흡하다면서 좀더 강도높은 방안을 내놓을 것을 요구했기 때문으로 분석됐다. 이와관련 이기호 李起浩 청와대 경제수석은 이날 계열 회사를 팔아 현대투신에 넣는다든지 하는 것도 자구노력 이라고 말해 계열사 유상증자 참여 이외의 강도높은 방안을 촉구했다. 한편 정주영 鄭周永 현대 명예회장 정몽헌 鄭夢憲 현대 회장 등 현대 수뇌부들은 근로자의 날인 이날 출근하지 않고 자택에서 현대투신 문제에 대한 보고를 받은 것으로 알려졌다.,https://sports.news.naver.com/news.nhn?oid=001&aid=0000000013,2000.05.01
자민련 과외비지원 반대,서울 연합뉴스 최이락기자 자민련 이규양 李圭陽 부대변인은 1일 과외확산을 막고 공교육을 강화해야 할 교육부가 세금으로 과외비를 지원하겠다는 것은 공교육을 포기하고 사교육을 육성하겠다는 것과 다름없는 발상 이라고 주장했다. 이 부대변인은 이날 문용린 文龍鱗 교육장관의 과외비지원 발언과 관련해 논평을 내고 어떤 경우든 사교육이 공교육보다 우선할 수 없으며 사교육은 공교육의보완 의미를 넘어서면 안된다 며 이같이 말했다. 이 부대변인은 또 교육부는 공교육의 활성화를 위해 이번 기회에 대학입시제도에 대한 재점검과 교육투자 확대 학습내용 개선 교원복지 향상 등 특단의 대책을강구해야 한다 고 덧붙였다.,https://sports.news.naver.com/news.nhn?oid=001&aid=0000000014,2000.05.01
주요 연합뉴스5월1일.월 1500∼1800,로커비사건 11년만에 재판 시작영국 스코틀랜드 로커비 상공에서의 팬암기 폭파사건 용의자로 지목된 리비아인2명에 대한 재판이 사건 발생 11년 4개월여만에 시작된다. 이 사건의 범인으로 기소된 압델 바세트 알리 알 메그라히 48 와 알 아민 할리파 파히마 44 등 리비아인 2명에 대한 첫 공판은 암스테르담에서 남쪽으로 40㎞ 떨어진 네덜란드의 옛 미군기지캠프 자이스트에 차려진 임시 특별법정에서 개최된다. 캠프 자이스트 네덜란드 .런던 AP.AFP 연합뉴스 크리스티 英.佛 약탈 중국유물 경매 강행크리스티 경매소가 30일 중국 정부와 시위대의 강력한 항의에도 불구 140년 전영국군과 프랑스군에 약탈당한 중국 국보급 예술품 2점에 대한 경매를 강행 파문이예상된다. 이날 홍콩 매리어트 호텔에서 경매된 유물들은 청 淸 왕조의 여름궁으로쓰이던 베이징 시내 원명원 圓明園 의 분수형 물시계를 장식했던 동물 머리 형상 청동상으로 1744년 제작된 것이다. 홍콩 연합뉴스 생쥐 간 세포 유전자 조작 당뇨병 치료길 열려이스라엘의 유전학자들이 생쥐의 간 肝 세포 유전자를 조작해 인슐린을 생산할수 있도록 하는 데 성공함으로써 당뇨병 치료의 획기적 전기가 마련될 것으로 보여지고 있다. 이스라엘 셰바 메디컬 센터의 유전학자들은 미국의 의학잡지 자연의학 5월호에 기고한 보고서를 통해 췌장 대신 간 세포에서 인슐린을 생산할 수 있도록한 생쥐의 유전자 조작 연구결과를 발표했다. 파리 연합뉴스 인니 법개정 졸속 수하르토 사법처리 난망 인도네시아에서 지난해 반부패법이 졸속으로 개정돼 수하르토 전 前 대통령과측근들에 대한 사법처리가 불가능할 것으로 보이며 신속한 법개정이 이뤄지지 않을경우 국민들의 거센 저항이 예상된다. 변호사협회의 소조노회장은 지난달 30일 족자카르타에서 열린 사법기관감시단체창립식에 참석 지난해 8월16일 개정된 반부패법은 법개정 이전에 발생한 범죄는 처벌할 수 없도록 규정하고 있다고 지적했다. 자카르타 연합뉴스 16대 원구성 협상교착..지연 불가피여야는 1일 국회에서 총무회담을 열어 16대국회 원구성 협상을 재개했으나 상임위 정수 조정 등을 놓고 논란을 벌였을 뿐 별다른 진전을 보지 못했다. 특히 여야는각각 남북정상회담과 전당대회 개최일정 등을 감안 원구성 협상에 미온적인 태도로일관하고 있어 16대 원구성이 법정시한인 오는 6월5일을 넘겨 남북정상회담 이후에나 가능할 것이라는 관측까지 대두되고 있다. 여야는 현재 상임위 정수조정을 제외하고는 의장단 구성과 상임위원장 배분 그리고 원내교섭단체 구성요건 완화 등 쟁점 현안들을 둘러싼 입장차를 전혀 좁히지 못하고 있다. 김대통령 남북스포츠교류 활성화 대비 김대중 金大中 대통령은 1일 남북 정상회담이후 남북간 스포츠 교류가 활성화될 것에 미리 대비해 나가야 한다 고 말했다. 김 대통령은 이날 오전 문화관광부로부터 업무보고를 받는 자리에서 남북 교류에서 지금보다 훨씬 많은 스포츠 교류가예상되고 스포츠 교류가 남북간 관계개선에 가장 쉽다 며 이같이 밝혔다. 특히 김대통령은 북한은 축구 마라톤 탁구 농구 등이 세계적 수준 이라면서 이를 통해남북이 화해하고 이해하는 것이 가장 빠른 길 이라고 강조했다. 여 정상회담 지원.교육특위 구성민주당은 1일 당의 남북정상회담 지원특위 위원장에 이해찬 李海瓚 정책위의장을 임명하고 천정배 千正培.간사 박상천 朴相千 이용삼 李龍三 의원 이낙연 李洛淵 박용호 朴容琥 당선자 최명헌 崔明憲 고문 유삼남 柳三男 연수원장 등을위원으로 선임했다. 또 과외대책 등을 다룰 당 교육대책특위를 구성 위원장에 이재정 李在禎 전 정책위의장 위원에 설 훈 薛 勳.간사 신기남 辛基南 의원 허운나 許雲那 김경천 金敬天 당선자를 각각 임명하고 금지대상 고액과외 기준마련과공교육 활성화 방안 마련에 착수했다 고 이해찬 정책위의장이 밝혔다. 현대투신 정상화방안 정부 현대 조율 막판 진통현대투신 정상화 방안을 둘러싼 정부와 현대간 입장 조율이 막판 진통을 겪고있다. 현대는 총수 일가의 사재 출자.출연을 배제한 채 계열사 추가 출자 등을 포함한 정상화 방안을 정부측에 제시했으나 정부는 보다 강도높은 방안을 주문해 당초 2일로 예정된 현대의 현대투신 정상화 방안 발표가 3 4일중으로 연기됐다. 현대는 계열사의 현대투신 추가 출자 규모를 늘리는 등 구체적이고 실천 가능한 방안을 강구중이지만 정부측이 총수 사채 출자.출연을 직접 요구하지 않되 우량 계열사의 매각을 통한 현대투신 부실 해소를 요구하고 있어 주목된다. 기업지배구조 권고안 놓고 정부 재계 마찰 조짐법무부가 최근 확정한 기업 지배구조 개선 권고안 최종안을 놓고 정부와 재계간 마찰이 가시화될 조짐이다. 1일 재계에 따르면 법무부는 지난달 말 세종법무법인등 자문단에 의뢰해 만든 기업 지배 구조 개선 초안을 권고안으로 확정 재정경제부와 공정거래위원회 등 관련 부처와 전국경제인연합회 등 재계를 상대로 빠르면 이번주중 협의에 착수할 예정이다. 법무부가 마련한 권고안은 주주 권한을 강화하기 위해 자산 또는 매출액 20% 이상 규모의 영업 양수도와 대규모 이해 관계자 거래에 대해 주총의 승인을 받도록 하고 있다. 수입 폭발 4월중 무역수지 간신히 적자 모면수입이 폭발적 증가세를 나타내고 있는 가운데 4월중 무역수지 흑자가 2억3천만달러로 간신히 적자를 면하는 수준에 그쳐 무역전선 전반에 걸쳐 불안감이 고조되고있다. 산업자원부는 4월중 수출이 136억4천만달러 이하 통관기준 로 18.6% 증가하고수입은 134억1천만달러로 47.4%가 늘어 2억3천만달러의 무역흑자를 냈다고 1일 밝혔다. 이에 따라 1 4월중 무역수지 흑자누계는 7억7천달러로 작년 동기의 70억9천만달러에 비해 63억2천만달러나 줄어든 것으로 집계됐다. 올해 종토세 과표기준 31.8% IMF 이전수준 회복종합토지세의 부과기준인 전국 평균 공시지가 적용비율이 지난해 29.3% 보다 2.5%포인트 오른 31.8%로 확정됐다. 행정자치부는 1일 전국의 기초자치단체가 고시하도록 돼 있는 종토세 과표 기준을 IMF 체제 이전인 지난 95년 31.5% 수준보다 높은31.8%로 결정했다고 밝혔다. 이에따라 올해 종합토지세 총액은 지난해 1조3천303억원보다 572억원 4.3% 가량 늘어난 1조875억원에 달할 것으로 전망된다. 교육부 과외대책위 구성 내주부터 고액과외 단속교육부는 1일 고액과외 방지및 공교육 내실화를 위한 종합대책을 마련하기 위해 과외교습 대책위원회 위원장 金相權차관 를 구성 오는 3일 첫 회의를 갖는다고 밝혔다. 대책위원회는 김신일 서울대교수와 하죽봉 변호사 임동권 서울시 부교육감 황수웅 국세청 차장 손경순 한교조 부위원장 윤지희 참교육학부모회장 문상주 학원연합회장 허병두 서울숭문고 교사 등 각계 21명으로 구성돼 있다. 행정기관 민원 60%가 잘못 처리 국민고충처리위 일선 행정기관 민원업무처리의 60%가 상위법령에 어긋나는 훈령.조례를 적용하는 등 잘못 처리되고 있는 것으로 드러났다. 국무총리 소속 국민고충처리위원회 위원회 주광일 는 1일 최근 1년간 일선 행정기관의 민원처리 결과를 점검한 결과 전체838건중 60%인 502건이 상위법령에 맞지 않거나 폐지된 종전의 규정을 적용하는 등잘못 처리된 것으로 드러났다고 밝혔다. 또 수수료나 면허세 등을 정액과 달리 징수한 경우도 13.7%나 됐고 규정상의 구비서류외에 불필요한 추가서류의 제출 8.2% 불복방법의 미고지 5.7% 등도 지적됐다.,https://sports.news.naver.com/news.nhn?oid=001&aid=0000000015,2000.05.01
야 011 017 인수허용 재고 촉구,서울 연합뉴스 이상인기자 한나라당은 1일 공정거래위원회가 SK텔레콤 011 의 신세기통신 017 인수를 허용한데 대해 독점의 폐해가 예상된다 며 재고를 촉구했다. 한나라당 정창화 鄭昌和 정책위의장과 이한구 李漢久 정책실장은 이날 정책논평에서 이번 조치로 011의 이동전화시장 점유율이 42.7%에서 56.9%로 증가하게 돼독점에 의한 소비자 서비스의 질저하 및 요금인상 등 소비자 피해가 우려된다 고 주장했다.,https://sports.news.naver.com/news.nhn?oid=001&aid=0000000016,2000.05.01
고성군농민회 외유 군의회 항의방문,고성 연합뉴스 황봉규기자 최근 경남지역 시.군의회 의원들이 잇따른 외유로 빈축을 사고 있는 가운데 고성군농민회 회장 김환구 가 지난달 유럽을 다녀온 군의회를 항의방문 성명서를 전달했다. 고성군농민회 소속회원 20여명은 2일 오후 군의회의장실을 항의방문 현재 구제역 방역비조차 부족한 상태에서 민의를 대변해야 할 군의회가 관광성 여행을 다녀왔다 며 의회의 공개사과 및 의원들의 자진사퇴를 요구한다 는 내용의 성명을 발표했다. 농민회는 성명서에서 외유에 사용한 비용의 근거와 정확한 사용액 제시 사용한 비용 변제 구제역 방역에 필요한 긴급예산 편성 축산농가 피해보상 등 5개항의 요구사항을 전달했다. 한편 군의회 의원들은 지난달 17일부터 27일까지 선진지 견학이란 명목으로 5천6백여만원을 들여 노르웨이와 스웨덴 핀란드 등 유럽 8개국을 다녀왔다.,https://sports.news.naver.com/news.nhn?oid=001&aid=0000000017,2000.05.01
상장기업 인수비용 싸졌다,서울 연합뉴스 권영석기자 최근 국내 주식값의 내림세가 이어지면서 웬만한상가건물 매입비 정도만 있으면 괜찮은 상장기업을 인수할 수 있는 등 상장기업 인수 비용이 크게 싸졌다. 이에 따라 앞으로 외국계 자금이 국내 기업인수합병 M A 시장에 본격 상륙하는것에 대비해 한국 기업들의 주가 수준을 세계적 위상에 걸맞게 높이는 작업이 시급한 것으로 지적됐다. 1일 증권거래소는 지난달 28일 현재 관리종목 등을 제외한 597개 상장기업들의지분 50%에 1주를 더한 주식의 인수비용을 계산한 결과 120조2천757억원만 있으면이들 상장기업을 몽땅 사들일 수 있는 것으로 나타났다. 회사별로는 일화모직공업 인수비용이 11억원으로 가장 싸고 신호유화가 13억원 유화 15억원 삼표제작소와 피어리스가 각각 16억원 세신과 동양철관이 각각 18억원 등이다. 인수비용이 가장 비싼 상장기업은 삼성전자로 22조5천644억원이 필요한 것으로조사됐으며 다음으로 SK텔레콤 12조2천953억원 한국통신 11조8천324억원 한국전력10조4천16억원 현대전자 4조3천468억원 등의 순이었다. 그룹별 인수비용을 보면 삼성그룹 계열 14개사가 30조5천305억원으로 가장 비쌌으며 SK그룹 계열 9개사가 14조4천33억원 현대그룹 계열 17개사 9조5천94억원 등이고 가장 싼 그룹은 대우로 226억원에 불과했다. 특히 지난해 2조50억원의 당기순이익을 기록한 LG전자의 인수비용이 1조5천884억원에 불과한 것을 비롯해 연간 순이익 규모에도 미치지 못하는 돈으로 기업을 인수할 수 있는 곳이 23개사에 달했다.,https://sports.news.naver.com/news.nhn?oid=001&aid=0000000018,2000.05.01
인터넷 한국오류 찾기대회 개최,서울 연합뉴스 권정상기자 국정홍보처 해외홍보원은 1일 국내 및 해외의 영문 인터넷 사이트에 게시된 한국에 관한 정보중 잘못된 내용을 찾는 한국 오류 찾기대회 를 개최한다고 밝혔다. 국정홍보처 관계자는 인터넷상의 잘못된 정보를 찾아내 시정함으로써 국제사회에 우리나라를 올바르게 알리기 위한 차원에서 이번 행사를 마련했다 고 말했다. 이번 행사는 이달말까지 계속되며 대상 1명 등 총 105명의 입상자를 선정 100만원∼1만원 상당의 상품이 주어진다. 행사 참여 요령은 해외홍보원의 인터넷 홈페이지 www.korea.net 에 자세히 수록돼 있다.,https://sports.news.naver.com/news.nhn?oid=001&aid=0000000019,2000.05.01
클래식 강좌 청소년 클래식 길잡이 개최,서울 연합뉴스 김인철기자 예술의전당후원회는 예모아와 함께 하는 청소년클래식 길잡이 를 오는 12일부터 6월 2일까지 매주 금요일 서울 예술의전당 리사이틀홀에서 개최한다. 청소년 클래식 길잡이 는 강의식 해설을 곁들여 청소년들이 클래식을 쉽게 이해할 수 있도록 꾸민 강좌 프로그램 시리즈. 이번 시리즈에선 음악평론가 한상우의 해설을 곁들여 현악기와 금관악기 목관악기 그리고 피아노와 하프 타악기 등 각 장르를 차례로 무대에 올린다. 연주는 콰르텟노블레스 12일 와 퍼시픽금관5중주단 19일 여음목관5중주단 26일 피아니스트 권정선과 하피스트 나현선 카로스타악기앙상블 6월2일 이 각각 맡는다. 예술의전당 홈페이지 www.sac.or.kr 에서 2일부터 관람 신청을 접수 선착순 200명에 한해 공연을 무료 관람토록 한다.,https://sports.news.naver.com/news.nhn?oid=001&aid=0000000020,2000.05.01
미 대만 패트리어트미사일 실험 고의 지연,홍콩 연합뉴스 홍덕화특파원 대만은 미국에서 패트리어트 미사일을 도입한지 3년이 지났으나 중국과의 담판 카드로 활용하려는 미국의 방해로 발사실험 조차못해 미사일 전력 운용상 문제점이 노출됐다는 주장이 제기됐다. 홍콩 성도일보는 대만 소식통을 인용 인민해방군이 최근 훈련지점을 대만 가까이로 이동시키는 등 군사위협이 날로 점증하고 있음에도 불구 97년 도입한 패트리어트 미사일의 발사 실험도 하지 못했다면서 주요인은 미국이 중국과의 담판카드로이용하기 위해 고의로 발사실험을 지연시킨 데 있다고 논평했다. 한 군부소식통은 패트리어트 미사일이 중국의 저공 미사일 방어에 최후의 수단 이자 전쟁 위협에 시달려 온 대만 국민들에게 심리적 안정을 가져다 준 효과가 있었지만 미국이 일부러 대만의 패트리어트 미사일 발사실험이나 실전배치를 늦추고있다고 강조했다. 소식통은 또 미사일부대가 최근 션지엔 神箭.신의 화살 훈련 중 대만산 지대공 미사일 톈궁 天弓 발사시 제작사인 중산 中山 과학원 제작팀의 기술지도를 받는등 미사일 전력이 진공 상태를 드러냈다고 전하고 이 역시 패트리어트 미사일 발사실험을 지연시킨 원인이라고 설명했다.,https://sports.news.naver.com/news.nhn?oid=001&aid=0000000021,2000.05.01
국립환경연구원 야생곰 가능성 낮아,청주 연합뉴스 박종국.이은중기자 충북 진천에서 발견된 반달곰의 야생 여부에 대해 조사중인 국립환경연구원은 1일 이번에 발견된 곰이 야생 곰일 가능성이낮은 것으로 보고 있다. 반달곰 야생 서식 조사에 나선 국립환경연구원과 학계 관계자들은 이날 반달곰이 출현했다는 진천군 문백면 청계산 해발 180ｍ 일대에 대한 조사를 벌여 곰이 달아나 올라갔다는 신갈나무에서 곰의 발톱자국을 확인했다. 조사팀은 그러나 곰의 배설물 털 등 서식 흔적을 발견하지는 못했다. 이와 관련 현지 조사에 참여한 박시룡 생물학과 교원대 교수는 발견된 곰이새끼 곰이라면 어미 곰과 함께 있어야 하는 데 곰이 발견됐다는 장소는 지리적 조건등을 감안할 때 어미 곰이 살만한 곳으로는 부적합하다 고 말했다. 유병호 국립환경연구원 야생동물과장도 곰이 발견된 지점이 차량 통행이 빈번한 도로에 인접했고 낮은 야산인 점 등을 감안하면 이번에 발견된 곰은 야생 곰이아닌 사육 곰일 가능성이 높다 고 밝혔다. 조사팀은 이날 이 마을 주민 서강복 65 씨가 지난해 10월 새끼 곰을 보았다는제보가 있었다고 밝히고 어미 곰이 활동할 수 있는 서식 조건을 갖추지 못한 만큼지난해 곰 사육장에서 이탈한 새끼 곰이 도토리 등을 주워 먹고 월동했을 가능성이높다 고 덧붙였다. 조사팀은 이에 따라 충북과 경기지역 곰 사육 농가 등을 상대로 지난해 달아난곰이 있는 지 여부에 대해 조사중이다. KBS는 30일 오후 9시 뉴스를 통해 충북 옥천과 영동군 경계의 한 야산에서 생후1년 정도된 반달곰이 서식하고 있는 것이 주민에 의해 발견됐다고 보도했으며 곰 발견 현장이 영동과 옥천 경계지역이 아닌 진천으로 바뀐 것에 대해 KBS는 이 곰을 보호하기 위한 것이라고 밝혔다.,https://sports.news.naver.com/news.nhn?oid=001&aid=0000000022,2000.05.01
군검찰전 공군중위 조사공금 10억 횡령혐의종합,서울 연합뉴스 이 유기자 공군 중앙관리단에서 근무한 공군 김모 28 예비역중위가 현역 시절과 전역후를 합쳐 급여와 수당등 10억원대의 공금을 횡령한 혐의로군 검찰의 조사를 받고 있다. 1일 공군 검찰에 따르면 지난 1월말 제대한 김씨는 공군 중앙관리단에서 회계출납장교로 근무했던 지난해 4월17일 자신이 관리하던 국고수표에서 3천만원 전역후업무 인수인계 과정에서 국고수표 4억1천400만원을 인출 횡령하는 등 모두 17차례에걸쳐 범행을 저지른 혐의다. 지금까지 군 검찰이 확인한 순수 국고손실 예상액은 6억5천400만원이며 앞으로 조사과정에서 10억원대에 이를 것으로 추산된다고 공군 검찰 관계자가 전했다. 군 검찰의 김씨 계좌 추적결과 김씨는 횡령한 금액 대부분을 증권과 선물 투자에 사용한 것으로 드러났다. 이에앞서 군 검찰은 지난달 중순 김씨의 부친으로부터 6억6천700만원을 회수한 것으로 전해졌다. 군 검찰은 김씨에 대해 출국금지 조치를 취하는 한편 조만간 서울지검 서부지청에 수사를 정식으로 의뢰하는 등 사건을 이첩할 방침이다. 또 군 검찰은 김씨가 전역후 업무 인수.인계 과정에서도 거액을 횡령한 사실을 중시 공군 중앙관리단 재무처장 중령 등의 지휘 감독 소홀을 들어 직무유기 혐의로 사법처리하는 방안도 신중히 검토하고 있다. 명문 S대 경영학과 출신으로 공인회계사 CPA 자격증을 갖고 있는 김씨는 전역후 유명 회계법인에 입사 현재 근무중인 것으로 전해졌다. 공군 검찰 관계자는 지금까지 조사결과 김씨외에 공범은 없는 것으로 보인다 며 그러나 김씨의 상급자인 공군 중앙관리단 관계자들의 지휘책임 소홀등 직무유기 부분에 대해서도 수사가 이뤄질 것 이라고 말했다.,https://sports.news.naver.com/news.nhn?oid=001&aid=0000000023,2000.05.01
현대 구조본부장 투자자 피해없는 방안 강구중,서울 연합뉴스 박운영기자 김재수 金在洙 현대 구조조정본부장 현대건설부사장 은 1일 현대투신 정상화 방안과 관련 투자자와 국민들이 우려하지 않을 좋은 방안을 강구중임을 말했다고 현대 고위관계자가 이날 전했다. 김 본부장은 이기호 李起浩 청와대 경제수석이 현대전자 등 현대투신 대주주들의 실권주 인수를 통한 유상증자 참여 방안을 내놓은데 대해 이같은 반응을 보였다고 이 고위관계자는 덧붙였다. 이 관계자는 또 보도 내용만으로는 이 수석의 방안을 정확히 파악할 수 없다 고 전제하면서도 현대전자 등의 유상증자 참여만으로 현대투신 문제를 해결할 경우에는 현대전자 등 증자참여 계열사의 주가하락이 걱정된다 고 말했다. 김 본부장의 발언은 현대전자 현대증권 등 현대 계열사들이 현대투신 유상증자에 참여할 경우 현대전자 등의 주가하락을 우려한 투자자들의 반발과 배임소송 제기가 잇따를 것을 우려한 것으로 풀이된다. 재계 일각에서는 이에따라 현대가 투자자 이익을 보호하기 위해 계열사의 유상증자 참여 규모를 제한하는 한편 오너들의 주식을 담보로 한 금융권의 지원방안 요청을 현대투신 정상화방안에 포함시킬 수도 있을 것으로 전망했다. 현대 관계자는 현대가 현대투신 정상화 방안 발표일을 3 4일로 다소 늦춰 잡은것도 투자자들의 이익을 최대한 보호할 수 있는 묘안을 찾기 위한 시간적 여유가 필요했기 때문 이라고 말했다.,https://sports.news.naver.com/news.nhn?oid=001&aid=0000000024,2000.05.01
신입사원 선발 취소는 정리해고종합,서울 연합뉴스 이충원ㆍ이재훈기자 기업이 신입사원을 선발했다가 IMF사태직후 이를 취소한 것은 정리해고에 해당한다는 판결이 잇따라 나왔다. 서울고법 민사15부 재판장 김동건ㆍ金東建부장판사 는 1일 현대전자에 채용이내정됐다가 취소된 조모씨 등 73명이 현대전자산업㈜을 상대로 낸 소송에서 31명에대해 피고는 원고에게 각각 1천9백여만원을 보상하라 고 판결했다. 하지만 재판부는 회사의 채용내정 취소는 당시 긴박한 경영상 필요등 정리해고요건을 갖춘 만큼 정당한 해고로 보인다 며 채용취소 이후의 종업원 지위는 인정하지는 않았고 나머지 42명에 대해서도 입사지원을 포기하는 대신 위로금을 받고 민. 형사상 법적 청구를 하지 않을 것을 약속하는 입사지원취소 확인서의 효력이 인정된다 며 청구를 기각했다. 재판부는 판결문에서 31명이 작성한 채용연기동의서에는 채용내정의 취소에 대해 소송을 제기하지 않는다는 합의만 있었을 뿐 급여에 대해서는 명시적인 언급이없다 며 1년 이상 기다려도 채용이 되지 않을 경우 생계에 타격을 입을 수 있는 점등을 고려한다면 임금청구권은 해고와 관계없이 당연히 발생하는 권리 라고 밝혔다. 재판부는 또 피고는 채용통보는 채용을 하기 위한 준비행위에 불과하다고 주장하지만 최종합격을 통지한 채용내정통지는 근로계약의 승낙의사를 표시한 것으로 봐야한다 며 최종입사 예정일인 98년 4월부터 채용내정 취소가 있었던 작년 6월까지는 종업원의 지위를 인정해야 한다 고 밝혔다. 한편 서울지법 민사합의42부 재판장 이수형ㆍ李秀衡부장판사 는 이날 일진그룹산하 ㈜일진피사의 신입사원 선발에 합격해 정식 배치를 받았다가 임용계획 취소통보를 받은 윤모씨가 낸 소송에서 피고는 원고가 정식배치를 받은 날로부터 다른 직장을 구하기 전날까지의 기본급과 상여금 등 1천5백여만원을 지급하라 고 판결했다. 재판부는 판결문에서 윤씨가 정식 배치된 시점부터 적법하게 근로계약이 체결됐다고 인정되는 만큼 임용계획 취소통보는 해고에 해당한다 며 피고가 원고를 해고하면서 긴박한 경영상의 필요 등 정리해고 요건을 충족하지 못한 것으로 보인다 고 밝혔다.,https://sports.news.naver.com/news.nhn?oid=001&aid=0000000025,2000.05.01
제49차 IPI총회 개막,뉴욕 연합뉴스 강일중특파원 제49차 IPI 국제언론인협회 연례총회 및 창립 50주년 기념식이 30일 오후 현지시간 미국 보스턴의 올드 사우스 미팅 하우스에서 70여개국 6백여명의 언론인들이 참석한 가운데 개막됐다. 이날 개회식에는 앨 고어 미국 부통령이 참석해 기조연설을 했다. 오는 3일까지 열리는 총회에는 한국에서 방상훈 IPI 한국위원회 위원장 조선일보 사장 을 비롯 김종철 연합뉴스 사장 등 국내 언론계 인사 19명이 참석했다. 이번 IPI 총회에서는 미국 언론의 신뢰성 위기 등 다양한 주제가 논의되며 3일에는 20세기 언론 발전에 크게 기여한 50인의 언론자유영웅 을 선정 발표한다.,https://sports.news.naver.com/news.nhn?oid=001&aid=0000000026,2000.05.01
트라이애슬론 세계챔피언 올리비에 마르소,퍼스 호주 연합뉴스 프랑스인로는 처음으로 트라이애슬론 세계챔피언에 오른올리비에 마르소 27 가 1일 인간의 한계를 뛰어넘는 철인 의 삶에 대해 털어놓았 다. 프랑스 남부도시 니스 출생인 그는 윈드서핑 천국인 퀸즐랜드 남부 골드코스트에서 가진 프랑스 AFP통신과의 인터뷰에서 이번 대회를 위해 3달동안 훈련한 기간이상상할 수 없을 정도로 힘들고 어려웠지만 우승에 결정적인 밑거름이 됐다고 말했다. 2년전 스위스 로잔에서 열린 세계대회에서 8위를 한 것이 최고였던 마르소는 나에게 그 기간은 매우 힘들고 외로웠다 며 가족과 떨어져 음식조절을 했고 매일 오전 5시에 일어나 오후 8시에 잠들며 훈련에만 매달렸다 고 밝혔다. 그는 좋아하는 햄버거 피자 아이스크림 대신 엄청난 양의 야채와 탄수화물만섭취해야 했다 며 가족과 친구들 특히 칸에 있는 여자친구가 미치도록 그리웠다. 고 고백했다. 마르소는 적어도 지금부터 당분간은 수도승 생활이 끝이라고 말하고 1일 니스로돌아가 도와주고 뒷받침해준 모든 이들에게 감사하는 의미에서 꼭 성대한 파티를 열겠다고 다짐했다. 내 인생을 즐기기 위해 새로운 삶을 살고싶다 는 마르소는 솔직히 3달은 훈련할 수 있었지만 1년은 불가능하다. 나도 당분간 보통사람들처럼 살고 싶다 고 지옥훈련에 몸서리를 쳤다. 그는 또 호주는 외부인들에게 환대적이고 따뜻한 나라이긴 하지만 이곳에 있으면서 내가 얼마나 조국을 사랑하는지 알게 됐다. 며 지금 고향으로 간다는 사실에 들떠있다 고 조국에 대한 그리움을 나타냈다. 그에게 지금 던져진 과제는 세계 장거리 트라이애슬론 챔피언십 대회 우승. 오는 6월18일 프랑스 니스에서 열리는 이 대회는 4km 수영 120km 사이클 경기와 30km 장거리달리기로 구성돼 있다. 마르소는 지난 96년과 97년 이 대회에서 2위를 했다. 마르소는 이 대회에 이어 시드니 올림픽 출전을 위해 9월초 호주 동쪽에 있는누벨 칼레도니아 섬에서 마무리 훈련과 마지막 점검을 할 계획이다. 적절한 훈련을 통해 어떤 성과도 거둘 수 있다는 것을 깨달았다는 마르소는 나는 금메달을 따기 위해 시드니에 가는 것이 아니다. 만일 그렇게 된다면 그보다 좋은 일이 없겠지만 금메달을 따지 못한다면 실망할 것이기 때문이다. 며 올림픽에 임하는 심정을 밝혔다.,https://sports.news.naver.com/news.nhn?oid=001&aid=0000000027,2000.05.01
국립환경연구원 야생곰 가능성 낮아종합,진천 연합뉴스 박종국.이은중기자 충북 진천에서 발견된 반달곰의 야생 여부에 대해 조사중인 국립환경연구원은 1일 이번에 발견된 곰이 야생 곰일 가능성이낮은 것으로 보고 있다. 반달곰 야생 서식 조사에 나선 국립환경연구원과 학계 관계자들은 이날 반달곰이 출현했다는 진천군 문백면 청계산 해발 180ｍ 일대에 대한 조사를 벌여 곰이 달아나다 올라갔다는 나무에서 곰의 발톱자국을 확인했다. 조사팀은 또 이 곰이 카메라에 잡힌 지점 아래에 위치한 하천 변에서 이 곰의것으로 추정되는 가검물을 채취 정밀 조사를 벌이는 한편 곰의 발자국을 확인 이곰이 서쪽 능선을 타고 충남 천안시 성환 방면으로 이동한 것으로 추정했다. 이와 관련 현지 조사에 참여한 박시룡 생물학과 교원대 교수는 발견된 곰이새끼 곰이라면 어미 곰과 함께 있어야 하는 데 곰이 발견됐다는 장소는 지리적 조건등을 감안할 때 어미 곰이 살만한 곳으로는 부적합하다 고 말했다. 유병호 국립환경연구원 야생동물과장도 곰이 발견된 지점이 차량 통행이 빈번한 도로에 인접해 있고 낮은 야산인 점 등을 감안하면 이번에 발견된 곰은 야생 곰이 아닌 사육 곰일 가능성이 높다 고 밝혔다. 김명원 국립환경연구원 박사는 곰이 발견된 산 아래 하천 변에서 곰의 가검물이 발견됐고 하천까지 내려온 것을 봤다는 목격자도 있다 며 정황상 본능적으로 사람을 피하는 야생 곰은 아닌 것 같다 고 말했다. 조사팀은 이 날 이 마을 주민 서강복 65 씨가 지난해 10월 이 일대에서 새끼 곰을 보았다는 제보가 있었다고 밝히고 어미 곰이 활동할 수 있는 서식 조건을 갖추지 못한 만큼 지난해 곰 사육장에서 이탈한 새끼 곰이 도토리 등을 주워 먹으면서월동한 것 같다 고 덧붙였다. 조사팀은 이에 따라 충북과 경기지역 곰 사육 농가 등을 상대로 지난해 달아난곰이 있는 지에 대해 조사중이며 이번에 발견된 곰의 행적도 파악중이다. KBS는 30일 오후 9시 뉴스를 통해 충북 옥천과 영동군 경계의 한 야산에서 생후1년 정도된 반달곰이 서식하고 있는 것이 주민에 의해 발견됐다고 보도했으며 곰 발견 현장이 진천으로 바뀐 것에 대해 KBS는 밀렵꾼들로 부터 이 곰을 보호하기 위한것이라고 밝혔다.,https://sports.news.naver.com/news.nhn?oid=001&aid=0000000028,2000.05.01
미 최고연봉 10명중 6명 첨단기업 종사,뉴욕 연합뉴스 미국에서 최고 연봉을 받는 10대 최고경영자 CEO 중 6명이 컴 퓨터 관련 첨단기업에 종사하는 것으로 드러났다. 미국 경제 주간지 포브스는 30일자 최신호에서 지난해 월급 보너스 주식소득을 합해 가장 많은 연봉을 받은 기업 경영자 800명을 선정해 발표했다. 1위는 컴퓨터 어소시이츠 인터내셔널 의 찰스 B. 왕 회장으로 지난해 연봉이 6억5천만달러였다. 그는 지난 98년에는 39위를 기록했었다. 새로 10위권에 진입한 경영자는 파운드리 네트웍스 의 보비 R. 존슨 주니어와아메리카 온라인의 스티븐 M. 케이스로 연봉이 각각 2억3천50만달러 2위 1억1천710만달러 6위 였다. 10위권에 든 다른 최고경영자들은 CBS의 멜 카마진 2억190만달러 갭의 밀러드드렉슬러 1억7천280만달러 시스코 시스템스의 존 T. 체임버스 1억2천170만달러 IBM의 루이스 V.거스트너 주니어 1억720만달러 제너럴 일렉트릭의 존 웰치 주니어 1억69만달러 콜게이트 팜올리브의 루번 마크 9천720만달러 컴퓨웨어의 피터 카르마노스 주니어 8천750만달러 등이었다. 지난해에 최고연봉자로 선정됐던 월트 디즈니의 마이클 아이스너는 5천70만달러로 16위로 밀려났다. 또 지난해 12위에 올랐던 콘세코의 스티븐 C.힐버트 회장은 지난달 28일 지나친사업확장에 따른 경영난조의 책임을 지고 물러났다. 포브스는 이들 고액 연봉에서 월급과 보너스가 차지하는 비율은 23%로 5년전의60%에 비해 크게 감소했으며 나머지는 회사의 주식제공과 스톡옵션권행사에 따른 소득이었다고 전했다.,https://sports.news.naver.com/news.nhn?oid=001&aid=0000000029,2000.05.01
시마네켄독도에 광업허가 및 과세종합,서울 연합뉴스 김태식기자 독도를 자신들의 행정구역에 편입시키고 있는 일본 시마네켄 島根縣 이 1954년 독도 일대에 대한 광업권을 허가했으며 이에대한 세금을 징수해온 것으로 밝혀졌다. 또 독도로 본적을 옮긴 일본인은 97년 12월5일 현재 6가구 7명인 것으로 확인됐다. 이런 사실은 이종학 독도박물관장이 최근 일본 시마네켄의 지난 97년 12월5일자의회 회의록을 입수해 분석함으로써 드러났다. 이 회의록에 따르면 이날 열린 시마네켄 의회 제369회 정례회 定例會 에서 자민당 의원연맹 소속 이오가와 스미히사 五百川順壽 의원이 독도에 대한 일본 국내법의 운용상황에 대한 여러 질의를 한 것으로 나타나 있다. 그런데 이에 대한 답변에서 시마네켄 하라 마사유키 原正之 총무부장은 독도주변지역의 인광석 燐光石 광업권에 대해 97년 현재 1건 2천600아르 are 의 채굴권이 설정돼 있으며 1954년부터 과세가 이뤄지고 있다 면서 그러나 1960년 이후에는 광물 채굴이 불가능한 상황이어서 세금감면을 했다 고 밝혔다. 이런 답변은 시마네켄이 이미 1950년대에 독도를 산하 행정구역 중 하나인 오키군 隱岐郡 고카무라 五箇村 에 제멋대로 편입시킨 것으로 그치지 않고 자기네 영토임을 확실히 하기 위해 광업 채굴권을 내주고 이에 대한 세금까지 받았음을 증명하고 있다는 점에서 충격으로 받아들여지고 있다. 아울러 이 총무부장은 이날 답변에서 고카무라에 독도를 본적으로 하는 상황에대해 조회한 결과 97년 12월 현재 6호적 7명의 호적이 편제돼 있다는 회답을 받았다 고 답변했다. 독도로 일본인이 호적을 옮긴 사실은 비교적 최근에 알려졌으나 구체적인 숫자가 확인되기는 이번이 처음이다. 이와함께 시마네켄은 지방교부세 문제에 대해서는 시마네켄은 보통교부세의 경우 현과 시.정.촌 市町村 의 면적을 측정단위로서 소요 재정수요를 산출하고 있다 면서 고카무라의 면적에는 독도 면적 0.23㎢가 포함돼 있으며 독도의 면적분은 현 및 고카무라의 보통교부세에 산입돼 있다 고 답변한 것으로 이 회의록에는 드러나있다. 이는 시마네켄이 독도에 대한 지방세까지 물리고 있음을 암시하고 있다. 또한 이 회의록에 따르면 이마오카 야스히코 今岡康彦 시마네현 기획부장은 전체가 국유재산인 독도는 지적조사 대상이 아니며 자기공시의 대상이 아니다 고 대답했다. 이런 답변은 97년 당시 한국정부가 독도에 접안시설을 설치하고 완공식을 치른데 이어 이곳이 한국영토임을 확실히 하기 위해 독도에 대한 지가공시를 검토하자이를 우려한 아오가와 시마네현 의원이 이에대한 질의를 함으로써 나온 것이다.,https://sports.news.naver.com/news.nhn?oid=001&aid=0000000030,2000.05.01
백악관 76년 올림픽 유치위해 비밀 공작,워싱턴 연합뉴스 이도선 특파원 미국은 지난 76년 건국 200주년을 맞아 하계올림픽을 로스앤젤레스로 유치하기 위해 지나친 공작을 펼쳤으나 실패했다고 워싱턴포스트가 1일 보도했다. 지난주 비밀 해제된 리처드 닉슨 행정부 당시의 국가 안보 위원회 문서에 따르면 리처드 닉슨 대통령은 헨리 키신저 백악관 안보 보좌관과 국무부에 미 독립 혁명200주년을 맞아 기필코 올림픽을 미국에서 유치할 수 있도록 총력전 에 나서라고지시했다. 미국은 이를 위해 IOC 회의가 열리기 전 2달전부터 모스크바를 선호하는 나라에주재한 미 대사들에게 주재국이 투표에서 기권을 하도록 유도하는 동시 소련에는 80년에 모스크바를 밀어줄테니 76년은 양보하도록 제의했다. 미국은 올림픽 개최 도시 선정에 국가적 차원에서 도움을 주지 않는 올림픽 정신을 위배하면서까지 유치전에 몰두했다. 미국은 외교관들을 통해 IOC 위원들과 은밀히 관계를 맺도록 하는 한편 외국 선수 훈련을 위해 미국 코치를 파견하고 보조금을 제공하는 것까지 마다하지 않았다. 그러나 올림픽 개최지 경선을 며칠 앞두고 베트남전에 따른 국제 여론 악화는미국에 악재로 작용했다. 지난 70년 5월 6일 키신저 보좌관은 최근 동남 아시아 상황으로 로스앤젤레스가 올림픽 유치권을 따내는 것이 어려워질 수 있다 는 보고를받았다. 동남아시아 상황이란 며칠전 미국이 베트남전의 확전을 위해 인접국인 캄보디아를 침공한데 따른 국제 여론의 악화를 간접적으로 빗댄 것이다. 70년 5월12일 암스테르담에서 있은 76년 올림픽 개최 도시 선정을 위한 국제올림픽 위원회 IOC 투표에서 모스크바가 과반수에서 모자라긴 해도 28표로 1위를 차지했다. 반면 로스앤젤레스는 17표밖에 얻지 못해 올림픽 개최 희망 도시중 3위로꼴찌가 돼 결선 투표에도 진출하지 못했다. 결국 캐나다의 몬트리올이 결선 투표에서 어부지리로 올림픽 개최도시로 선정됐다. 닉슨 대통령을 비롯 국가적 차원에서 올림픽 개최를 위해 공작까지 서슴지 않은 미국으로서는 투표 결과로 충격에 휩싸였던 것은 당연한 일이었다고 워싱턴 포스트는 전했다.,https://sports.news.naver.com/news.nhn?oid=001&aid=0000000031,2000.05.01
현대 그룹차원 투신 고강도 자구계획 마련중금감위,서울 연합뉴스 김종현기자 금융감독위원회는 1일 현대그룹이 현대투신 문제해결을 위해 강도높은 자구계획을 마련하고 있다고 밝혔다. 김영재 金暎才 금감위 대변인은 이날 오후 현대그룹이 김재수 구조조정본부장과 이익치 현대증권 회장을 실무 책임자로 강도높은 현대투신 정상화방안을 마련하고 있으며 해외 출장중인 정몽헌 회장이 2일 귀국하는대로 내용을 확정한 뒤 발표하게 될 것이라고 말했다. 김 대변인은 현대가 준비중인 투신 자구계획에 대해 시장이 신뢰할 수 있는 방안 이 될 것으로 보인다며 내부 의견조율이 필요하기 때문에 2일 발표는 어려울 것이라고 설명했다. 그는 현대가 시장이 신뢰할 수 있는 현대투신 경영정상화 방안을 발표하면 정부도 대응책을 내놓게 될 것이라고 덧붙였다. 한편 현대 관계자는 현대투신 정상화 방안 발표일을 3일이나 4일로 다소 늦춰잡은 것은 투자자들의 이익을 최대한 보호할 수 있는 묘안을 찾기 위한 시간적 여유가 필요했기 때문 이라고 말했다. 재계 일각에서는 현대가 투자자 이익을 보호하기 위해 계열사의 유상증자 참여규모를 제한하는 한편 오너들이 현대투신의 실권주 인수에 대거 참여하는 형태로 사재를 출자하거나 보유 주식을 담보로 한 금융권의 지원방안 요청을 투신 정상화방안에 포함시킬 수도 있을 것으로 전망했다.,https://sports.news.naver.com/news.nhn?oid=001&aid=0000000032,2000.05.01
조남기 부주석 휴양차 제주 방문,제주 연합뉴스 이기승기자 한국을 방문중인 중국 정치협상회의 조남기 趙南起 부주석이 1일 오후 제주를 방문했다. 조 부주석은 서귀포시 제주신라호텔에 여장을 풀었으며 2일에는 여미지식물원과분재예술원 제주시 삼성혈 등 주요 관광지를 둘러보는 데 이어 저녁에는 우근민 禹瑾敏 제주지사가 제주KAL호텔에서 여는 만찬에 참석한 뒤 3일 출국할 예정이다.,https://sports.news.naver.com/news.nhn?oid=001&aid=0000000033,2000.05.01
미국 한국 지적재산권 우선감시 대상 지정,서울 연합뉴스 양태삼기자 우리나라가 미국의 스페셜 301조 에 따른 지적재산권 분야에서 우선감시대상국 으로 지정됐다. 외교통상부는 미국 무역대표부 USTR 가 각국의 지적 재산권 분야 평가에서 우리나라를 지난해 감시 대상국 에서 올해 우선 감시 대상국 으로 강화했다고 1일 발표했다. 미국 통상법 182조인 스페셜 301조 는 상품 분야에서의 슈퍼 301조 와 같은방식으로 운영되고 있으며 우선 감시 대상국은 지적 재산권 보호와 시장 접근이 미흡한 수준임을 뜻한다고 외교부는 설명했다. 한국은 지난 89년 이래 우선 감시 대상국으로 2차례에 걸쳐 총 4년간 감시대상국으로도 2차례에 걸쳐 5년간 각각 지정됐었다. 우선 감시 대상국은 즉각적인 협상을 벌여 관세 인하 제도개선 등 조치를 취해야 하는 우선 협상 대상국 과 달리 지정되더라도 즉각적인 영향은 없다고 외교부는설명했다. 외교부는 특히 지적 재산권 보호를 위해 이미 의약품 자료 보호 규정을 약사법에 반영했고 특허 침해 의약품의 취소 규정을 도입해 왔다는 점 등을 강조하면서 미국의 이번 조치에 대해 유감을 표시했다. 미국은 우리나라에 대해 스크린 쿼터 등으로 지적 재산권 분야의 시장 접근이어렵고 저작권의 소급보호기간 연장 의약품 품목허가시 실험자료의 보호문제 약품제조허가시 특허권 침해 여부 등을 문제 삼았다고 외교부는 밝혔다. 특히 작년말 제정된 컴퓨터 프로그램 보호법 이 재판이나 교육 프로그램의 호환을 위해 시도되는 프로그램 분석 기법인 역분석 Decompilation 의 허용범위를모호하게 규정했다는 점이 문제가 됐다고 외교부는 설명했다. 외교부는 역분석 허용 범위를 강화한 관련법 시행령을 개정하는 방식으로 의견을 수렴하고 있으며 이 과정에서 미국과 협의를 진행중이라고 말했다. 한편 지난해 스페셜 301조에 따라 우선 협상 대상국으로 지정된 국가는 없었으나 유럽연합 EU 을 비롯해 인도 러시아 인도네시아 아르헨티나 등 16개국이 우선감시 대상국으로 지정됐다.,https://sports.news.naver.com/news.nhn?oid=001&aid=0000000034,2000.05.01
그루지야 내각 총사퇴,모스크바 연합뉴스 지일우특파원 그루지야 공화국 내각이 1일 총사퇴했다고이타르 타스 통신이 수도 트빌리시발 發 로 보도했다. 이번 내각 총사퇴는 새 대통령 취임 후 2주 내에 새로운 내각을 구성해야 한다는 헌법에 따른 것으로 에두아르드 셰바르드나제 72 대통령은 지난달 초 실시된 대선에서 재선에 성공해 지난달 30일 대통령에 정식 취임했다. 기존 각료 22명의 운명은 아직 확실치 않지만 셰바르드나제 대통령은 앞서 혁명적인 정부개편은 없을 것 이라고 공언했다. 셰바르드나제 대통령은 앞서 지난 9일 대선 1차전에서 79.8%의 압도적인 표를얻어 재선에 성공했다. 그는 지난 95년 그루지야 제1대 대통령에 선출됐으며 이에 앞서 지난 92년 3월부터 그해 10월까지 국가평의회 의장 92년 10월부터 대통령 당선 전까지 사실상 대통령직인 의회의장 국가 수반 직을 역임했다. 한편 그루지야의 일부 좌익 세력은 이날 그루지야가 러시아 벨로루시 연방제 통합안을 검토 이에 가입해야 한다고 촉구했지만 당국의 논평은 나오지 않고 있다.,https://sports.news.naver.com/news.nhn?oid=001&aid=0000000035,2000.05.01
여야 크로스보팅 도입주장 확산,서울 연합뉴스 윤동영기자 16대 국회 개원을 앞두고 의원들이 당론에 얽매이지 않고 소신에 따라 투표하는 크로스보팅 자유투표 의 적용범위를 확대해야 한다는 공감대가 여야 내부에서 확산되고 있다. 이에따라 386세대 당선자 등 여야의 정치신인들이 제기해온 크로스보팅제의 도입 여부가 16대 의정개혁의 핵심과제로 떠오르고 있다. 이 제도가 본격 도입될 경우 그간 당론에 따른 거수기 라는 비판을 면치 못해온 의원들의 위상이 크게 높아지면서 하향식 의사결정이 체질화돼온 정당의 민주화에도 크게 기여할 것으로 기대된다. 민주당 박상천 朴相千 총무는 1일 자유투표제 도입 논의와 관련 민주당은 앞으로 국회에서 당론에 따라 투표해야 할 대상을 한정하고 크로스보팅 범위를 확대할것 이라고 말했다. 박 총무는 이날 확대간부회의에서 최근 386세대 당선자 등이 제기하고 있는 크로스보팅 주장에 대해 긍정적 견해를 밝히면서 크로스보팅은 전자투표를 통해 각자의 투표내용을 국민에게 확실하게 알려야 한다 고 강조했다. 그는 그러나 당론이 정해지면 당론에 따르는 게 정당정치의 근간 이라며 제한적인 도입을 검토할 뜻을 시사했다. 한나라당 이부영 李富榮 총무도 크로스보팅은 3김정치를 극복하기 위한 핵심사항으로 지역정치 보스정치를 이겨내는 과정에서 꼭 필요한 조치이므로 가급적 확대될 수 있도록 노력해야 한다 고 말했다. 그는 또 정치쟁점 관련 사안은 당의 존립과 관련된 것이므로 당론에 따른 투표가 불가피하다 고 지적했다. 이처럼 여야를 막론하고 정치쟁점 사안에 대해서는 당론에 따른 투표가 불가피하다는 입장을 고수하고 있어 크로스보팅과 당론투표를 어느 경우에 합리적으로 적용하느냐가 이 제도 정착의 열쇠가 될 전망이다. 이와관련 16대 국회 원구성을 위해 국회의장 경선이 실시될 경우 크로스보팅이이뤄질 지 여부가 이 제도의 본격적인 도입을 가늠하는 척도가 될 것이라는 견해가대두되고 있다. 이에앞서 민주당 김근태 金槿泰 지도위원은 전날 크로스보팅 적용범위와 관련해 원칙적으로 법안.결의안에 대한 찬반을 국민대표인 의원 개개인들의 선택에 위임하되 당론투표가 필요할 때에는 사전에 각 정당의 의총에서 자유토론을 거쳐 결의하는 방안을 제시했다.,https://sports.news.naver.com/news.nhn?oid=001&aid=0000000036,2000.05.01
수도권 거주 10명중 7명이 컴퓨터 사용,서울 연합뉴스 김성용기자 서울 및 수도권 거주자 10명중 7명꼴로 컴퓨터를사용하고 있으며 주당 평균 사용 시간은 9.5시간인 것으로 조사됐다. 1일 제일기획에 따르면 서울.수도권 거주 남녀 700명을 대상으로 실시한 설문조사 결과 남성은 82% 여성은 57%가 컴퓨터를 사용한다고 응답 평균 70%가 컴퓨터를사용하는 것으로 집계됐다. 컴퓨터 사용자중 직업별로는 대학생이 96%로 가장 높았고 고등학생 95% 사무직 91% 생산직 52% 자영업 43% 전업주부 30% 등 순으로 나타났다. 주당 컴퓨터 사용 시간은 20대가 12.1시간 30대 9.9시간 15 19세가 8.4시간 40 59세가 7.4시간 등이었다. 컴퓨터 용도는 인터넷이 56.3%로 가장 많았고 문서작성 53.9% 오락.게임 49.9% PC통신 27.7% 등으로 나타났다.,https://sports.news.naver.com/news.nhn?oid=001&aid=0000000037,2000.05.01
몽골 구제역으로 1일부터 계엄령종합,베이징 연합뉴스 이상민특파원 중국 북부와 긴 국경선을 맞대고 있는 몽골공화국에 구제역이 널리 퍼져 도르노고비성 省 에 1일자로 계엄령이 내려졌다고 신화통신이 몽골 통신을 인용 울란바토르발로 보도했다. 계엄령 선포에 따라 이날부터 사람 차량 동물들의 이 지역 통행이 전면적으로금지됐으며 방역당국은 이 병이 다른 나라들로부터 감염됐는지 조사중이다. 현재까지 도르노고비성에서 구제역에 전염된 가축은 약 4천마리이며 이 병으로폐사한 가축은 49마리로 잠정 집계됐다. 구제역은 이 성에서 최근 발생해 급속도로번졌다. 몽골공화국은 최근 한국 중국 일본을 여러차례 강타한 황사의 최대 진원지이기도 해 한국으로의 확산도 우려되고 있다.,https://sports.news.naver.com/news.nhn?oid=001&aid=0000000038,2000.05.01
제49차 IPI총회 언론자유 실현 다짐종합,뉴욕 연합뉴스 강일중특파원 제49차 IPI 국제언론인협회 연례총회 및 창립 50주년 기념식이 30일 오후 현지시간 미국 보스턴의 올드 사우스 미팅 하우스에서 70여개국 6백여명의 언론인들이 참석한 가운데 개막됐다. 오는 3일까지 계속되는 총회에는 한국에서 방상훈 IPI 한국위원회 위원장 조선일보 사장 을 비롯 김종철 연합뉴스 사장 등 국내 언론계 인사 19명이 참석했다. 앨 고어 미국 부통령은 개막식 기조연설을 통해 IPI 창립 50주년을 축하하고 미국은 IPI와 함께 민주주의가 정착되지 못한 국가들의 언론자유 실현을 위해 노력할 것 이라고 다짐했다. 오는 11월 대통령 선거에 민주당 후보로 나서는 고어 부통령은 전세계 문제를군사 개입 상황에 도달하기 전에 해결하는 전향적 개입 Forward Engagement 을 외교정책의 근간으로 삼을 것이라고 밝혔다. 고어 부통령은 특히 한반도 문제와 관련 한국에 대한 안보공약을 준수하면서북한에 대해선 창의적 외교정책 을 펴 나갈 것이라고 말했다. 이번 IPI 총회에서는 미국 언론의 신뢰성 위기 등 다양한 주제가 논의되며 인터넷 등 사이버 공간에서 자행되는 모든 형태의 언론 간섭 및 규제에 반대하는 내용의결의도 채택할 예정이다. IPI는 또 폐막일인 3일 20세기 언론 발전에 크게 기여한 언론자유영웅 50인 을선정 시상식을 가질 예정이며 우리나라에서는 고 故 최석채 崔錫采 선생이 선정됐다.,https://sports.news.naver.com/news.nhn?oid=001&aid=0000000039,2000.05.01
슈뢰더 비자금스캔들 조사위 소환 위기,베를린 연합뉴스 송병승 특파원 게르하르트 슈뢰더 독일 총리가 정치권의 비자금을 조사하고 있는 의회 특별조사위원회에 소환당할 위기에 처하고 있다고 독일신문 디 벨트가 1일 보도했다. 이 신문은 기민 기사당 원내 교섭단체 지도부의 말을 인용 사민당이 투자기업으로터 들어온 거액의 이익 배당금을 회계보고서에 고의로 누락시켜온 행위는 정당법은 물론 헌법을 위반한 것이라고 지적하고 그 책임은 사민당 당수인 슈뢰더 총리에게 있다고 주장했다. 의회 특별조사위원회의 기민 기사당 대표인 안드레아스 슈미트 의원은 지난 98년 총선에서 사민당은 공식 당 자금이 아닌 비자금을 사용했다고 주장하고 사민당의총체적인 자금 비리를 조사하기 위해서는 슈뢰더 총리를 증인으로 소환하는 것이 불가피하다고 강조했다. 또 기민당의 한스 헤르버트 폰 아르님 재정담당은 사민당이 언론 출판 기업에약 5억마르크 상당의 지분을 보유하고 있으나 당 재산으로는 겨우 1천200만마르크밖에 신고하지 않았다고 말하고 이는 정당 재정의 투명성을 요구하고 있는 헌법을정면으로 위반하는 것이라고 지적했다사민당은 지난 98년 회계 보고서에서 당이 지분을 보유하고 있는 독일인쇄출판회사 DDVG 의 이익 배당금 1천840만마르크 약 100억원 를 고의로 누락시켜 비자금으로 유용한 혐의를 받고 있다. 기민당의 비자금 스캔들에 대해 강력한 비난과 함께 철저한 조사를 요구한 바있는 사민당이 비자금을 조성한 의혹을 사고 있는데 대해 사민당의 이중 도덕 을비난하는 여론이 일고 있다. 이에 따라 현재 기민당 비자금을 조사하고 있는 의회 특별조사위원회가 사민당도 조사 범위에 포함시켜야 하며 정치자금 비리에 대한 제재 권한을 갖고 있는 하원은 기민당에 추징금을 부과한 것 처럼 사민당에도 재정적 제재를 가해야 한다는 주장이 제기되고 있다. 사민당은 중앙당과 지방당이 여러개의 언론 출판 사업체를 보유하고 있어 정치적 편향 보도의 문제점이 제기되고 있을 뿐 아니라 이들 기업의 수익금 처리에 대한논란이 벌어지고 있다.,https://sports.news.naver.com/news.nhn?oid=001&aid=0000000040,2000.05.01
인니 검찰 수하르토 자산 압류,자카르타 연합뉴스 인도네시아 검찰은 1일 수하르토 전대통령의 2번째 자선 재단에 대해 부패 혐의 조사의 일환으로 자산을 압류하기 시작했다. 법무장관 대변인인 유샤르 야히아는 이날 기자회견에서 검사들이 다르마이스 재단의 서한과 문서를 압류했다고 밝혔다. 앞서 지난주에도 법무장관실은 수하르토의 다른 재단에 대해 법원의 허가를 받아 압류 조치에 들어간 바 있다. 수하르토 일가는 지난 32년간의 철권 통치 기간중 수십억달러의 재산을 부정축재한 혐의를 받고 있다. 올해 78세인 수하르토는 현재 자카르타를 떠나는 것이 금지돼있으며 야히아 대변인은 검찰이 도시 연금 명령을 연장시킬지 여부를 내일 결정한다 고 전했다. 그러나 그의 건강악화 때문에 부패 사건 조사 일정이 지장을 받고 있다.,https://sports.news.naver.com/news.nhn?oid=001&aid=0000000041,2000.05.01
하이더 당수직 공식 사임,빈 연합뉴스 오스트리아의 극우정당인 자유당의 외르크 하이더 50 당수가 1일당수직에서 공식 물러나고 수잔네 리스 파서 부총리가 승계했다. 하이더는 이날 오후 자신이 주지사로 있는 케른텐주 州 의 주도 클라겐푸르트에서 열린 당 대회에서 14년만에 당수직을 사임했다. 하이더는 이미 지난 2월 사임을발표했었다. 하이더는 라디오 케른텐과의 회견에서 당수직을 물러나게 된 것에 대해 전혀슬픔을 느끼지 않고 있다 면서 무명의 정당이던 자유당이 14년만에 오스트리아 제2의 정당으로 발돋움한 것이 자랑스럽다 고 말했다. 그는 또 유럽의 다른 당들과는 달리 자유당이 걸어온 길은 한편의 성공신화 라면서 어떠한 흔적조차 남기지 못한 채 은퇴하는 정치인들이 많지만 자신의 경우는전혀 다르다고 자평했다. 하이더는 과거 나치 성향의 발언으로 여러차례 물의를 빚었으며 지난 2월 자유당이 보수 인민당 주도의 연립정부에 참여하면서 세계 각국의 강력한 반발을 초래했다. 유럽연합 EU 일부 국가들은 자유당의 연정 참여에 반발 제재조치를 부과했다.,https://sports.news.naver.com/news.nhn?oid=001&aid=0000000042,2000.05.01
아시아.유럽 노동절 시위종합,도쿄.모스크바.런던.베를린 연합뉴스 아시아 및 유럽 각국의 노동자들은 1일 노동절을 맞아 실업률 해소 및 최저임금 보장 근로조건 개선을 요구하며 대규모 시위를 벌였다. 이번 노동절 시위는 큰 불상사 없이 비교적 조용하게 치러졌으나 필리핀과 독일에서는 시위대와 경찰이 충돌 여러명이 부상했다. 근래들어 4.9%라는 사상 최고치의 실업률을 기록하고 있는 일본의 노동자 170만여명은 일본노동조합총연합회 連合 주최로 전국 1천여곳에서 열린 노동절 집회에서경제회복을 위한 강력하고 효율적인 정책 을 마련해 줄 것을 정부에 요구했다. 노동자들은 경제회복 및 고용활성화를 위해서는 이제 새 정부가 필요하다면서이번 노동절 집회에 참석하지 않은 마키노 다카모리 牧野隆守 노동상의 즉각 해임을 촉구했다. 일본에서는 지난 84년이후 노동상이 관례적으로 노동절 집회에 참여해왔다. 러시아 노동자 2만5천여명도 형형색색의 깃발을 휘날리며 트베르스카야 거리를따라 모스크바 시청 광장까지 행진한 뒤 기념식을 갖고 최저임금 보장법안 도입 및연금제도 개혁을 요구했다. 캄보디아에서는 대부분 젊은층으로 이뤄진 공장 노동자 4천여명이 수도 프놈펜에서 노동환경 개선과 임금인상을 촉구하며 가두시위를 벌였다. 이들은 현 정부가주당 노동시간을 48시간에서 44시간으로 단축하고 최저임금을 40달러에서 70달러로인상해야 한다고 주장했다. 말레이시아 노동자 2천여명도 최저임금 보장 등 7개항의 요구사항을 제시했으나마하티르 모하마드 총리에 의해 곧바로 거부당했다. 마하티르 총리는 최저임금을 인상할 경우 국제경쟁력을 저하시키는 결과만 초래하게 된다면서 노동자들의 요구를단호히 묵살했다. 필리핀에서는 돌을 던지며 말라카낭 대통령궁으로 진출하려는 수백명의 좌익 시위대를 경찰이 물대포를 쏘며 강제 해산했으며 이 과정에서 시위대 여러명과 소방대원 1명이 부상했다. 경찰은 시위를 주도한 노동자 7명을 전격 체포했다. 이밖에 인도네시아와 홍콩에서도 부당해고 철회와 임금인상 근로조건 개선 등을 요구하는 수천 수백명 단위의 소규모 시위 및 집회가 이어졌다. 스리랑카에서는AK 47 소총 등으로 중무장한 7천여명의 경찰병력이 수도 콜롬보로 통하는 접근도로를 전면 봉쇄하는 바람에 노동절 집회가 아예 열리지 못했다. 대만 臺灣 에서는 정부의 간섭을 받지 않는 사상 최초의 자치 노동조합연맹이탄생 노동절의 의미를 되새겼다. 천수이볜 陳水扁 총통 당선자도 이달 20일 취임이후 새로 결성된 대만노동조합연맹 TFTU 을 공식 인정할 것이라고 밝혔다. TFTU는18개의 노동조합 25만명의 노동자로 구성됐다. 유럽의 노동절도 일부 국가를 제외하고는 평온한 분위기속에 치러졌다. 영국 노동자들은 이날 집회에서 다른 어떠한 문제보다도 위기에 처한 로버 자동차의 생존방안 마련을 촉구했다. 노동자들은 마지막 보루 영국 컨소시엄 피닉스가 BMW에서 로버를 인수할 수 있도록 현 노동당 정부가 피닉스에 공적자금을 과감히 지원해 줄 것을 요구했다. 독일 베를린에서는 약 500명의 극우 청년들이 경찰의 삼엄한 경계속에 반 反 외국인 슬로건 이 적힌 플래카드를 휘두르며 정부의 외국인 정보통신 전문가 유입정책을 강력히 비판했다. 전날 밤 함부르크에서는 은행 건물에 돌을 던지는 노동자들을 경찰이 물대포를 쏴 해산하는 과정에서 경찰 16명이 부상하고 시위대 약 100명이 체포됐다. 이탈리아 노동조합들은 교황 요한 바오로 2세가 마련한 특별의식을 배려 노동절 집회를 전면 취소했다. 이탈리아에서 노동절 집회가 열리지 않은 것은 54년 이탈리아 역사상 처음이다.,https://sports.news.naver.com/news.nhn?oid=001&aid=0000000043,2000.05.01
중 외교부장 오는 10일 방일,도쿄 연합뉴스 이홍기 특파원 중국의 탕자쉬앤 唐家璇 외교부장이 오는 10일부터 13일까지 일본을 방문한다고 고노 요헤이 河野洋平 외상이 1일 밝혔다. 중국 외교부장이 단독으로 일본을 방문하기는 지난 96년 3월이후 처음이다. 탕 부장은 고노 외상과 외무장관 회담을 갖고 양국 관계 개선방안과 국제 정세등에 대해 의견을 나누는 한편 모리 요시로 森喜朗 총리 등 각당 지도자들과도 만날 것으로 알려졌다. 싱가포르를 방문중인 고노 외상은 이날 기자회견에서 일.중관계와 국제정세 등에 관해 기탄없이 의견을 교환하고 싶다 면서 7월의 오키나와 沖繩 G 8 주요 8개국 정상회의에서 논의될 의제에 대해서도 설명 중국측의 의견을 듣게 될 것이라고 밝혔다.,https://sports.news.naver.com/news.nhn?oid=001&aid=0000000044,2000.05.01
GM 대우차 단독 인수 입장 재확인,서울 연합뉴스 노효동기자 미국 제너럴 모터스 GM 는 1일 대우자동차를 단독 인수하겠다는 입장을 재확인하는 한편 오는 9일 잭 스미스 GM 회장의 방한을 계기로 대우차 인수를 본격화할 계획이라고 밝혔다. 루돌프 슐레이스 GM 아시아.태평양담당 총괄사장은 2000 수입자동차 모터쇼 를이틀 앞둔 이날 오후 서울 하얏트 호텔에서 언론설명회를 갖고 대우차 인수를 위해국내외 업체와 컨소시엄을 구성하는 방안을 고려하고 있지 않다 고 밝혔다. 슐레이스 사장은 이어 현대가 해외업체와 제휴해 대우차 입찰에 참여할 움직임을 보이고 있는데 대해 현대의 국내시장 점유율을 감안할 때 독점 논란이 발생할소지가 있다 고 지적했다. 그는 이와함께 대우차 노조의 해외매각 반대 움직임과 관련 우선협상 대상자로 지정된 후 노조에게 고용유지 문제를 포함한 인수후 사업계획을 설명한다면 노조가 더이상 반대하지 않을 것으로 믿는다 고 말했다. 앨런 패리튼 아.태지역 전략적 제휴 본부장은 GM이 대우차 인수시 채권단에 30%의 지분을 배정할 것이라는 일부 보도에 대해 모든 가능성은 열려 있으며 30% 이상일 수도 이하일 수도 있다 며 그러나 이 자리에서 구체적인 답변을 하기는 곤란하다 고 강조했다. 패리튼 본부장은 또 대우차 인수예상 가격을 묻는 질문에는 답변하기 곤란하다 고 말했다. 최근 GM의 최고경영자 CE0 로 내정된 릭 왜고너 사장은 이날 미국현지에서 화상메시지를 보내 대우는 GM의 글로벌 전략상 매우 중요하며 GM과 대우의 결합이 양측으로서는 최선책 이라며 대우를 아시아지역의 자동차 엔지니어링 중심기지로 육성할 계획도 갖고 있다 고 말했다. 한편 잭 스미스 GM 회장은 오는 9일과 10일 방한 정부관계자와 대우 구조조정협의회 관계자들을 만나 대우차 인수의 필요성을 홍보하고 수입차 모터쇼에도 참가할 예정이라고 GM은 밝혔다. GM측은 스미스 회장이 김대중 대통령을 방문할 지 여부에 대해서는 여러가지방안을 검토하고 있으나 당장 답변하기는 곤란하다 고 말했다. GM은 최근 앨런 패리튼 아.태지역 전략적 제휴본부장을 팀장으로 북미 남미 아프리카 등 세계 각지의 인수합병 M A 전문가들로 대우차 인수 추진팀을 구성했으며 대우차 국내외공장에 대한 실사를 마치고 금명간 대우 구조조정협의회로 부터결합재무제표 등 재무자료를 전달받을 예정이다.,https://sports.news.naver.com/news.nhn?oid=001&aid=0000000045,2000.05.01
시위현장 화염병 1년만에 등장,서울 연합뉴스 조채희기자 시위현장에서 자취를 감췄던 화염병이 1년만에다시 모습을 드러냈다. 전국학생협의회 소속 대학생 1천3백여명은 1일 오후 7시40분께부터 오후 9시20분께까지 고대 정문앞에서 경찰을 향해 화염병 6백70여개와 돌멩이 5백여개를 던지며 시위를 벌였다. 이들은 이에 앞서 오후 1시10분께 서울 성북구 안암로터리를 출발해 종묘공원노동절 기념집회에 참석하려다 경찰의 저지를 당하고 1백30여명이 연행되자 이에 항의 길에 드러눕는 등 시위를 벌이기도 했다. 시위현장에서 화염병이 등장한 것은 지난해 4월26일 서울대에서 있었던 서울지하철공사 농성때로부터 거의 1년만이다. 경찰은 오후 10시 현재까지 경력 27개 중대를 고대 정문과 남종.신제기.안암로터리 주변에 배치해 만약의 사태에 대비했으나 최루탄을 쏘지는 않았다. 한편 전학협 소속 대학생과 민주노총 조합원 등으로 구성된 민중연대 투쟁준비위 공동대표 오세철 는 이날 오전 종묘공원에서 집회를 갖고 주5일 근무제 쟁취 신자유주의 분쇄 민중생존권 쟁취 등을 결의했다.,https://sports.news.naver.com/news.nhn?oid=001&aid=0000000046,2000.05.01
日총리 6월 25일 총선 시사,로마 연합뉴스 모리 요시로 森喜朗 일본 총리는 1일 다음 달 25일 총선을 실시할 것임을 시사했다고 지지 時事 통신이 보도했다. 이탈리아를 방문중인 모리 총리는 이날 로마에서 일본 기자단과 가진 간담회에서 오는 6월 25일 총선을 실시하자는 방안이 자민당내에서 부상하고 있는데 대해 매우 현명한 생각 이라고 밝혔다고 통신은 전했다. 모리 총리는 오는 7월 21 23일 오키나와 沖繩 에서 개최되는 주요국 G 8 정상회담에 앞서 관련국 정상들을 만나 현안을 논의하기 위해 지난 28일 러시아를 시작으로 해외 순방길에 올랐다.,https://sports.news.naver.com/news.nhn?oid=001&aid=0000000047,2000.05.01
북 일본 과거범죄 정부 공식사죄 거듭 요구,서울 연합뉴스 심규석기자 북한은 1일 일본의 과거범죄에 대한 사죄가 어떻게 이뤄지는가에 따라 북.일 관계의 향방이 좌우될 것이라고 강조했다. 북한 평양방송은 이날 논평에서 북.일 관계의 본질은 일본의 과거범죄 청산이이뤄진 후 선린관계를 발전시켜 나가는 것으로 이러한 입장에서 양보란 있을 수 없다면서 이같이 주장했다. 평양방송은 이어 정치적인 공식사죄가 이뤄지기 위해서는 일본의 최고위 당국자가 정부를 대표해 공식 사죄해야 하며 북.일 관계정상화 문건에 명기해야 되는 것은물론 일본 국회의 사죄 결의도 채택돼야 한다고 말했다. 방송은 특히 두리뭉실한 사죄는 백번 해도 소용이 없다 고 지적한 후 일본은자신을 위해서라도 하루빨리 성실한 사죄를 하는 것이 좋을 것 이라고 충고했다.,https://sports.news.naver.com/news.nhn?oid=001&aid=0000000048,2000.05.01
미 북한 13년째 테러지원국 지정1보,워싱턴 연합뉴스 이도선특파원 미국은 1일 북한을 비롯한 7개국을 테러지원국으로 다시 지정했다. 북한은 이로써 13년째 테러지원국의 굴레에서 벗어나지 못했으나 미국은 북한이최근 모든 종류의 테러를 비난하는 긍정적인 성명들을 발표했다고 평가해 북한의 추가 조치에 따라 금명간 테러지원국 명단에서 제외될 수도 있음을 강력히 시사했다. 미국 국무부는 1일 연례 세계 테러보고서를 발표하고 북한과 함께 쿠바 이란 이라크 리비아 수단 시리아 등 7개국을 테러지원국으로 다시 지정했다. 이들 7개국은 지난 93년 이후 변동이 없으며 북한은 지난 87년 김현희 金賢姬 가 연루된 대한항공 KAL 기 폭파사건이 발생한 직후인 88년1월 명단에 올랐다. 모두 107쪽으로 된 보고서는 이들 국가가 테러분자들에게 은신처를 제공하거나외국의 테러집단과 연루돼 있기 때문에 재지정됐다고 밝혔다. 보고서는 북한이 지난 70년 일본항공 JAL 기를 평양으로 납치한 적군파 요원들에게 피난처를 제공하고 있으며 지난해에는 태국 주재 외교관의 망명을 막으려고 그의 아들을 2주일동안 억류했다고 지적했다. 보고서는 또 일부 증거는 북한이 지난해 직간접적으로 테러 집단에 무기를 판매했음을 시사하고 있다고 밝혔다.,https://sports.news.naver.com/news.nhn?oid=001&aid=0000000049,2000.05.01
미 북한 13년째 테러지원국 지정종합,이 기사는 2일 오전 1시 30분 이후 사용할 수 있습니다. 워싱턴 연합뉴스 이도선특파원 미국은 1일 북한을 비롯한 7개국을 테러지원국으로 다시 지정했다. 북한은 이로써 13년째 테러지원국의 굴레에서 벗어나지 못했으나 미국은 북한이최근 모든 형태의 테러를 비난하는 긍정적인 성명들을 발표했다고 평가 북한의 추가 조치에 따라 금명간 테러지원국 명단에서 제외될 수도 있음을 강력히 시사했다. 미국 국무부는 1일 연례 세계 테러보고서를 발표하고 북한과 함께 쿠바 이란 이라크 리비아 수단 시리아 등 7개국을 테러지원국으로 다시 지정한다고 밝혔다. 이들 7개국에 대한 테러지원국 지정은 지난 93년 이후 변동을 보이지 않고 있으며 북한은 지난 87년 김현희 金賢姬 가 연루된 대한항공 KAL 기 폭파사건이 발생한 직후인 88년1월 명단에 올랐다. 모두 107쪽으로 된 보고서는 이들 국가가 재지정된 주요 이유로 테러분자들에게은신처를 제공하거나 외국의 테러집단과 연루돼 있는 점을 들었다. 보고서는 북한이 지난 70년 일본항공 JAL 기를 평양으로 납치한 적군파 요원들에게 피난처를 제공하고 있으며 지난해에는 태국 주재 외교관의 망명을 막으려고 그의 아들을 2주일동안 억류했다고 지적했다. 보고서는 아울러 북한이 지난해 직간접적으로 테러집단에 무기를 판매했음을 시사하는 일부 증거가 있다고 밝혔다. 보고서는 특히 중동과 함께 처음으로 남아시아를 국제 테러의 온상으로 꼽고 카슈미르 테러리스트들을 감싸고 있는 파키스탄과 사우디아라비아 출신 테러리스트 오사마 빈 라덴 등에게 은신처를 제공하고 있는 아프가니스탄을 강력히 비난했다. 미국은 그러나 파키스탄은 전통적인 우방이고 아프가니스탄은 아직 국가로 인정하지 않고 있다는 이유로 테러지원국 명단에 추가로 올리지는 않았다. 보고서는 이어 지난해 전세계에서 발생한 국제 테러는 392건으로 98년의 274건보다 43%나 늘었으나 희생자는 사망 233명 부상 706명으로 전년의 사망 741명 부상 5천952명에 비해 현저히 감소했다고 밝혔다.,https://sports.news.naver.com/news.nhn?oid=001&aid=0000000050,2000.05.02
교황 노동절 맞아 세계화의 위험 경고,로마 연합뉴스 교황 요한 바오로 2세는 1일 노동절을 맞아 전세계 노동자를 위한 특별 미사를 집전한 자리에서 세계화의 위험을 경고했다. 교황은 이날 미사에서 신 기술과 전세계적인 컴퓨터 통신으로 새로운 발전의가능성이 열리고 있으나 아울러 새로운 문제도 속출하고 있다 고 지적했다. 교황은 실업과 소수파에 대한 착취 저임금과 같은 현실이 엄연히 지속되고 있으며 일부 세계에서 상황은 더욱 악화되고 있다 고 우려했다. 교황은 부자 나라들이 가난한 나라의 부채를 탕감해 주는 것만이 많은 문제를해결하는 데 도움을 줄 수 있다고 강조했다. 로마 교외의 한 대학 캠퍼스에서 열린 이날 특별 미사에 앞서 세계적인 테너 안드레아 보첼리는 전날밤 부친사망에도 불구하고 예정대로 콘서트를 진행해 갈채를받았다. 통상 로마의 노동절 행사는 시내 중심가에서 열렸으나 올해 행사는 새천년을 특별히 기념하려는 교황청의 간곡한 요청으로 교외에서 열렸다. 이탈리아의 최대 노동단체는 이번 행사와 관련해 전통적으로 개최하던 대중집회와 노동자를 위한 콘서트를 포기한 바 있다.,https://sports.news.naver.com/news.nhn?oid=001&aid=0000000051,2000.05.02
UNHCR 중국의 탈북자 강제송환 조사착수,제네바 연합뉴스 오재석특파원 유엔난민고등판무관실 UNHCR 은 중국의 탈북자강제송환과 관련한 위싱턴포스트지의 보도내용을 일부 확인하고 베이징 北京 주재사무소를 통해 진상조사에 착수할 것으로 알려졌다. 제네바 주재 유엔유럽본부의 한 소식통은 1일 UNHCR이 내부 소식통을 통해 위싱턴포스트의 보도를 확인했으며 베이징 주재 사무소가 진상조사에 나설 예정인 것으로 알고 있다 고 전했다. 이 소식통은 그러나 워싱턴포스트의 보도내용과는 달리 탈북자와 중국 수용소경비대와의 충돌은 4월18일에 발생했으며 강제송환은 다음날인 19일에 이뤄진 것으로 파악됐다 며 강제송환된 탈북자의 수도 50명인 것으로 알고 있다 고 말했다. 이 소식통은 북한에 송환된 50명중에는 폭동가담자를 포함해 다른 수용소에 있던 탈북자도 포함된 것으로 보인다 고 덧붙였다. 이 소식통은 UNHCR의 대응과 관련해 강제송환된 탈북자가운데 난민의 지위가부여돼야 할 사람이 있다면 중국정부를 상대로 조치를 취할 수 있을 것 이라고 말했다. 앞서 UNHCR는 지난 1월 중순 중국이 탈북자 7명을 러시아로부터 인도받아 북한에 송환한데 대해 이들 탈북자를 국제협약에 의한 난민으로 인정하고 중국의 송환조치에 유감을 표시했으나 중국당국은 난민지위를 부여하는데 신중을 기할 것을 촉구하는 등 탈북자 처리에 이견을 보여왔다.,https://sports.news.naver.com/news.nhn?oid=001&aid=0000000052,2000.05.02
WTO 개도국 UR 이행문제 특별회의 설치합의,제네바 연합뉴스 오재석 특파원 세계무역기구 WTO 는 뉴라운드 무역협상의출범을 위한 선.후진국간 신뢰구축 조치의 일환으로 개도국의 우루과이라운드 UR 협정 이행문제를 논의하기 위한 별도의 특별회의 설치에 합의한 것으로 1일 알려졌다. WTO는 이 특별회의를 통해 개도국의 UR협정 이행기간 연장문제를 비롯해 대 對 선진국 시방개방을 위한 섬유협정 개정요구 등을 협의해나가기로 의견을 모았다고한 소식통은 전했다. WTO는 3일 오전 현지시간 올들어 두번째 일반이사회를 열어 이같은 방침을 정하는 한편 최빈개도국 LDC 에 대한 무관세 조치 등 시장접근 개선방안 대 對 개도국 기술협력 지원사업 강화 WTO의 제도개선 대책 등 신뢰구축 문제에 관해 논의할 예정이다. WTO는 비공식 협의과정에서 개도국에 대한 기술협력지원을 강화하기 위해 선진국들이 일정한 자금을 출연한다는 원칙에는 의견을 모았으나 이를 WTO 정규예산에반영하자는 개도국의 주장과 자발적인 기여금으로 충당해야 한다는 선진국의 입장이맞서 결론을 내리지 못한 것으로 전해졌다. 또한 WTO 의사결정 구조개선 등 제도개혁에 대해서는 이를 중요한 의제로 설정해 논의를 계속해나가자는 선에서 입장을 정리해 뚜렷한 절충점을 찾지 못한 것으로알려졌다. 그러나 앞서 미국 일본 캐나다 유럽연합 EU 이 합의한 최빈개도국에 대한 무관세 조치에 관해서는 선진국들이 거의 모든 수입품목을 대상으로 이를 실시하는 한편 개도국들의 적극적인 동참을 권유하는 선에서 의견을 모았다고 이 소식통은 덧붙였다.,https://sports.news.naver.com/news.nhn?oid=001&aid=0000000053,2000.05.02
WTO 영종도 신공항 공사 트집 美 제소 기각,제네바 연합뉴스 세계 무역 기구 WTO 는 한국이 인천 국제 공항 영종도 신공항 공사를 발주하는 과정에서 WTO 규정을 위반했다는 미국의 제소를 기각했다. WTO 패널은 1일 발표한 보고서에서 한국이 인천 국제 공항 입찰 과정에서 외국회사들에게 동동한 대우를 하도록 돼 있는 WTO 정부 조달 협정 GPA 을 위반했다는미국측의 주장에 대해 한국측의 조치는 법적으로 하자가 없다고 판결했다. 보고서는 구체적으로 신공항 건설을 맡고 있는 인천 국제 공항 공사가 WTO GPA의 적용을 받는 기관이라는 미국측의 주장을 일축 인천 공항 공사는 GPA 부속서 상의 양허 기관에 포함돼 있지 않기 때문에 GPA 적용 대상이 아니라는 한국 정부의 입장을 받아 들였다. 패널은 특히 유럽 연합 EU 의 경우 신공항 건설 입찰 책임이 당초 한국의 건설교통부에서 나중에 GPA의 적용을 받지 않는 인천 공항 공사로 넘어 갔다는 사실을알고 있었던 반면 미국은 이같은 상황을 몰랐거나 알면서도 이를 외면하는 잘못을범했다고 지적했다.,https://sports.news.naver.com/news.nhn?oid=001&aid=0000000054,2000.05.02
오늘의 주요 정치뉴스2일,서울 연합뉴스 김대중 金大中 대통령은 오전 청와대에서 국무회의를 주재한 뒤 박태준 朴泰俊 총리로부터 보고를 받는다. 이어 낮에는 노사협력 유공자들을초청 오찬을 함께 한 후 오후에는 이용근 李容根 금감위원장과 김명자 金明子 환경부 장관의 보고를 잇따라 받는다. 정부는 오전 김 대통령 주재로 국무회의를 열어 제주 4.3사건 진상규명 및 희생자 명예회복에 관한 특별법 시행령 등 상정 안건을 처리한다. 박태준 총리는 오후 타나부 마사미 일본 참의원 의원의 예방을 받고 환담을나눈다. 이정빈 李廷彬 외교통상부 장관은 오후 정부중앙청사에서 야마사키 다쿠 山崎拓 일본 중의원 의원을 접견한다. 민주당과 한나라당은 오전 국회 귀빈식당에서 양당 3역회의를 갖고 영수회담합의사항인 미래전략특위 및 정치개혁특위를 국회내에 설치하고 양당 정책협의체를구성하는 방안 등을 논의한다. 민주당은 오전 여의도 당사에서 서영훈 徐英勳 대표 주재로 고위당직자회의를 열어 16대 원구성 협상 및 당내 민주화 방안 등을 논의한다. 서 대표는 낮 국회 귀빈식당에서 세계 한인무역인들과 간담회를 갖는데 이어 오후에는 당사에서 야마사키 다쿠 일본 중의원 의원의 예방을 받는다. 한나라당은 오전 여의도당사에서 하순봉 河舜鳳 사무총장 주재로 주요당직자회의를 열고 16대 국회 원구성 대여협상 및 5.31 전당대회 개최문제를 논의한다. 이회창 李會昌 총재는 오전 당사에서 야마사키 다쿠 일본 중의원 의원을 접견한뒤 해외한인무역협회 회장단을 면담하고 오후 서울시지부 정기대회에 참석한다. 자민련 이한동 李漢東 총재는 오전 마포 당사에서 이건개 李健介 부정선거진상조사특위 위원장에게 임명장을 수여한다.,https://sports.news.naver.com/news.nhn?oid=001&aid=0000000055,2000.05.02
임금상승률 2분기 연속 생산성 앞질러,단위노동비용 증가세로 물가 불안 우려 서울 연합뉴스 임선빈기자 제조업의 임금상승률이 지난해 3.4분기에 이어 4.4분기에도 노동생산성을 앞지른 것으로 분석됐다. 2일 한국은행에 따르면 99년 4.4분기 제조업 시간당명목임금 상승률은 5.9%로노동생산성 증가율 제조업 불변 국내총생산 GDP ÷ 취업자수×근로시간 5.6%보다높았다. 제조업 시간당명목임금 상승률은 작년 1.4분기 마이너스 1.3%에서 2.4분기 4.7% 3.4분기 11.5%로 급격히 커졌다. 반면 노동생산성은 작년 1.4분기 7.3% 2.4분기 9.9% 3.4분기 11.2%로 높아지기는 했으나 상승세가 완만해 3.4분기에는 임금상승률을 밑돌게 됐다. 연간으로 볼 때도 명목임금 상승률은 98년 0.5%에서 99년 5.7%로 높아진 반면노동생산성 증가율은 10.5%에서 9.1%로 낮아졌다. 이에 따라 산출물 1단위 생산에 드는 노동비용을 의미하는 단위노동비용 시간당명목임금÷노동생산성 은 99년 1.4분기 마이너스 8.1% 2.4분기 마이너스 4.7%에서3.4분기에는 0.3%의 플러스로 돌아선 후 4.4분기에도 같은 증가율이 유지됐다. 작년 연간 전체의 단위노동비용은 3.1%의 감소세를 기록해 97년 마이너스 5.7% 98년 마이너스 9%에 비해 감소폭이 크게 축소됐다. 단위노동비용이 늘어나면 기업의 원가상승요인으로 작용하고 이는 물가상승을초래하게 된다. 또 결국에는 고임금→고물가→고임금의 악순환을 가져오고 나아가 기업의 경쟁력을 약화시키는 동시에 경기를 위축시킴으로써 실업자를 증가시킬 우려가 있다. 한은 관계자는 작년 하반기부터 단위노동비용이 늘어나게 된 것은 제조업 부가가치의 대폭 증가에도 불구하고 노동투입 확대로 노동생산성 증가세가 전년에 비해다소 둔화된 반면 임금상승폭은 크게 확대됐기 때문 이라고 설명했다. 한은은 올해도 생산성을 앞지르는 임금인상이 물가불안의 최대 요인이 될 것으로 내다보고 있다. 금융연구원 관계자는 올해 비용상승요인이 본격적인 인플레요인으로 부각될 가능성이 높다 며 근본적으로 노동생산성을 높이기 위한 대책이 필요하다 고 말했다.,https://sports.news.naver.com/news.nhn?oid=001&aid=0000000056,2000.05.02
정부 거시경제지표 대부분 상향조정,하반기 경제운용계획에 반영 예정 서울 연합뉴스 윤근영 기자 정부는 올해 경제성장률 전망치를 기존의 6∼7%에서 내부적으로는 7∼8%로 상향 조정하고 실업률은 4%대에서 4%대 초반으로 낮춰 잡았다. 또 올해 소비자물가승상률은 당초 목표치인 3%이내 보다 낮은 2.5%수준에서 안정될 것으로 봤으며 연말까지 외환보유고 1천억달러를 쌓는데는 큰 문제가 없을 것으로 낙관했다. 그러나 경상수지 흑자는 기존의 120억달러에서 100억달러 안팎으로 줄어들 가능성이 높으며 총외채가 현재의 1천300억달러대에서 1천200억달러대로 내려앉는 것도쉽지 않을 것으로 예측했다. 재정경제부 관계자는 2일 예상보다 빠른 경기호조 등 경기변동 상황을 반영해내부적으로는 거시경제 전망치들을 이렇게 수정한다 면서 그러나 다음달에 하반기경제운용계획을 짤 때까지는 연초의 공식 전망치를 변경해 대외적으로 공표하지는않을 방침 이라고 설명했다. 재경부는 지난 1.4분기 국내총생산 GDP 성장률 12% 2.4분기 9% 하반기 5∼6%등으로 연평균 성장률이 7∼8%에 이를 것으로 내다보고 있으며 그 이상이 될 가능성도 배제하지 않고 있다. 올해 세계경제의 연평균 성장률이 당초 예상치인 3%에서 3∼4%로 상승하고 국내설비투자가 예상보다 활성화되고 있는 점을 감안한 것이다. 재경부 관계자는 지난 1.4분기중에 실제 GDP에서 잠재 GDP를 뺀 GDP 갭 이 아직 마이너스 상태라는 사실과 함께 신경제 효과 임금상승 속도 등을 감안하면 이런고성장을 이루면서도 소비자물가는 2.5%수준에서 안정될 수 있다 고 말했다. 그러나 국제 유가의 불안정성 경기호조에 따른 자본재 수입증가 등을 감안할때 경상수지 흑자 목표의 하향 조정이 불가피하다 면서 그러나 수출도 빠르게 늘어나고 있기 때문에 올해 경상수지는 100억달러 안팎의 수준을 달성할 수 있다 고 설명했다. 다른 관계자는 경제성장률이 1%포인트 상승하면 실업률은 0.3%포인트 하락한다 면서 올해에는 실업률이 평균 4%대에 달할 것이라는 게 당초의 정부전망이었으나경기호조에 따라 4%대 초반에 머물 것으로 판단된다 고 말했다. 작년 평균 실업률은 6.5%였고 올해 1월과 2월에는 각 5.3% 3월에는 4.7%였다. 이 관계자는 지난 2월말 현재 1천389억달러인 총외채는 올해말에 1천200억달러대로 떨어질 것으로 낙관했었으나 경상수지 악화 등의 문제가 있어 지금으로서는 속단할 수 없는 상황 이라고 밝혔다.,https://sports.news.naver.com/news.nhn?oid=001&aid=0000000057,2000.05.02
인천신공항 외자유치 통해 주식 본격 매각,서울 연합뉴스 류현성 기자 내년초 개항할 인천국제공항의 운영주체인 인천국제공항공사 주식이 외국자본에 본격 매각된다. 2일 건설교통부에 따르면 오는 2002년까지 인천국제공항공사 전체 주식의 51%를매각하는 역할을 맡을 외자유치 주간사를 선정하기 위해 오는 8 9일 서울 여의도 인천공항공사 서울사무소에서 희망업체를 대상으로 종합평가를 실시하고 10일께 주간사를 최종 결정할 계획이다. 건교부는 이를 위해 기획예산처 건교부 인천국제공항공사 삼일회계법인 학계 인사 등으로 평가위원회를 구성했으며 이에 앞서 미국 골드만 삭스 모건 스탠리 CSFB 살로만 스미스바니사와 독일 도이치방크 등 9개 외국금융사에 외자유치 주간사 제안요청서 RFP 를 발송 4일까지 참여여부 통보를 요청했다. 금년 말까지 약 5조8천억원이 투입될 인천국제공항은 자산 매각을 위해 모든 공사가 마무리되는 금년 연말께 인천신공항내 토지 및 공항 전체 시설물에 대해 국유재산 현물출자법에 따른 자산재평가를 실시 전체 자본금을 확정하게 된다. 인천국제공항공사는 5조8천억원의 공사비중 국고를 제외한 약 3조6천원을 외부에서 차입해 운영하고 있으며 앞으로 주식의 51%를 매각한 외자로 부채를 상환할 계획이다. 그러나 주식의 51%를 매각해도 공기업 민영화법에 따라 동일인이 취득할 수 있는 주식 수가 최대 15%로 한정됨에 따라 인천국제공항공사가 인천 신공항의 경영권을 유지하는데는 별다른 문제가 없다고 건교부는 설명했다. 건교부 관계자는 정부가 인천국제공항공사의 지분 51%를 매각키로 한 것은 선진 공항운영기법과 민간경영의 창의성 효율성을 도입하기 위한 것 이라며 앞으로인천공항 수익성 여부에 외자유치의 성패가 달려 있다 고 말했다.,https://sports.news.naver.com/news.nhn?oid=001&aid=0000000058,2000.05.02
美증시 전반적 상승세,뉴욕 연합뉴스 뉴욕 증시가 1일 현지시간 전반적인 상승세로 장을 마감했다. 첨단 기술주 중심의 나스닥 지수는 97.41 포인트 2.5% 상승한 3 958.07 포인트로 장을 마감했다. 다우존스 산업평균 주가지수는 0.7% 77.87 포인트 뛴 10 811.78 포인트로 거래를 끝냈다. 스탠더드 앤드 푸어스 S P 500 지수도 15.82 포인트가 올라 1 468.25 포인트에장을 마친 것으로 집계됐다.,https://sports.news.naver.com/news.nhn?oid=001&aid=0000000059,2000.05.02
美증시 MS 주도 상승세 마감 종합,뉴욕 연합뉴스 엄남석특파원 미국 뉴욕증시가 1일 현지시간 독점금지법 위반으로 분할위기에 처한 마이크로소프트 MS 가 상승을 주도하면서 오름세로 5월을시작했다. 나스닥 지수는 MS를 중심으로 한 소프트웨어 업체와 생명공학 컴퓨터 네트워킹업종이 상승세를 보여 전장보다 97.44 포인트 2.52% 가 상승한 3 958.10 포인트로거래를 마쳤다. 다우존스 산업평균 주가지수도 세계 제1의 소매업체인 월마트를 중심으로 상승세를 보여 77.87 포인트 0.73% 가 오른 10 811.78 포인트로 거래를 마쳤다. 스탠더드 앤드 푸어스 S P 500 지수는 15.82 포인트 1.09% 가 오른 1 468.25포인트를 기록했다. 이날 증시는 지수비중이 큰 MS가 상승세를 유지하고 금리장세의 여파로 고금리에 취약한 구경제 종목보다는 첨단기술주 쪽에 자금이 집중되면서 다우보다는 나스닥 지수가 더 큰 폭의 상승세를 보였다. MS 주가는 3.6875달러 5.28% 가 오른 73.4375달러로 장을 마쳤다. 월가 전문가들은 회사 분할위기에도 불구하고 MS의 주가가 오름세를 보인데 대해 정부측의 회사분할 권고가 이미 주가에 반영돼 있었다는 지적과 회사분할이 MS측의 매출과 시장지분 확대에 도움이 될 수도 있는 것으로 받아들여진데 따른 것이란 엇갈린 분석을 내놓고 있다. 윈도 운영체제 OS 와 경쟁관계에 있는 리눅스 를 생산하고 있는 VA 리눅스 시스템의 주가는 18.4375달러 44.2% 가 폭등한 60.0625달러로 장을 마쳤으며 레드햇은2.8125달러 11.22% 가 상승한 27.875달러로 거래를 마쳤다.,https://sports.news.naver.com/news.nhn?oid=001&aid=0000000060,2000.05.02
전세계 크리스천 선량 모임 결성,서울 연합뉴스 이희용기자 전세계 20여개국의 크리스천 선량들이 모임을 결성한다. 오는 16∼18일 서울에서 개최될 세계기독의원연맹 WCPA 창립식에는 한국을 비롯해 일본 캐나다 호주 영국 인도 독일 니카라과 과테말라 브라질 볼리비아 파나마 등에서 대표단이 참석할 예정이다. 참석자 명단 가운데는 세계교회협의회 WCC 여성의장을 역임했던 캐나다의 루이스 윌슨 상원의원 니카라과의 이반 에스코바 포노스 국회의장 엘살바도르의 호세안토니오 알멘다리즈 국방위원장 일본의 다케무라 야스코 의원 영국의 도널드 앤더슨 의원 등 각국 의회의 지도자들이 대거 포함돼 있다. 16일 창립총회를 마친 WCPA 회원들은 청와대를 예방한 뒤 이튿날 코엑스 COEX 컨벤션홀에서 개최될 국가조찬기도회에 참석하는 데 이어 여의도순복음교회에서 기념예배를 올린다. 이날 오후와 18일에는 판문점과 광주 망월동 묘역에서 각각 통일기원예배와 광주민주화운동 20주기 추모예배를 개최한다는 계획도 세워놓고 있다. 한편 WCPA 초대총재에는 그동안 창립준비위원장으로 활동해온 김영진 의원 민주당 이 유력한 것으로 전해졌다.,https://sports.news.naver.com/news.nhn?oid=001&aid=0000000061,2000.05.02
대만 CDMA 시장 잡아라,서울 연합뉴스 김형태기자 국내 삼성전자와 LG정보통신 현대전자 등이 대만코드분할다중접속 CDMA 시장을 확보하기 위해 치열한 경쟁을 벌이고 있다2일 정보통신부와 관련업계에 따르면 대만 국영통신회사인 쭝화띠옌신 中華電信 은 현재의 유럽방식 GSM 과 함께 사용중인 아날로그 방식을 CDMA 방식으로 교체키로하고 이달안으로 1차 입찰을 진행키로 했다. 이에 따라 삼성전자와 LG정보통신 현대전자 등 국내 대형업체들은 루슨트 모토롤라 에릭슨 등 세계 유수 이동통신기기 업체들과 치열한 각축전을 벌이고 있다. 쭝화띠옌신은 제3세대 이동통신 IMT 2000 시장을 염두에 두고 기존 GSM방식과병행해 CDMA 방식을 채택키로 했으며 특히 1차 입찰에서 수주한 업체와 계속 수의계약을 통해 통신장비를 설치하겠다고 밝혀 업체간의 경쟁은 더욱 치열하게 전개되고있다. CDMA를 복수표준으로 삼은 나라는 중국과 베트남 대만으로 늘어났으며 인도네시아도 CDMA 방식 도입을 적극 고려하고 있는 것으로 알려져 아시아 지역에 CDMA벨트가 형성될 가능성이 높아지고 있다. 정보통신부는 이에 따라 세계적인 수준에 올라선 국내 CDMA 기술과 단말기 등을 해외 시장에 수출할 수 있도록 정책.기술적으로 지원하는 방안을 적극 검토하고있다. 아울러 국내 대형 기기업체들이 수주에 성공할 경우 이를 계기로 통신서비스업체와 부품업체 중소단말기업체들도 동반 진출할 수 있도록 국내 업체간의 협력체제도 강화키로 했다. 이와 함께 주요 전략국가를 대상으로 기술센터설립과 기술인력초청 등 다양한관계개선방안도 적극 추진할 계획이다. 대만내 CDMA 예상가입자는 약 160만명으로 시장규모는 3억3천만달러에 이를 것으로 추정된다.,https://sports.news.naver.com/news.nhn?oid=001&aid=0000000062,2000.05.02
노근리 자문위원단 방미,워싱턴 연합뉴스 이도선특파원 노근리사건 진상 조사 자문위원단 위원장 백선엽 예비역 육군대장 이 1일 오후 워싱턴에 도착 5일간의 활동에 들어갔다. 모두 7명으로 구성된 민간인 자문위원단은 2일 미국참전용사회 대표와 간담회를갖고 노근리 사건과 별개로 미국의 참전에 대한 감사의 뜻을 전달하고 오후에는 미국립문서보관서를 시찰할 예정이다. 위원단은 또 3일 도널드 그레그 전 주한 미국 대사 로버트 리스카시 전 주한미군사령관 등 8명으로 구성된 미국측 노근리사건 외부전문가그룹과 한미자문위원단회의를 갖고 양국의 조사 공조 방안 등을 협의할 예정이다. 민간인 자문위원단은 한국전 초기에 발생한 미군의 노근리 양민 학살 사건에 대한 정부 당국의 공식적인 진상 조사 작업을 역사 사회 군사 법률적 측면에서 지원할 목적으로 구성됐으며 한국 자문위원단의 방미는 지난 1월 미국 외부전문가그룹의 한국 방문에 대한 답방 형식으로 이루어지는 것이다.,https://sports.news.naver.com/news.nhn?oid=001&aid=0000000063,2000.05.02
17일 코엑스서 국가조찬기도회,서울 연합뉴스 이희용기자 새 천년의 첫 국가조찬기도회가 오는 17일 오전 7시 30분 서울 강남구 삼성동 종합전시장 COEX 컨벤션홀에서 열린다. 남북통일과 민족화해 란 주제 아래 열릴 이번 기도회에는 3부요인과 주한외교사절 개신교 지도자 재계 및 사회단체 인사 소외계층 대표 등 3천여명이 참석할예정이다. 박세환 의원 한나라당 이 사회를 맡고 김영진 국가조찬기도회장 민주당 의 개회사 김명자 환경부 장관의 개회기도 손병두 전경련 부회장과 장상 이화여대 총장의성경 봉독 김진형 한국기독실업인회 명예회장 등의 특별기도 길자연 전 대한예수교장로회 합동 총회장의 설교 이중표 한국기독교장로회 총회장의 축도 등의 순으로 진행된다. 미국의 기도회를 본뜬 국가조찬기도회는 지난 66년 3월 8일 대통령을 위한 조찬기도회를 시작으로 해마다 개최되고 있다.,https://sports.news.naver.com/news.nhn?oid=001&aid=0000000064,2000.05.02
오늘의 주요 국제경제뉴스 5월 2일 화,,https://sports.news.naver.com/news.nhn?oid=001&aid=0000000065,2000.05.02
21세기는 로봇 공학의 시대,런던 연합뉴스 김창회특파원 오는 2004년과 2007년 사이 지구 어느곳에선가로봇이 운전하는 택시가 등장하며 그로부터 2년뒤에는 우주공간에서 고품질 반도체와 의약품을 생산하는 공장이 가동된다. 또 이에 앞서 오는 2006년까지는 눈동자의 조리개 모양으로 신원을 판별하는 기술의 발달로 근로자들과 은행고객들은 한번 힐끗 쳐다만 봐도 직장 출입문을 통과하고 잔고증명을 받을 수 있게 된다. 이같은 미래의 모습은 지멘스사의 연구부문인 로크매너연구소가 그린 것으로 이연구소의 이언 스튜어트 박사는 이들 미래 기술중 많은 것들은 이미 연구가 이뤄지고 있으며 이 모든 시나리오들이 기술적으로 이미 가능한 것 이라고 말했다고 가디언이 1일 보도했다. 이 신문은 또 미래의 모습으로 개인소유의 장비들이 도난 당했을 경우 소유자의지문을 인식하게 돼있기 때문에 다른 사람이 작동하려 하면 작업을 거부하게 된다는것도 소개했다. 또 오는 2007년까지는 유권자들이 세계 어느 곳에 있던 이동통신 단말기를 통해인터넷으로 투표를 할 수 있게되며 영화관이나 슈퍼마켓을 가도 신용카드나 현찰없이 휴대폰 지갑 을 통해 은행과의 교신으로 대금을 결제할 수 있게 된다. 언론기관의 해외특파원들은 시신경에 초소형 카메라를 어깨에 초소형 휴대폰을이식함으로써 그들이 보고 말하는 그대로 즉각 보도될 수 있게 된다. 다만 이 기술은 인권침해 문제를 초래할 수 있기 때문에 실현에는 논란이 따를 것으로 보인다. 이렇게 해서 오는 2030년이면 선진국에서는 사람인구보다 로봇숫자가 더 많아질것으로 예측됐다.,https://sports.news.naver.com/news.nhn?oid=001&aid=0000000066,2000.05.02
MP3닷컴 美음반협회 타협 낙관,뉴욕 연합뉴스 강일중 특파원 미국의 온라인 음악 공급업체인 MP3닷컴 MP3. COM 은 자사를 저작권법 위반혐의로 제소한 미국음반산업협회 RIAA 와 타협할 수 있게 될 것임을 조심스럽게 내비췄다. MP3닷컴의 마이클 로버트슨 최고경영자 CEO 는 조심스럽기는 하지만 우리는 해결책이 있을 것으로 낙관한다 고 말했다고 뉴욕 타임스가 1일 보도했다. 뉴욕 연방지법은 지난주 MP3닷컴이 8만개의 온라인 음반 데이터베이스를 구축함으로써 저작권법을 위반했다는 판결을 내렸으며 주요 음반업계는 MP3닷컴에 대해 지난해 미국내에서 판매한 CD 등 음반가격 140억달러의 절반에 가까운 60억달러를 배상할 것을 MP3닷컴에 요구할 것으로 관측됐다. 원고회사 중 하나인 워너 뮤직 그룹의 폴 비디치 수석부사장은 이와 관련 주요음반회사들이 MP3닷컴의 음악제공 서비스를 완전히 중단토록 요구하는 것은 아니라고 말했다. 그는 음반회사와 MP3닷컴간의 협상은 인터넷 상의 음악제공 서비스가 합법적인기반 아래 지속적으로 이뤄지도록 하자는데 그 목적이 있다고 말했다.,https://sports.news.naver.com/news.nhn?oid=001&aid=0000000067,2000.05.02
인터넷 접속속도 느리면 사용자 우울증 증가,서울 연합뉴스 이주영기자 인터넷 사용시간이 길수록 접속속도가 느릴수록인터넷 사용자가 우울증에 걸릴 위험이 커진다는 연구결과가 나왔다. 부산 고신대의대 가정의학과 차형수 교수팀 박정환 공은희 은 최근 대한가정의학회 학회지에 발표한 인터넷 사용자들의 우울성향 논문에서 인터넷 사용시간과나이 접속속도 등에 따른 우울성향을 조사한 결과 이같이 나타났다고 밝혔다. 연구팀은 지난해 3월 네티즌 1천674명을 대상으로 1일 인터넷 사용시간과 사용경력 나이 학력 접속속도 등과 우울성향 우울척도 CES D K 의 관계를 조사했다. 조사대상은 20대가 1천126명 67.3% 으로 가장 많았고 30대 466명 27.8% 40대이상 44명 2.6% 20세 미만 38명 2.3% 순이었으며 학력은 대학졸업 1천207명 72.1% 대학원 이상 245명 14.6% 고교졸업 205명 12.3% 등이었다. 조사결과 인터넷 사용속도에서는 저속 56K 이하 모뎀 을 사용하는 사람이 고속 ISDN LAN 등 을 사용하는 사람에 비해 우울성향이 높았고 하루 인터넷 사용시간이증가할수록 우울성향도 높아지는 것으로 나타났다. 또 사용자의 성별과 나이 학력 등도 우울성향에 영향을 미치는 것으로 드러났다. 이 조사에서는 여자가 남자보다 나이가 어릴수록 또 최종학력이 낮을수록 우울성향이 높아졌다. 연구팀은 인터넷 사용자의 증가추세로 미뤄 1차의료에서 인터넷 사용자를 만날기회는 점점 늘어날 것 이라며 인터넷 사용자에 대한 연구가 아직 많지 않은 점을볼 때 이들에 대한 더 많은 연구가 필요하고 인터넷을 의료행위에 이용하는 방법들도 많이 논의돼야 할 것 이라고 밝혔다.,https://sports.news.naver.com/news.nhn?oid=001&aid=0000000068,2000.05.02
어버이날 선물 현금이 최고,광주 연합뉴스 전승현기자 나이 많은 부모들이 자녀들로부터 가장 받고 싶은 선물은 현금인 것으로 조사됐다. 2일 결혼정보회사인 ㈜에코러스 광주지사가 어버이 날을 앞둔 지난달 20 29일광주.전남북에 거주하는 55세 이상 부모 600명을 대상으로 전화 조사한 결과 자녀로부터 가장 받고 싶은 선물은 현금이 48%로 가장 많았으며 여행 18% 건강식품 12% 옷 9% 보약 7% 귀금속 2% 순으로 나타났다. 또 자녀로부터 받는 한달 용돈 액수는 10만원 이하가 43.5%로 절반 가량을 차지했으며 한푼도 받지 못한다는 부모들도 35%에 달했고 10만 20만원 13% 20만 30만원 6% 30만원 이상 2.5% 등 10만원 이상을 받는 부모는 21.5%에 그쳤다. 이와함께 부모들은 평소 자녀에게 가장 하기 힘든 말로 용돈이 필요하다 55% 몸이 아프다 27% 외롭다 18% 순으로 꼽았다. 이밖에 자녀와 관련해 평생 가장 기뻤던 일은 자녀의 결혼 42% 자녀의 집 장만 28.5% 손자를 봤을 때 17% 로 대답했다.,https://sports.news.naver.com/news.nhn?oid=001&aid=0000000069,2000.05.02
황령산 복구비리로 허비된 예산환수 촉구,부산 연합뉴스 이영희기자 부산 황령산 사태 복구공사에 공무원과 건설업체들의 비리가 개입된 사실이 드러나자 시민단체들이 부산시장의 사과와 허비된 예산의 환수를 촉구하고 나섰다. 부산지역 62개 시민단체들로 구성된 부산경제가꾸기 시민연대는 2일 성명을 내 재난현장에서 시민들의 목숨을 담보로 공무원과 관련 업자들이 대규모 비리를 저지른 것은 용납될 수 없다 며 안상영 安相英 시장의 공개사과와 공사관련 예산집행과정 공개 비리관련 업체와의 공사계약 취소 등을 요구했다. 시민연대는 이같은 요구가 받아들여 지지 않으면 대규모 규탄집회를 열고 시민감사권을 청구할 방침이다. 부산경제정의실천 시민연합 부산 경실련 도 황령산 복구 비리는 전형적인 시민혈세 낭비 라고 규정하고 부산시장은 도의적 책임을 통감하고 시민들에게 사과하고진상규명에 앞장설 것 을 촉구했다. 부산 경실련은 또 10억원이 넘는 예산 허비가 확인된 만큼 공무원과 시공업체들을 상대로 전액 환수할 것을 주장하고 부산시의회에 대해서도 특별조사위원회를 구성 진상을 철저히 밝히라고 촉구했다.,https://sports.news.naver.com/news.nhn?oid=001&aid=0000000070,2000.05.02
대학간판보단 학업열정이 성공열쇠 LAT,로스앤젤레스 연합뉴스 권오연특파원 명문대 간판보다는 학생의 열정이나 자신감이 성공의 열쇠가 될 것이라고 로스앤젤레스 타임스가 1일 보도했다. 이 신문은 미 대학입학신청 마감일인 이날 일류대학은 등록금이 비싼 대학이아닐 수도 있다 라는 제하의 기사에서 이처럼 주장했다.. 지금까지 많은 연구들은 명문대 출신자가 더 좋은 직장과 보수를 받는다는 쪽으로 기울어왔으며 하버드대의 캐럴라인 M. 혹스비 교수 경제학 의 최근 연구도 3류대에서 일류대로 전학한 학생들이 많은 보수를 받고 있음을 보여주고 있으나 최근 프린스턴 대학의 한 연구결과는 이런 믿음에 도전하고 있다고 이 신문은 전했다. 앨런 크루거 프린스턴대 경제학교수와 앤드루 W. 멜런 재단의 스테이시 버그 데일 연구원는 공동연구에서 적어도 성적이 우수한 학생의 경우 중요한 것은 어느 학교냐가 아니라 학업에 대한 열정이라고 주장했다. 데일 연구원은 중요하게 여겨지는 것은 개인의 야망이나 자신감 이라며 성취욕이 가장 강한 학생은 출신교에 관계없이 인생을 잘 꾸려나갈 것 이라고 말했다. 신문은 UCLA UC버클리 등 캘리포니아 공립대학 UC 계열의 경우 공사립을 통틀어 전국에서 가장 좋은 대학군에 속하면서도 등록금은 연간 약 4천달러로 사립대의2만2천달러보다 훨씬 싸다고 밝혔다. 신문은 아이비리그 하버드 등 동부지역 명문 8개대 등 명문사립대의 경우 4년간 등록금이 13만달러 한화 1억4천300만원 에 달한다며 최근 고교 3학년을 자녀로둔 가정의 저녁식탁에서는 고비용 사립대 진학문제가 화두가 되고 있다고 덧붙였다.,https://sports.news.naver.com/news.nhn?oid=001&aid=0000000071,2000.05.02
외국인 근로자 폭행 잇따라,구미 연합뉴스 박순기기자 외국인 근로자에 대한 폭행사건이 잇따라 제도적장치 마련이 요구되고 있다. 2일 경북 구미가톨릭근로자센터에 따르면 올들어 한국인의 외국인 근로자 폭행사건은 6건이 접수돼 이 중 3건의 한국인 가해자가 형사입건됐다. 사례를 보면 구미공단 H기업의 권모 39 씨는 지난달 24일 일을 제대로 하지 못한다는 이유로 필리핀 출신의 산업연수생 26 을 주먹으로 마구 때려 경찰에 입건됐다. 또 Y산업의 이모 28 씨는 지난 3월 27일 비디오테이프를 제때 반납하지 않았다는 이유로 스리랑카 출신의 산업연수생 33 을 주먹으로 마구 때려 전치 2주의 상처를 P섬유의 김모 30 씨는 지난 3월 26일 말을 듣지 않는다며 필리핀 연수생 2명을흉기로 때려 전치 2주의 상처를 각각 입힌 혐의로 형사입건됐다. 이밖에도 H업체 김모 30 씨는 지난 3월 22일 중국인 연수생 2명이 서로 얘기한내용을 추궁하다가 흉기로 때려 1명에게 전치 3주의 상처를 입히기도 했다. 구미가톨릭근로자센터에 접수된 외국인 근로자 폭행사건은 지난해의 2배 수준으로 사소한 폭행사건은 이보다 훨씬 많은 것으로 알려졌다. 구미가톨릭근로자센터 모경순 교육부장은 언어와 문화가 다른 외국인 근로자를강압적으로 지배하려는 점이 문제 라면서 이들의 인권과 근로여건을 전담.보호할부서가 필요하다 고 말했다.,https://sports.news.naver.com/news.nhn?oid=001&aid=0000000072,2000.05.02
MS 분할안 반박광고 게재,로스앤젤레스 연합뉴스 권오연특파원 미국의 세계 최대 컴퓨터 소프트웨어업체인 마이크로소프트 MS 는 1일 로스앤젤레스 타임스 등 미 주요 신문에 정부 회사분할안의 부당성과 불가함을 밝히는 전면광고를 게재했다. MS는 빌 게이츠 회장과 스티브 발머 사장 겸 최고경영자 CEO 가 직접 서명한 반박 광고에서 정부의 극단적 조치는 소비자와 하이테크산업 미국 경제에 매우 이롭지 못하다 며 반 反 MS 소송에서 아무 것도 정부의 독점 시정조치를 정당화하지못하고 있다 고 주장했다. 이 광고는 MS에서 윈도운영체제 상품을 떼내려는 것은 정부가 언어. 제스처 인식과 같은 새 기술 개발을 부인하고 전세계의 수천만명이 이용해온 인터넷 익스플로러 소프트웨어의 추가개선을 원치 않는 것으로 이런 규제는 혁신을 가로막아 컴퓨터의 성능은 더 떨어지면서 값은 더 비싸지는 결과를 낳을 것 이라고 경고했다. 광고는 정부가 제안한 회사분할 등의 가혹한 규제가 있었다면 MS는 윈도나 마이크로 오피스를 창조해낼 수 없었을 것 이라면서 MS의 현재 구조는 고객에게 잘통합되고 사용하기 쉬운 PC 개인용컴퓨터 기술과 수천개의 다른 소프트웨어 업체들에 도움을 주는 플랫폼 컴퓨터 시스템의 기반이 되는 소프트웨어.하드웨어 통칭 을제공하는 데 초점이 맞춰져 있다 고 강조했다. 광고문은 MS 쪼개기는 너무 성공한 미국 기업들이 엄한 벌을 받을 것임을 시사하는 것으로 이는 미국의 세계 기술 선도력을 뒤엎으려는 외국 경쟁자들의 환영을받을 것 이라고 지적했다. MS는 정부가 번창하는 소프트웨어 산업에 주제넘게 개입하려는 노력은 불필요하며 잘못된 인식 이라며 미 항소법원이 98년 윈도 95의 인터넷 지원이 소비자에게이롭기 때문에 합법적이라고 판결함으로써 우리가 항소할 경우 유리한 입장 이라고주장했다. 광고문은 항소법원은 기술혁신을 약화시키는 것이 반독점법 의 취지 과 상충되며 법원들로 하여금 상품디자인을 감독케 하는 것은 바람직하지 않다 고 지적한 바있음을 상기시켰다. 게이츠 회장은 MS는 주주와 협력사 고객 직원을 위해 사법절차를 통해 회사를 수호하고 상품개발권 등 우리가 믿는 원칙을 지키기 위한 권리와 책임이 있다 며 정부 개입이 아닌 건전한 경쟁 지속과 기술혁신 소비자 선택이 미 경제를 변모시키고 국민의 삶과 교육을 개선하는 가장 효과적인 수단 이라고 밝혔다.,https://sports.news.naver.com/news.nhn?oid=001&aid=0000000073,2000.05.02
워렌 버펫 인터넷 투자가치 없다,런던 연합뉴스 김창회특파원 세계적인 주식투자 전문가로 빌 게이츠 마이크로소프트 회장에 이어 미국 제2위의 갑부인 워렌 버펫은 인터넷이 행운의 편지 와같이 부를 돌고 돌게만 할 뿐 새로운 부를 창조하지 못해 투자가들은 얻을 것이 없다고 말했다고 파이낸셜 타임스와 더 타임스가 1일 보도했다. 파이낸셜 타임스는 버펫이 사회로 봐서는 인터넷이 놀라운 것이지만 자본가들에게는 아마도 순손실이 될 것 이라고 말했다고 전했다. 버펫은 자신 소유의 투자업체인 버크셔 해더웨이의 본사가 있는 미국 네브래스카주 오마하에서 지난주말 열린 이 회사의 주주총회에 모인 1만5천명의 주주들에게이같이 말했다. 그는 인터넷 투자에 대해 행운의 편지 이어 보내기에서 초기단계에 속한다면돈을 벌 수 있지만 부가 창조되는 것은 아니다 라며 되돌아 보건대 엄청난 양의 부가 창조됐다기 보다는 이전된 시기였다 고 말했다. 버펫은 또 인터넷으로 가격을 비교할 수 있는 능력이 생기면 이윤이 줄어들 것이며 이는 미국 기업들의 가치를 감소시킬 것이라고 말했다. 지난 35년간 버크셔사를 운영하면서 종종 주식투자의 결과를 예측해온 그는 현재의 주식시장 상황이 지난 20년대를 포함해 그 어느 때보다도 극단적이라고 진단했다. 버펫은 그러나 그렇다고 해서 지난 20년대와 같은 침체가 일어날 것이라는 말은 아니다 라며 주식시장에는 언제든 투기가 벌어질 때가 있으며 결국 조정을 당하게 된다 고 말했다.,https://sports.news.naver.com/news.nhn?oid=001&aid=0000000074,2000.05.02
경기도 제2청 말라리아 종합대책 긴급 수립,의정부 연합뉴스 김정섭기자 경기도 제2청은 경기북부 대부분 지역이 말라리아 고위험 지역으로 지정됨에 따라 열병신고센터 및 기동방역반을 운영하는 등 긴급종합대책을 마련 시행해 나가기로 했다. 제2청사는 경기북부 11개 시.군.구 일선 보건소에 11개 열병신고센터를 설치 주.야 24시간 운영하면서 환자 발생신고가 들어올 경우 보건소마다 운영되고 있는역학조사반을 긴급 투입할 계획이라고 2일 밝혔다. 또 11개 시.군.구와 농촌지역 49개 보건지소마다 1개반 3명씩 기동방역반 60개반을 설치 논 웅덩이 축사 등 모기 유충 서식 가능성이 높은 취약지역 1천111곳을 중심으로 월 2회 이상 분무소독을 실시하기로 했다. 이와 함께 국립보건원과는 별도로 5∼10월 파주시 연천군 등 말라리아 다발지역 11곳에 유문등을 설치 일주일 단위로 모기채집을 실시해 모기밀도를 수시로 파악할 예정이다. 특히 파주시 7곳 연천군 8곳 포천군 1곳 등 말라리아 다수 발생지역 읍.면 16곳 주민 1천100명에 대해 수시 항체검사를 실시 감염환자 조기발견 체제를 갖춰 나가기로 했다. 이밖에 도비 道費 5천만원을 들여 말라리아 치료제 클로로퀸 1천명분을 6월말까지 확보할 방침이다. 지난 한해동안 경기북부지역에서 발생한 말라리아 환자는 총 772명으로 98년 677명보다 14% 늘어나 전국 발생환자 1천541명 의 50% 경기도 전체 1천96명 의 70%에 달하고 있다. 특히 고양 파주시와 연천군 등 3개 시.군 지역 619명 이 경기북부지역 전체발생환자의 80%를 차지하고 있다.,https://sports.news.naver.com/news.nhn?oid=001&aid=0000000075,2000.05.02
네티즌 공짜뉴스 선호 美조사,뉴욕 연합뉴스 강일중 특파원 종이로 된 신문을 50센트 또는 잡지의 경우 3달러 50센트를 주고 사는 사람이라도 같은 뉴스가 인터넷에 떠있으면 그 뉴스에 대한 대가를 지불하려 하지 않는다는 조사결과가 나왔다. 1일자 뉴욕 타임스 보도에 따르면 프린스턴 리서치가 컨텐츠 공급자 스크리밍미디어의 의뢰로 1천232명을 대상으로 조사한 결과 응답자의 89%가 인터넷에 띄워진뉴스나 정보에 대해 전혀 대가를 지불하지 않았다. 응답자 중 83%는 앞으로도 뉴스나 정보에 대한 대가를 지불하지 않을 것임을 밝혔다. 이러한 성향이 너무 명백해 월 스트리트 저널만이 유료로 뉴스 제공 서비스를하고 있을 뿐 다른 언론사들은 일체 유료 서비스를 할 염두를 내지 못하고 있다. 이번 조사에서는 뉴스를 가장 최근 것으로 빨리 바꿔주는 것이 경쟁력의 원천인것으로 지적됐다. 약 85%의 응답자들은 뉴스 업데이트가 신속한 사이트를 자주 보게 된다고 응답했으며 83%는 다른 곳에서는 찾아 볼 수 없는 뉴스를 공급하는 사이트를 자주 찾게 된다고 답했다. 스크리밍 미디어의 간부들은 이번 조사 결과를 볼 때 네티즌들이 뉴스 자체에도가치를 두고 있지만 뉴스가 전달되는 속도를 매우 중시하고 있음이 드러났다고 전했다.,https://sports.news.naver.com/news.nhn?oid=001&aid=0000000076,2000.05.02
사진전송일지 1일 22002일 0800,,https://sports.news.naver.com/news.nhn?oid=001&aid=0000000077,2000.05.02
주요 의학.환경.보건 뉴스 5월 2일 화,,https://sports.news.naver.com/news.nhn?oid=001&aid=0000000078,2000.05.02
세계의 날씨5월2일,,https://sports.news.naver.com/news.nhn?oid=001&aid=0000000079,2000.05.02
주요 연합뉴스5월2일.화1일 1800∼2일 0800종합,핵보유 5개국 핵무기 완전제거 약속미국과 러시아 중국 영국 프랑스 등 핵 무기 보유 5개국이 1일 현지시간 핵무기 완전 제거에 대한 분명한 책임 을 약속했다. 핵보유 5개국은 이날 뉴욕의 유엔본부에서 개최되고 있는 핵확산금지조약 NPT 회의에서 공동성명을 통해 궁극적으로 핵무기를 완전 제거하는 목표에 대한 분명한 책임 을 약속한다고 발표했다. 이성명은 그러나 구체적인 핵무기 제거일정은 제시하지 않고 넘어감으로써 부진한 핵군축 성과에 대한 비핵보유국의 불만을 누그러뜨리지는 못할 것으로 전망되고 있다. 유엔본부 연합뉴스 미 국무부 북 테러국 해제 무임승차 없다 미국은 1일 북한이 국무부 지정 테러지원국가 명단에서 제외되기 위해서는 일본적군파 문제 해결 등 일련의 조치들을 취해야 한다는 입장을 거듭 밝혔다. 국무부의마이클 쉬언 테러정책조정관은 이날 발표된 연례 세계 테러보고서에 관한 기자회견에서 북한이 테러지원국 명단에서 삭제되는 데 무임승차 Free Pass 는 없다 고 전제 북한은 장래 명단에서 빠질 수 있는 방향으로 움직일 수 있는 위치에 놓여있으나 그들이 해야 할 일들이 있다 고 말했다. 워싱턴 연합뉴스 UNHCR 중국 탈북자 강제송환 조사착수유엔난민고등판무관실 UNHCR 은 중국의 탈북자 강제송환과 관련한 위싱턴포스트지의 보도내용을 일부 확인하고 베이징 北京 주재 사무소를 통해 진상조사에 착수할것으로 알려졌다. 제네바 주재 유엔유럽본부의 한 소식통은 1일 UNHCR이 내부 소식통을 통해 위싱턴포스트의 보도를 확인했으며 베이징 주재 사무소가 진상조사에 나설 예정인 것으로 알고 있다 고 전했다. 제네바 연합뉴스 런던 진출 한국 금융기관들 영업 위축런던에 진출해있는 한국 금융기관들이 현지 영업활동이 국내에서 진행되고 있는구조조정의 여파로 크게 위축되고 있다. 1일 런던 금융가 소식통에 따르면 이곳에진출해있는 국내 금융기관 지점들의 영업이 국제통화기금 IMF 사태 이후 계속되고있는 서울 본점의 소극적 영업전략과 감독당국의 한국물 인수 금지 금융 구조조정등으로 현상유지 수준에 그치고 있다. 런던 연합뉴스 여야 크로스보팅 도입주장 확산16대 국회 개원을 앞두고 의원들이 당론에 얽매이지 않고 소신에 따라 투표하는크로스보팅 자유투표 의 적용범위를 확대해야 한다는 공감대가 여야 내부에서 확산되고 있다. 이에따라 386세대 당선자 등 여야의 정치신인들이 제기해온 크로스보팅제의 도입 여부가 16대 의정개혁의 핵심과제로 떠오르고 있다. 이 제도가 본격 도입되면 그간 당론에 따른 거수기 라는 비판을 면치 못해온 의원들의 위상이 크게 높아지면서 하향식 의사결정이 체질화돼온 정당의 민주화에도 크게 기여할 것으로 기대된다. 현대 그룹차원 투신 고강도 자구계획 마련중 금감위 금융감독위원회는 1일 현대그룹이 현대투신 문제 해결을 위해 강도높은 자구계획을 마련하고 있다고 밝혔다. 김영재 金暎才 금감위 대변인은 이날 오후 현대그룹이 김재수 구조조정본부장과 이익치 현대증권 회장을 실무 책임자로 강도높은 현대투신 정상화방안을 마련하고 있으며 해외 출장중인 정몽헌 회장이 2일 귀국하는대로내용을 확정한 뒤 발표하게 될 것이라고 말했다. 정부 거시경제지표 대부분 상향조정정부는 올해 경제성장률 전망치를 기존의 6∼7%에서 내부적으로는 7∼8%로 상향조정하고 실업률은 4%대에서 4%대 초반으로 낮춰 잡았다. 또 올해 소비자물가상승률은 당초 목표치인 3%이내 보다 낮은 2.5%수준에서 안정될 것으로 봤으며 연말까지외환보유고 1천억달러를 쌓는데는 큰 문제가 없을 것으로 낙관했다.그러나 경상수지흑자는 기존의 120억달러에서 100억달러 안팎으로 줄어들 가능성이 높으며 총외채가현재의 1천300억달러대에서 1천200억달러대로 내려앉는 것도 쉽지 않을 것으로 예측했다. 미 한국 지적재산권 우선감시 대상 지정우리나라가 미국의 스페셜 301조 에 따른 지적 재산권 분야에서 우선감시대상국 으로 지정됐다. 외교통상부는 미국 무역대표부 USTR 가 각국의 지적 재산권 분야평가에서 우리나라를 지난해 감시 대상국 에서 올해 우선 감시 대상국 으로 강화했다고 1일 발표했다. 미국 통상법 182조인 스페셜 301조 는 상품 분야에서의 슈퍼 301조 와 같은 방식으로 운영되고 있으며 우선 감시 대상국은 지적 재산권 보호와 시장 접근이 미흡한 수준임을 뜻한다고 외교부는 설명했다. 임금상승률 2분기 연속 생산성 앞질러제조업의 임금상승률이 지난해 3.4분기에 이어 4.4분기에도 노동생산성을 앞지른 것으로 분석됐다. 2일 한국은행에 따르면 99년 4.4분기 제조업 시간당명목임금상승률은 5.9%로 노동생산성 증가율 제조업 불변 국내총생산 GDP ÷ 취업자수×근로시간 5.6%보다 높았다. 제조업 시간당명목임금 상승률은 작년 1.4분기 마이너스 1.3%에서 2.4분기 4.7% 3.4분기 11.5%로 급격히 커졌다. 반면 노동생산성은 작년 1.4분기 7.3% 2.4분기 9.9% 3.4분기 11.2%로 높아지기는 했으나 상승세가 완만해 3.4분기에는 임금상승률을 밑돌게 됐다. 교육부 고액과외 일제 단속교육부는 1일 고액과외 방지및 공교육 내실화를 위한 종합대책을 마련하기 위해 과외교습 대책위원회 위원장 金相權차관 를 구성 오는 3일 첫 회의를 갖는다고 밝혔다. 대책위원회는 김신일 서울대교수와 하죽봉 변호사 임동권 서울시 부교육감 황수웅 국세청 차장 손경순 한교조 부위원장 윤지희 참교육학부모회장 문상주 학원연합회장 허병두 서울숭문고 교사 등 각계 21명으로 구성돼 있다. 총선사범 본격 소환착수 윤여준 당선자 조사서울지검 공안1부 박만.朴滿 부장검사 는 1일 오후 한나라당 전국구 윤여준 尹汝雋.60 당선자를 불러 조사하는 등 16대 총선과정에서 입건된 후보에 대한 본격소환조사에 착수했다. 검찰은 이날 민국당 동작갑 김명기 金明基.46 자민련 강남을 김태우 金泰宇.49 씨 등 낙선자 2명도 소환 조사했다. 검찰은 또 당원대회에서비당원에게 향응을 제공한 혐의로 고발된 자민련 관악갑 낙선자 이상현 李相賢.55 후보에 대해 2일 오후 3시 출석토록 통보했다. 시위현장 화염병 1년만에 등장시위현장에서 자취를 감췄던 화염병이 1년만에 다시 모습을 드러냈다. 전국학생협의회 소속 대학생 1천3백여명은 1일 오후 7시40분께부터 오후 9시20분께까지 고대정문앞에서 경찰을 향해 화염병 6백70여개와 돌멩이 5백여개를 던지며 시위를 벌였다. 이들은 이에 앞서 오후 1시10분께 서울 성북구 안암로터리를 출발해 종묘공원노동절 기념집회에 참석하려다 경찰의 저지를 받고 1백30여명이 연행되자 이에 항의 길에 드러눕는 등 시위를 벌이기도 했다. 시위현장에서 화염병이 등장한 것은 지난해 4월26일 서울대에서 있었던 서울지하철공사 농성때로부터 거의 1년만이다. 신입사원 선발 취소는 정리해고 기업이 신입사원을 선발했다가 IMF사태 직후 이를 취소한 것은 정리해고에 해당한다는 판결이 나왔다. 서울고법 민사15부 재판장 김동건부장판사 는 1일 현대전자에 채용이 내정됐다가 취소된 조모씨 등 73명이 현대전자산업㈜을 상대로 낸 소송에서 31명에 대해 피고는 원고에게 각각 1천9백여만원을 보상하라 고 판결했다. 하지만 재판부는 회사의 채용내정 취소는 당시 긴박한 경영상 필요등 정리해고 요건을갖춘만큼 정당한 해고로 보인다 며 채용취소 이후의 종업원 지위는 인정하지 않았다.,https://sports.news.naver.com/news.nhn?oid=001&aid=0000000080,2000.05.02
이 분야 우리가 최고전문 연구모임 활발,대전 연합뉴스 한승호기자 정부 대전청사 일부 기관 공무원들이 특정 분야를 깊이 있게 탐구하는 연구회를 운영하며 전문성을 높이고 있다. 2일 특허청에 따르면 특허심사관들이 전자상거래연구회 특허검색연구회 신지식재산권연구회 등 10여개의 전문 연구회를 결성해 10 30명씩 참여하며 전문성향상을 위해 열을 올리고 있다. 이들 연구회 대부분은 자생적으로 만들어졌으며 관련 분야에 관심있는 공무원들이 매월 한 번가량 모임을 갖고 정책방향에 대한 의견 개진이나 최근 경향에 대한신지식을 조직 안팎에 전파하는 첨병 역할을 하고 있다. 신지식재산권연구회는 지난해 11월 자체 홈페이지 NIP21 hp depthome.kip o.kr ～nip21 를 개설 인터넷 특허 등에 대한 질의응답과 국내외 소식 등을 제공해6개월 만에 3만여회의 접속 페이지뷰 건수를 올렸다. 전자상거래연구회도 회원 10여명이 최근 폭증하는 인터넷 특허와 관련된 민원인들의 질문들에 답변하는 도우미 역할을 톡톡히 해내고 있으며 이번주 중 번역서인 전자상거래와 사이버법 원저자 히라노 쓰쓰무 平野晉 교수 을 발간할 예정이다. 또 조달청도 지난 3월말 연구하는 직장 분위기 조성과 전문성 제고를 위해 희망하는 직원들이 자유롭게 참여할 수 있는 5개 전문 연구모임을 발족시켰다. 현재 활동중인 연구모임은 조달전자상거래연구회 조달업무판례연구회 국제조달제도연구회 선물거래연구회 공사계약제도발전연구회 등으로 조달업무의 핵심 분야들이 망라돼 있다. 조달청은 이 연구회를 통해 체계화 되지 않은 새로운 업무지식을 발전시키고 빠르게 변화하는 외국의 관련 분야 동향 등을 면밀하게 파악 조달업무의 질적인 향상을 도모할 수 있을 것으로 기대하고 있다. 이밖에 중소기업청 직원들도 경영컨설팅연구회 나스닥 Nasdaq 연구회 지식경영연구회 등의 연구회를 운영중이며 중기청 차원에서도 이들 활동에 대한 지원방안을 모색중이다. 조달청 신삼철 申三澈 총무과장은 전문 연구모임 활동은 조달환경 변화와 높아진 고객 수준에 신속히 대응하는 데도 커다란 도움이 될 것 이라며 연구회 활동을 위한 외부강사 초빙 등 운영비를 지원하고 이를 통해 전문성을 갖춘 직원에 대해서는 인사상 우대할 방침이다 고 말했다.,https://sports.news.naver.com/news.nhn?oid=001&aid=0000000081,2000.05.02
전주영화제 오늘3일의 추천영화「홀리 스모크」,「홀리 스모크」 감독 제인 캠피온.호주 미국.1999.114분.35㎜.컬러 전주 연합뉴스 조계창기자 어느날 갑자기 사랑하는 딸이 사이비종교에 빠져가족을 등졌다는 류의 이야기를 심심치않게 들어온 우리에게 비록 배경은 다르지만이 영화는 상당히 친숙한 느낌을 준다. 「피아노」로 칸국제영화제 감독상을 거머 쥔 여성감독 제인 캠피온의 최근작. 여주인공 루드는 인도로 휴가를 갔다 영적 지도자 바바에게 흠뻑 빠져 집에 돌아가지 않고 가족들은 이런 딸의 무사 귀환 을 위해 애쓰는 이야기를 코믹하게 그리고 있다.,https://sports.news.naver.com/news.nhn?oid=001&aid=0000000082,2000.05.02
전주영화제 오늘3일의 상영일정,ⓛ 12세 이상 ⓧ 18세 이상 ⓠ 관객과의 대화 ┌───────────────────────┬─────┬───────┐ │ 상 영 작 │상영시간 │ 상영장소 │ ├───────────────────────┼─────┼───────┤ │상상의 집 단편 2 천사의 시간 외 5편 │ 11 00 │ │ │ ※초등학생 단체관람 프로그램 │ │ │ ├───────────────────────┼─────┤ │ │홀리 스모크 Holy smoke ⓧ │ 14 00 │ │ ├───────────────────────┼─────┤ │ │포르노그래픽 어페어ⓧ │ 17 00 │전북대문화관 │ │ Une Liaison pornographique │ │ │ ├───────────────────────┼─────┤ │ │지금 죽고 싶은 A chance to die ⓛ │ 20 00 │ │ ├───────────────────────┼─────┤ │ │사탄 탱고 Satan tango ⓧ │ 23 00 │ │ │ │ 심야 │ │ ├───────────────────────┼─────┼───────┤ │샤워 Shower │ 11 00 │ │ ├───────────────────────┼─────┤ │ │잼 Jam ⓛ │ 14 00 │ │ ├───────────────────────┼─────┤ 명화극장 │ │러브 고고 Love go go ⓛ │ 17 00 │ │ ├───────────────────────┼─────┤ │ │와일드사이드 Wildside ⓧ │ 20 00 │ │ ├───────────────────────┼─────┼───────┤ │이혼1 2 Divorce1 2 ⓛⓠ │ 11 00 │ │ │기억의 3부작 Three memory pieces │ │ │ ├───────────────────────┼─────┤ │ │원피스 프로젝트 One Piece ⓛ │ 13 30 │ │ ├───────────────────────┼─────┤ │ │앨리스 Alice ⓛ │ 16 00 │ │ ├───────────────────────┼─────┤덕진예술회관 │ │안개의 기억 The call of mist │ 18 30 │ │ │메모리룸451 Memory room 451 │ │ │ │폭동 Riot │ │ │ ├───────────────────────┼─────┤ │ │미드나잇 워커 Midnight Walker ⓛ │ 21 00 │ │ ├───────────────────────┼─────┼───────┤ │계몽시대 Enlightenment guranteed ⓛ │ 11 00 │ │ ├───────────────────────┼─────┤ │ │카도쉬 Kadosh ⓛⓠ │ 14 00 │ │ ├───────────────────────┼─────┤ 대한극장 │ │연인들 Lovers ⓧ │ 17 00 │ │ ├───────────────────────┼─────┤ │ │부에나 비스타 소셜 클럽ⓧ │ 20 00 │ │ │ Buena Vista Social Club │ │ │ ├───────────────────────┼─────┼───────┤ │한국영화 섬ⓠ │ 11 00 │ │ ├───────────────────────┼─────┤ │ │히스테릭 Hysteric ⓧ │ 14 00 │ │ ├───────────────────────┼─────┤ 피카디리 │ │요나와 릴라 Jonas et Lila A Demain ⓧ │ 17 00 │ │ ├───────────────────────┼─────┤ │ │2천년에 스물다섯 살이 되는 요나ⓧ │ 20 00 │ │ │ Jonas qui aura vingt cing ans en l an 2000 │ │ │ ├───────────────────────┼─────┼───────┤ │인간의 외로운 목소리 A lonely voice of man │ 11 00 │ │ ├───────────────────────┼─────┤ │ ├짧고 고통없이 Short sharp shock ⓧ │ 14 00 │ │ ├───────────────────────┼─────┤ 아카데미 │ │수퍼 국민 Connection by fate ⓛ │ 17 00 │ │ ├───────────────────────┼─────┤ │ │한국영화 여고괴담 두번째 이야기ⓠ │ 20 00 │ │ ├───────────────────────┼─────┼───────┤ │살인마ⓧ │ 11 00 │ │ ├───────────────────────┼─────┤ │ │디바 돌로로사 Diva Dolorosa │ 14 00 │ │ ├───────────────────────┼─────┤ 씨네21 1관 │ │제3의 소시민 Bed and sofa ⓧ │ 17 00 │ │ ├───────────────────────┼─────┤ │ │움직이는 남자 The turbulent man ⓧ │ 20 00 │ │ ├───────────────────────┼─────┼───────┤ │세컨드 서클 Second circle │ 11 00 │ │ ├───────────────────────┼─────┤ │ │연연풍진 Dust in the wind │ 14 00 │ 씨네21 2관 │ ├───────────────────────┼─────┤ │ │안나의 랑데부 Les rendez vous d Anna ⓧ │ 17 00 │ │ ├───────────────────────┼─────┼───────┤ │미스터 웨스트의 신나는 모험 │ 11 00 │ │ │ The extraordinary adventure of Mr.West in the│ │ │ │ land of the Bolsheviks │ │ │ ├───────────────────────┼─────┤ │ │고향에서 온 소식 News from home ⓛ │ 14 00 │ 씨네21 3관 │ ├───────────────────────┼─────┤ │ │세 오렌지의 사랑 Lovers of three oranges ⓛ │ 17 00 │ │ ├───────────────────────┼─────┤ │ │잔느 딜망 Jeane Dielman ⓧ │ 20 00 │ │ ├───────────────────────┼─────┼───────┤ │마부 │ 20 00 │ 야외상영장 │ └───────────────────────┴─────┴───────┘ ※ 상영시간과 장소는 예고없이 변경될 수 있습니다.,https://sports.news.naver.com/news.nhn?oid=001&aid=0000000083,2000.05.02
핵보유 5개국 핵무기 완전제거 다짐,유엔본부 연합뉴스 엄남석특파원 미국 러시아 중국 영국 프랑스 등 핵 무기 보유 5개국이 1일 현지시간 핵무기 완전 제거에 대한 분명한 책임 을 약속했다. 핵보유 5개국은 이날 뉴욕의 유엔본부에서 진행중인 핵확산금지조약 NPT 회의에서 공동성명을 통해 궁극적으로 핵무기를 완전 제거하는 목표에 대한 분명한 책임 을 약속한다고 발표했다. 이 성명은 그러나 구체적인 핵무기 제거일정은 제시하지 않고 넘어감으로써 부진한 핵군축 성과에 대한 비핵보유국의 불만을 누그러뜨리지는 못할 것으로 전망되고 있다. 지난 95년 NPT 회의에서 핵보유국의 성실한 핵무기 군축 노력을 조건으로 NPT효력 무기연장에 합의한 비핵보유국들은 5년만에 개최된 이번 회의에서 미국을 비롯한 핵보유국의 핵군축 노력이 진전되지 않고 있는 점을 집중 성토해왔다. 유엔주재 영국대사 제러미 그린스톡경은 그러나 핵보유 5개국이 공동성명 형식으로 핵무기 군축을 약속한 것은 이번이 처음이라고 지적하면서 이번 성명은 NPT목적의 분명한 이행에 대한 중요한 재확인 이라고 강조했다. 핵보유 5개국 성명은 또 지난 72년에 체결된 탄도탄요격미사일 ABM 협정의 유지와 강화 를 촉구하고 있으나 강화 부분을 놓고 ABM 협정 개정을 추진 중인 미국과 나머지 4개국간의 해석이 엇갈리고 있는 것으로 전해졌다.,https://sports.news.naver.com/news.nhn?oid=001&aid=0000000084,2000.05.02
서울대휴학생에 계절학기 수강자격,서울 연합뉴스 조채희기자 서울대는 올해부터 휴학생도 여름 계절수업을 들을 수 있게 할 방침이다. 서울대는 2일 계절수업 수강자격 요건을 일부 변경 오는 6월말 시작되는 이번여름 계절수업부터 휴학생에게도 수강신청 자격을 줘 불가피한 사정으로 휴학한 학생들이 시간낭비없이 졸업학점을 이수할 수 있도록 할 방침이라고 밝혔다. 계절학기를 들을 수 있는 대상자는 군제대 후 복학을 기다리는 휴학생이나 개인사정으로 휴학한 남녀 학부생이 해당된다. 다만 휴학제도 남용을 막기 위해 계절 학기를 통해 이수한 학점을 마지막으로졸업학점을 채워 졸업하기 위한 경우는 수강자격을 주지 않을 방침이다. 서울대 관계자는 그동안 재학생에게만 계절수업 수강자격을 줘왔으나 이제부터는 여러가지 사정에 의해 휴학한 학생들이 허송세월하지 않고 졸업을 해 진로를 준비할 수 있도록 도와주기 위해 계절수업 신청자격을 확대했다 고 설명했다. 서울대는 1년에 한번 여름에만 계절수업을 실시 최고 6학점까지 신청할 수 있도록 하고 있다.,https://sports.news.naver.com/news.nhn?oid=001&aid=0000000085,2000.05.02
행정에 주민 직접 참여 확산,울산 연합뉴스 이상현기자 주민들을 직접 행정에 참여케 하는 기초 자치단체들이 늘고 있다. 울산시 울주군은 2일 지역 개발을 둘러싼 논란을 주민 스스로 해결하도록 주민직접 투표제를 도입 시행하기로 했다. 군은 이에 앞서 최근 열린 군의회 임시회에서 주민 투표제 시행을 위한 추경 예산 8천만원을 승인받았다. 이에 따라 앞으로 군 지역에서 시행되는 각종 개발사업이 지역이기주의 등에 밀려 지지부진할 경우 주민들이 직접 투표를 해 사업 추진 여부를 결정할 수 있게 된다. 울산시 동구청도 행정의 공정성과 투명성을 확보하기 위해 지난 3월부터 3천만원 이상의 관급 공사에 대해 입찰 과정과 공사 감독에 주민들이 참여할 수 있도록주민 감시관제를 도입 시행하고 있다. 북구청도 올해부터 총공사비 5억원상의 공사에 대해 주민 감시관제를 실시 현재 주민 4명이 중구 연암동 북구청사의 건립 공사에 주민 2명은 북구 상안동 도로확포장 공사에 나가 공사 진행의 일거수 일투족을 감시하고 있다. 남구청도 지난 98년부터 총공사비 5억원 이상의 공사와 문화유적의 보수공사 등에 해당 지역 주민들로 구성된 주민 감시관을 위촉 공사의 안정성과 시공 후 피해사항까지 점검토록 하고 있다. 울주군 관계자는 울주군 상북면 신불산의 케이블카 설치 등 환경과 관광개발이미묘하게 맞물린 사업들이 많다 며 해당 지역 주민들의 의견이 중요하기 때문에 주민 투표제를 실시 이들의 뜻에 따라 개발과 보전을 결정할 방침 이라고 말했다.,https://sports.news.naver.com/news.nhn?oid=001&aid=0000000086,2000.05.02
런던 진출 한국금융기관 영업 위축,런던 연합뉴스 김창회특파원 런던에 진출해있는 한국 금융기관들의 현지 영업활동이 국내에서 진행되고 있는 구조조정의 여파로 크게 위축되고 있다. 1일 런던 금융가 소식통에 따르면 이곳에 진출해있는 국내 금융기관 지점들의영업이 국제통화기금 IMF 사태 이후 계속되고 있는 서울 본점의 소극적 영업전략과감독당국의 한국물 인수 금지 금융 구조조정 등으로 현상유지 수준에 그치고 있다. 일부 신용등급이 높은 은행들의 경우 과거에는 현지에서 차입한 자금을 신용등급이 상대적으로 낮은 다른 한국계 은행에 가산금리를 받고 빌려주는 영업을 해왔으나 본점에서 이를 금지시켰다. 또 한국계 은행들에게 안전하고 수익성 높은 투자수단으로 환영받았던 국내 은행들이 해외에서 발행하는 후순위채 인수도 국내 감독당국이 공문을 보내 인수하지못하도록 했다. 감독당국은 이 공문에서 국내은행이 외화자금 조달을 위해 해외에서 채권을 발행하는 것을 같은 한국계 은행이 인수할 경우 외화자금 추가조달이라는 발행목적을달성할 수 없다고 금지이유를 설명했다. 최근 국내 은행들이 해외에서 발행하는 후순위채는 외국의 투자은행들이 인수해수익을 챙겨가고 있으며 규제대상이 아닌 일부 한국계 증권.보험사들이 한국물에 투자해 수익을 올린 것으로 안다고 런던 금융가 소식통들은 말했다. 이와 함께 현지에서 차입한 자금을 런던에 진출해있는 한국계 기업에 대출하던영업도 본점에서 기업들의 부도위험을 들어 금지하고 있어 사실상 대출을 통한 영업이 중단되고 있다. 이에 따라 한국계 은행들은 신용장 등의 할인업무와 같은 무역관련 거래에 따른수수료를 챙기는 소극적인 영업에 그치고 있다고 소식통들은 전했다. 더욱이 제일.서울은행 등 일부 은행들과 투신사 등은 국내에서 진행중인 구조조정으로 장래가 불투명해 적극적인 영업활동에 나서지 못하고 있다.,https://sports.news.naver.com/news.nhn?oid=001&aid=0000000087,2000.05.02
의학 화 잘 내는 사람 심장마비 위험,댈러스 연합뉴스 화를 잘 내는 사람은 그렇지않은 사람에 비해 심장마비를 일 으킬 위험이 거의 3배나 높다는 조사결과가 나왔다. 미국 노스 캐럴라이나대학 역학교수인 재니스 윌리엄스 박사는 미국심장학회 AHA 학술지 순환 최신호에 발표한 연구보고서에서 1만3천명의 성인을 대상으로 6년에 걸쳐 실시한 조사분석 결과 이러한 사실이 밝혀졌다고 말했다. 윌리엄스 박사는 이 결과는 고혈압 고지혈증 흡연 비만 등 다른 심장마비 요인들을 감안한 것이라고 말했다. 윌리엄스 박사는 특히 혈압이 정상인 중년 남녀의 경우 분노가 심장마비를 유발할 가능성이 높은 것으로 나타났다고 밝혔다. 이 조사결과는 우울증 적대감같은 감정이 심장건강에 영향을 미친다는 앞서 발표된 연구결과를 뒷받침하는 것이다. 스트레스 호르몬은 혈관을 수축시켜 동맥에 혈전을 형성시킬 위험이 있다는 연구보고서도 발표된 일이 있다. 윌리엄스 박사는 조사대상자들에게 스스로 성질이 급하다고 생각하는지 화가나면 어느 누구를 때리고 싶은 충동이 발동하는지 등을 묻는 10가지 질문을 던지고그 답변에 따라 화를 내는 정도를 상 중 하로 등급을 매겼다. 이중에서 상 그룹이 하 그룹에 비해 심장마비를 일으키거나 심장병으로 사망할 가능성이 2.69배 높은 것으로 나타났다. 이 조사결과에 대해 미국 러브레이스 건강 시스템의 심장전문의 로버트 페더리치 박사는 분노와 스트레스같은 감정들이 심장병 위험과 매우 깊은 관계가 있음을증명하는 것이라고 논평했다.,https://sports.news.naver.com/news.nhn?oid=001&aid=0000000088,2000.05.02
북한 테러지원국 수개월내 해제 검토 WSJ,뉴욕 연합뉴스 엄남석특파원 클린턴 행정부는 이른바 불량 국가 에 대한 정책변화의 신호탄으로 북한을 수개월내에 테러지원국 명단에서 해제하는 방안을 검토중이라고 월스트리트저널이 1일 보도했다. 이 신문은 미 행정부가 불량 국가 를 고립시키는 정책에서 테러지원국 명단에서 빠질 수 있는 조치를 열거하는 정책으로 한걸음 물러섰다고 지적하면서 북한이테러지원국 명단에서 빠질 가능성이 가장 높다고 지적했다. 신문은 그러나 북한을 테러지원국 명단에서 빼는 것은 의회측의 집중적인 비난을 초래할 가능성이 있다고 덧붙였다. 저널은 테러대책 전문가 브루스 호프먼의 말을 인용 테러지원국 명단이 처음부터 상징적으로 작성된 만큼 특정국가를 이 명단에서 빼는 것도 상징적인 일이 될것 이라면서 어떤 국가가 명단에서 빠지든 의회를 설득하는 작업이 쉽지는 않을 것 이라고 밝혔다. 신문은 또 미 관리들은 테러지원국 명단에 오른 7개국 대부분이 최근 수년간 테러활동을 지원하지 않았다는 점을 인정하고 있다고 말했다. 저널은 그러나 북한이 테러지원국 명단에서 빠지기 위해 취해야 할 조치가 적군파 추방 등 상대적으로 간단한 반면 쿠바나 리비아와 같은 주요 국가를 테러지원국명단에서 삭제하면 미국내 항의를 촉발할 수 있다는 정치적 이유 때문에 북한이 가장 먼저 테러지원국 명단에서 빠지게 될 것이라고 밝혔다.,https://sports.news.naver.com/news.nhn?oid=001&aid=0000000089,2000.05.02
전국 주요신문 톱뉴스 5월 2일자 조간,,https://sports.news.naver.com/news.nhn?oid=001&aid=0000000090,2000.05.02
주요신문 사설5월2일자 조간,,https://sports.news.naver.com/news.nhn?oid=001&aid=0000000091,2000.05.02
오늘의 일정5월2일.화요일,국무총리 10 00 국무회의 청와대 16 00 일본 참의원 의원면담 청사 재정경제 장관 15 00 메네제스 시티은행장 면담 집무실 국 방 부 15 30 육군참모총장 터키지상군사령관 면담 접견실 행정자치 장관 11 00 주한 말레이시아 대사 면담 접견실 농 림 부 10 00 통합농협중앙회장 선거 농협중앙회 대강당 산업자원 장관 15 00 BMW그룹 사장 면담 접견실 정보통신 장관 12 00 싱가포르 정보통신부장관 면담 접견실 환 경 부 차관 한강수계관리위원회 실무위원회 회의실 민주 한나라당 10 30 3역회의 국회 민 주 당 대표 08 30 고위당직자회의 당사 12 00 세계무역인들과의 간담회 국회 귀빈식당 자 민 련 총재 09 00 이건개 부정선거조사특위위원장 임명장수여 당사 한나라당 09 00 주요당직자회의 당사 총재 15 00 서울시지부 정기대회 당사 서 울 시장 10 00 중랑구청 청소차운전사 소년소녀가장돕기자전거 전국일주 출발부 산 시장 09 00 FIFA월드컵경기장 조사단 면담 시장실 대 구 시장 14 00 환경미화원 시책교육 공무원교육원 인 천 시장 11 30 지하철 고객서비스 헌장선포식 인천터미널 충 남 지사 14 00 계룡출장소 신청사 개청식 논산 두마 전 북 지사 15 00 도 체육회 제2차 이사회 참석 도청 상황실 전 남 지사 10 30 제19회 전국농아인 축구대회 목포 유달경기장 제 주 지사 19 00 조남기 중국 정협부주석 환영 만찬 제주KAL호텔 ※이 일정은 각 부처.정당.단체의 사정에 따라 변경될 수도 있습니다.,https://sports.news.naver.com/news.nhn?oid=001&aid=0000000092,2000.05.02
EU미NMD 일방 배치결정에 반대,워싱턴 연합뉴스 유럽연합 EU 는 미국이 러시아와 먼저 합의하고 유럽국가들과논의를 거치지 않은채 국가미사일방어 NMD 체제를 배치하기로 결정할 경우 매우 나쁜 반응을 보일 것이라고 하비에르 솔라나 유럽연합 EU 외교 군사 대표가 1일 말했다. 나토 북대서양조약기구 사무총장을 지낸 솔라나 수석 대표는 미국이 러시아와일정한 합의가 없이 그리고 유럽 지도자들과 토의를 거치지 않은채 그러한 결정을내릴 경우 이는 매우 나쁘게 받아들여질 것 이라고 말했다. 그는 또한 그러한 결정은 비록 즉각적이지는 않으나 북대서양조약기구 나토 동맹국내에 긴장을 조성할 것이며 유럽국가들도 그들이 취해야 할 조처가 무엇인지를 생각하지 않을수 없다 고 말했으나 더 이상 상세히 언급하기는 않았다. 고위 미행정부 관리들과 일련의 회담을 갖기위해 워싱턴을 방문중인 솔라나 수석 대표는 이날 늦게 스트로브 탤보트 국무 부장관과 회담한다. 미국은 금년 하반기에 적국으로부터의 공격에 대비하기위해 전국적인 미사일 방어 시스템을 배치할 것인지를 결정해야 하며 그같은 배치에는 미국과 옛 소련 사이에 72년 체결된 탄도탄요격미사일 ABM 협정이 개정되어야 한다 . 솔라나는 지난 4월 9일 모스크바에서 푸틴 러시아 대통령 당선자와 회담했을때푸틴은 ABM 협정 개정에 반대하고 있었으며 가까운 장래에 개정에 응할 용의도 없음을 피력했다고 전했다. 매들린 올브라이트 미국무장관은 지난주 이고리 이바노프 러시아 외무장관과의회담에서 미국의 미사일 방어 계획은 러시아 미사일을 겨냥한 것이 아님을 다짐하고북한과 이란이 이 미사일 방어계획이 의도하는 주요 목표 국가라고 밝혔다.,https://sports.news.naver.com/news.nhn?oid=001&aid=0000000093,2000.05.02
날씨내일 아침 짙은 안개,서울 연합뉴스 서한기기자 3일은 고기압의 영향을 받아 전국이 대체로 맑겠다. 다만 아침에는 내륙지방에 짙은 안개 끼는 곳이 많아 출근길 안전운전에 유의해야 할 것으로 보인다. 아침 최저기온은 철원 4도 서울 9도 인천 9도 대전 8도 광주 9도 대구 9도 부산11도 등 4도에서 11도를 낮 최고기온은 20도에서 25도의 분포를 보이겠다. 바다의 물결은 전해상에서 1∼2.5ｍ로 일겠고 서해와 남해상에는 안개가 끼는곳이 많겠다. 금강산 지역은 흐리고 맑은 날씨를 보이겠고 장전항은 9∼21도 만물상은 2∼11도를 기록하겠다. 2일은 전국이 구름조금 낀 대체로 맑은 날씨를 보이겠다. 3일 지방별 날씨 전망은 다음과 같다.,https://sports.news.naver.com/news.nhn?oid=001&aid=0000000094,2000.05.02
오늘의 주요기사 1차메모5월2일.화,,https://sports.news.naver.com/news.nhn?oid=001&aid=0000000095,2000.05.02
내셔널 트러스트 역사모 해안선 보존운동,대전 연합뉴스 윤석이기자 시민의 힘으로 파괴위기에 몰린 한반도 해안선을지키려는 보존 운동이 국내 처음으로 대전.충남지역에서 시작된다. 지난해 3월 대전 오정동 선교사촌을 보존하기 위해 설립된 한국판 내셔널 트러스트 National Trust 인 오정골을 지키는 시민의 모임 은 2일 한남대 인돈학술원에서 기자회견을 갖고 해안선 보존운동 거북선 프로젝트 을 시작한다고 밝혔다. 또 내셔널 트러스트 운동을 더욱 확산시키기 위해 기존 모임을 역사.경관을 지키는 시민의 모임 이하 역사모 으로 확대 개편하기로 했다. 역사모 The National Trust for Korea 에서는 개발이나 도시화의 물결로부터 귀중한 자연과 역사적 환경이 파괴되는 것을 막기 위해 시민들의 헌금이나 자산기부등을 받아 보존가치가 높은 생태 및 문화 유산을 매입 보존.관리하게 된다. 또 땅 1평 3.3㎡ 사기 운동 등을 통해 보전 대상지역의 후원조직을 만들고 1일 1선 Make a Difference Day 사업 1기업 1후원 운동 등을 펼쳐가기로 했다. 역사모가 제1차 해안선 보존 대상지역으로 삼은 곳은 충남 보령시 신흑동 대천수양관 으로 1880년대 외국인 선교사 휴양촌으로 조성된 이곳에는 해송 海松 으로뒤덮인 9만2천4백여㎡의 숲과 50년대 건축물 57채가 원형대로 보전돼 있다. 이밖에 서해안 태안반도의 신두리 해안사구 砂丘 전통 어로방식의 원형이남아 있는 태안군 마도 馬島 서해안 식생군락의 보고 寶庫 인 천리포 수목원 논산시 강경읍의 근대 건축물과 산업유적 등도 보전 대상지역이다. 역사모의 박용남 朴容男.48 사무처장은 역사모는 시민들의 실질적인 참여를통해 우리 손으로 역사.문화 유산을 지켜 가는 새로운 시민 환경운동 이라며 100만회원 모집 운동과 국토보전신탁법 입법청원 운동 등도 병행할 계획 이라고 말했다. 한편 역사모의 활동 모습은 인터넷 홈페이지 www.greentrust.net 를 통해 살펴볼 수 있으며 후원은 조흥은행 591 04 129917 역사모 농협 415 02 142184 박용남 으로 하면 된다.,https://sports.news.naver.com/news.nhn?oid=001&aid=0000000096,2000.05.02
클린턴 GPS 민간 이용도 제고방안 발표,워싱턴 연합뉴스 빌 클린턴 미국 대통령은 자동차 운전자들과 선박이용객 산악등반대 비상구조대에게 기존에 비해 10배 정도 항로를 더 정확하게 제시해주는 위성위치추적시스템 GPS 에 민간인들이 한층 쉽게 접근할 수 있도록 하는 새로운 구상 을 1일 발표했다. 클린턴 대통령은 GPS의 정확도를 한층 높임으로써 전세계에서 사람의 목숨을구하는데 큰 도움을 줄 수 있게 됐다 면서 국가안보를 유지하면서도 일반 시민들의GPS 접근 폭을 한층 넓히게 한 과학적 기술 발전을 통해 이같은 방안을 마련할 수있었다 고 지적했다. 미 정부는 1일 자정부터 그간 군사 작전을 보호하기 위해 민간 GPS 위성신호를낮춰 위치관측의 정확성을 의도적으로 끌어내린 이른바 선택적 이용권 SA 을 더이상 사용하지 않을 계획이다. 클린턴은 미군이 그간 오랫동안 관례처럼 사용해온 SA를 더이상 사용하지 못하도록 중단 명령을 내렸다. 미국 정부가 민간인들에 대해 이 GPS를 이용할 때 미군에 비해 정확도를 고의로낮춘 것은 잠재적인 적이 이 시스템을 이용 미국의 미사일을 공격할 수 있다는 우려가 제기됐기 때문이다. 미 정부는 이에 따라 오는 2006년까지 SA 사용을 전면 중단하되 미군의 경우 외부로부터의 위협에 대한 평가에 따라 GPS 신호를 지역적으로 거부할 수 있도록 계속허용할 방침이다. 국방부에 의해 개발된 GPS는 위성을 통해 현재의 위치와 진로를 정확하게 제시해줌으로써 항공기 선박 등이 항로를 설정할 수 있도록 해주는 장치로 전세계에서무료로 사용이 가능하다. 그러나 직선으로 뻗어있는 고속도로에서 차량의 위치관측이 쉽지 않고 100m 전방의 위치를 관측하는데 불과해 기존 자동차 항법장치의 문제점으로 지적돼 왔다. 산악등반대들은 지도에 나와있지 않는 지대를 등반할 때 위치관측을 쉽게 할 수있게 됐으며 보트 탑승객들도 조류로 인해 형성된 사구 砂丘 및 여타 물밑 암초들을 한층 쉽게 파악할 수 있게 됐다.,https://sports.news.naver.com/news.nhn?oid=001&aid=0000000097,2000.05.02
미 브라질등 6국 불공정거래 WTO 제소,워싱턴 연합뉴스 신기섭특파원 미국은 1일 브라질 루마니아 인도 필리핀 아르헨티나 덴마크 등 6개국이 불공정 거래를 통해 미 기업에 피해를 입혔다고주장 이들 국가를 세계무역기구 WTO 에 제소할 계획이라고 밝혔다. 미 무역대표부 USTR 는 이날 성명을 통해 브라질은 섬유제품과 미 상품의 특허권 보호 루마이나는 의류.가금류.주류에 대한 가격 차별 인도와 필리핀은 자동차 관련 규정 아르헨티나는 특허권 보호 덴마크는 특허 및 저작권법 시행 등과 관련해 각각 불공정한 행위를 해왔다고 비난했다. 샬린 바셰프스키 무역대표는 성명에서 이들 국가에 대한 WTO제소 계획이 국제적인 의무와 상충되는 외국 정부의 행위에 대해 적극 대처하겠다는 우리의 의지를보여주는 것 이라고 말했다. USTR의 방침은 행정부가 매년 의회에 제출하는 차기 연도의 무역협상 우선순위에 관한 보고서에 포함돼 있다. 브라질등 6개국은 이에 따라 WTO에서 미국이 주장하는 불공정 거래행위에 대한 방어에 나서야 할 처지에 놓이게 됐으나 이 무역분규는 WTO의 개입 이전에 양자간협상을 통해 해결될 가능성도 있는 것으로 전망되고 있다.,https://sports.news.naver.com/news.nhn?oid=001&aid=0000000098,2000.05.02
밀라노프로젝트 노동계섬유업계 불법 2교대 갈등,대구 연합뉴스 이덕기기자 대구지역 노동계가 지역 섬유사업장들의 2교대근무제 적용 등 공공연한 근로기준법 위반 사례에 대한 법적 투쟁을 대구.경북 섬유사업장 전체로 확대할 움직임을 보이고 있어 근로시간 문제를 둘러싼 지역 섬유업체들과 노동계의 갈등이 본격화하고 있다. 대구지방노동청은 최근 ㈜갑을 경일염직 ㈜신광타올 등 지난 3월 민주노총대구지역본부가 불법 2교대 근무제 등 근로기준법 위반 혐의로 고발한 대구 서구지역108개 섬유업체 총무담당자와 사장 등에 대한 소환조사에 착수했다고 2일 밝혔다. 이에따라 지역 섬유사업장들의 대부분이 영세성을 면치 못하고 있는 소규모인데다 2교대 근무제가 업계에 관행화된 점 등을 감안할 때 이번에 고발당한 업체들 가운데 상당수가 조사후 벌금형을 받게 될 것으로 전망된다. 특히 민주노총은 이들 사업장들이 벌금형을 받은 뒤에도 불법 2교대 근무제 등근로기준법 위반 사례가 시정되지 않을 경우 계속해서 유사한 내용의 고발장을 제출할 계획이다. 민주노총은 또 이번 고발사건에 대한 당국의 조사가 종료된 후 대구.경북 전역의 섬유사업장들에 대해서도 광범위한 실태조사를 벌여 위반 사업장들을 고발조치할방침이다. 민주노총 관계자는 지역 섬유업체들의 불법 2교대 근무제 등 관행화된 근로기준법 위반 사례가 시정될 때까지 계속해서 법적 투쟁을 벌일 것 이라고 밝혔다. 한편 민주노총은 대구염색산업단지와 이현공단 등 서구 지역 162개 섬유 사업장들에 대한 근로기준법 위반 여부를 조사한 결과 이 가운데 108개업체가 주당 44시간 노사합의시에도 주당 56시간을 넘길 수 없도록 된 근로기준법을 공공연히 위반 불법 주야 2교대 근무제를 실시하고 있다며 지난 3월 23일 고발장을 제출했다.,https://sports.news.naver.com/news.nhn?oid=001&aid=0000000099,2000.05.02
