마음은 벌써 고향에	추석 명절을 고향에서 보내려는 귀성가족이 28일 서울 반포동 고속버스 터미널에서 고향으로 가는 버스를 기다리고 있다.	https://sports.news.naver.com/news.nhn?oid=421&aid=0000000002	2012.09.28
추석 인사하는 안철수 후보	안철수 무소속 대선후보가 28일 오후 서울 반포 고속터미널을 찾아 귀성객들과 인사를 나누고 있다.	https://sports.news.naver.com/news.nhn?oid=421&aid=0000000003	2012.09.28
유럽환율 9월 28일 GMT 오전 5시 현재		https://sports.news.naver.com/news.nhn?oid=421&aid=0000000004	2012.09.28
세계환율 9월 28일 GMT 오전 5시 현재		https://sports.news.naver.com/news.nhn?oid=421&aid=0000000005	2012.09.28
안철수의 인사	안철수 무소속 대선후보가 28일 오후 서울 반포 고속터미널을 찾아 귀성객들과 인사를 나누고 있다.	https://sports.news.naver.com/news.nhn?oid=421&aid=0000000006	2012.09.28
추석 연휴 민족 대이동 시작…고속도로 정체 증가세	서울 뉴스1 이후민 기자 예년에 비해 추석 연휴가 짧아지면서 연휴 하루 전인 28일부터 귀성을 서두르는 차량이 늘고 있다. 국토해양부는 이번 추석 연휴에는 2925만여명이 귀성길에 나설 것으로 전망했다. 한국도로공사에 따르면 오후 1시20분 기준으로 18만814대 차량이 수도권을 빠져나갔고 이날 하루 수도권을 빠져나가는 차량은 모두 45만3000대로 전망했다. 또 고속도로 전체 통행량은 약 400만대에 이를 것으로 내다봤다. 추석 연휴기간 고속도로를 이용하는 차량은 전국적으로 하루 평균 374만대에 달할 것으로 보인다. 추석 당일인 30일에는 최대 467만대 차량이 고속도로를 이용할 것으로 예상하고 있다. 한국도로공사 관계자는 28일 오후 경부고속도로를 시작으로 점차 정체가 확산돼 밤 늦은 시간까지 높은 수준의 정체를 유지할 예정 이라며 29일 새벽 잠시 주춤했다가 다시 이날 이른 아침부터 차량이 증가할 것으로 보인다 고 밝혔다. 예상 주요 혼잡 구간은 경부고속도로 동탄 천안 서해안고속도로 비봉 서평택 등으로 예상된다. 한국도로공사에 따르면 경부고속도로는 100㎞ 이상 정체가 일어날 가능성도 있다. 서울에서 주요 도시간 귀성길 소요 예상시간은 부산 5시간50분 대전 2시간50분 광주 4시간30분 강릉 3시간10분 목포 4시간50분 등이다. 한국도로공사는 28일 10월3일을 추석 연휴 특별교통대책기간으로 정해 교통예보팀을 강화 운영하고 콜센터 1588 2504 에 일일 90명 정도의 상담원을 배치했다. 교통정보 어플리케이션 고속도로교통정보 와 한국도로공사 홈페이지 ex.co.kr 로드플러스 홈페이지 roadplus.co.kr 등에서 교통정보를 실시간으로 확인할 수 있다. 한편 코레일은 철도를 이용해 고향으로 향하는 시민들을 위해 일부 증편 운행한다. 코레일은 추석 연휴기간 동안 총 273만7000여명이 철도를 이용할 것으로 내다봤다. 하루 평균 45만6000명이 이용해 평소 주말보다 약 13.4% 증가할 전망이다. 이에 따라 추석 연휴기간 동안 열차 운행을 하루 평균 71회 증편했다. 코레일은 KTX와 누리로 철도의 예비편성을 활용해 추석 연휴 기간 동안 임시철도를 총 62회 추가 운행한다고 밝혔다. KTX는 서울 부산 용산 광주 등 구간에 2회에서 최대 6회까지 총 42회를 추가 운행한다. 누리로는 서울 대전 용산 광주 등 구간에 2회에서 최대 4회까지 집중 운행하는 등 총 20회를 추가 운행한다. 코레일 관계자는 역귀성을 위해 철도를 이용하는 경우 부분적으로 좌석이 있지만 이 역시 대부분 매진된 상태 라고 밝혔다.	https://sports.news.naver.com/news.nhn?oid=421&aid=0000000007	2012.09.28
피치 美 재정절벽이 발생하면 글로벌 성장률 반토막 날 것	로이터 뉴스1 윤태형 기자 미국에서 재정절벽 이 발생할 경우 내년도 세계경제 성장률이 절반으로 감소할 것이라고 국제 신용평가사 피치가 27일 현지시간 밝혔다. 피치는 보고서에서 재정절벽으로 인해 미국과 세계경제는 침체로 접어들 가능성이 높다고 강조했다. 피치는 미국의 재정절벽은 글로벌 경제회복에 있어 가장 큰 단기 위험을 대표한다 고 말했다. 피치는 전면적인 재정감축이 최상의 시나리오가 아니라고 강조했다. 전면적인 재정감축의 속도와 범위는 미국 경제를 침체로 몰고갈 수 있다고 강조했다. 피치는 재정절벽이 발생할 경우 미국의 내년도 국내총생산 GDP 성장률이 현재 전망치인 2.3%에서 2% 낮은 0.3%를 기록할 것으로 분석했다. 이어 피치는 “재정절벽 충격으로 내년 세계 GDP 성장률도 1.3%로 반토막 날 수 있다”고 우려했다. 재정절벽 fiscal cliff 이란 내년 1월1일부터 예산안 자동삭감과 2001년 도입한 감세혜택이 종료되면서 미국 재정지출이 대규모 감소 재정이 바닥을 드러내는 상황을 말한다. 재정절벽이 현실화될 경우 미국의 재정지출 적자는 2012년 회계연도와 2013년 회계년도 사이에 6070억 달러가 자동적으로 줄어들게 된다.	https://sports.news.naver.com/news.nhn?oid=421&aid=0000000008	2012.09.28
검찰 ′저축은행 금품수수′ 박지원 불구속 기소	대검 중앙수사부 저축은행비리 합동수사단 최운식 단장이 28일 오후 서울 서초동 서울고검에서 4차 저축은행비리 수사결과를 발표하고 있다. 합동수사단은 박 원내대표를 특가법상 알선수재 및 정치자금법 위반 혐의로 불구속 기소했다고 밝혔다.	https://sports.news.naver.com/news.nhn?oid=421&aid=0000000009	2012.09.28
검찰 저축은행 비리 사건 수사 결과 발표	대검 중앙수사부 저축은행비리 합동수사단 최운식 단장이 28일 오후 서울 서초동 서울고검에서 4차 저축은행비리 수사결과를 발표하고 있다. 합동수사단은 박 원내대표를 특가법상 알선수재 및 정치자금법 위반 혐의로 불구속 기소했다고 밝혔다.	https://sports.news.naver.com/news.nhn?oid=421&aid=0000000010	2012.09.28
이화여대 의학전문대학원 수시모집 최종합격자 발표	서울 뉴스1 오기현 기자 2013학년도 이화여자대학교 의학전문대학원 수시모집 의무석사과정 M.D.과정 합격자 명단이 28일 발표됐다. 최종합격자는 총 46명 일반전형 43명 특별전형 3명 으로 합격자 가운데 생물학 전공 출신이 가장 많은 것으로 나타났다. 합격자 명단은 의학전문대학원 홈페이지 www.ewhamed.ac.kr 에서 확인할 수 있다. 한편 2013학년도 의무석사과정 정시모집 원서 접수는 오는 10월9일부터 11일까지 진행된다.	https://sports.news.naver.com/news.nhn?oid=421&aid=0000000011	2012.09.28
검찰 ′저축은행 금품수수′ 박지원 불구속 기소	대검 중앙수사부 저축은행비리 합동수사단 최운식 단장이 28일 오후 서울 서초동 서울고검에서 4차 저축은행비리 수사결과를 발표하고 있다. 합동수사단은 박 원내대표를 특가법상 알선수재 및 정치자금법 위반 혐의로 불구속 기소했다고 밝혔다.	https://sports.news.naver.com/news.nhn?oid=421&aid=0000000012	2012.09.28
검찰 저축은행 비리 사건 수사 결과 발표	대검 중앙수사부 저축은행비리 합동수사단 최운식 단장이 28일 오후 서울 서초동 서울고검에서 4차 저축은행비리 수사결과를 발표하고 있다. 합동수사단은 박 원내대표를 특가법상 알선수재 및 정치자금법 위반 혐의로 불구속 기소했다고 밝혔다.	https://sports.news.naver.com/news.nhn?oid=421&aid=0000000013	2012.09.28
검찰 저축은행 비리 사건 수사 결과 발표	대검 중앙수사부 저축은행비리 합동수사단 최운식 단장이 28일 오후 서울 서초동 서울고검에서 4차 저축은행비리 수사결과를 발표하고 있다. 합동수사단은 박 원내대표를 특가법상 알선수재 및 정치자금법 위반 혐의로 불구속 기소했다고 밝혔다.	https://sports.news.naver.com/news.nhn?oid=421&aid=0000000014	2012.09.28
이채필 노동장관 30년 무분규 경기·대원고속 방문	이채필 고용노동부 장관. News1 한재호 기자 서울 뉴스1 이은지 기자 이채필 고용노동부 장관. News1 한재호 기자 이채필 고용노동부 장관은 추석을 앞둔 28일 오전 귀성객 수송으로 분주한 경기·대원고속 노조 사무실을 찾아 노사를 격려하고 근로자들에게 안전운행을 당부했다. 올해 노사협력을 바탕으로 많은 성과를 창출하고 있는 운수업체를 찾아 현장 근로자들을 위로한 것이다. 이 장관이 방문한 경기고속과 대원고속은 KD운송그룹의 계열사로 근로자가 총 4900명에 이르지만 비정규직이 한명도 없다. 또 2005년부터 사측이 재무재표를 노동조합에 공개하고 노조가 임금교섭을 전면 위임받아 결정하는 등 30년간 무분규를 유지해왔다. 또한 유가인상과 승객감소에 대비해 출발 5분전 시동걸기 생활화 경제속도 준수 등 비용 절감과 생산성 향상에 전 직원이 동참하고 있다. 이 자리에서 이 장관은 경기·대원고속은 기업이 경영상황을 투명하게 공개하고 이를 바탕으로 노사가 적극 협력하는 독특한 모델을 만들어 가고 있다 며 나아가 안전 운행에 만전을 기하면서 교통사고 산재사고 제로현장을 만들어달라 고 요청했다. 이에 앞서 이 장관은 경기도 안양시 관양시장을 찾아 영세상인들을 격려하고 시장을 찾은 시민들과 인사를 나눴다. 이 장관은 온누리상품권으로 과일 쌀 등 시장 물품을 직접 구매하고 구매한 물품은 별도의 위문금과 함께 장애인 복지시설인 경기도 의왕시 녹향원에 전달했다.	https://sports.news.naver.com/news.nhn?oid=421&aid=0000000015	2012.09.28
신한銀 웅진 계열 협력업체 긴급 실탄 투입	서울 뉴스1 이현아 기자 웅진그룹 주거래은행인 신한은행이 웅진 계열사 협력업체에 대한 긴급 자금 수혈에 들어간다. 극동건설과 웅진홀딩스의 잇단 법정관리 신청으로 민족 최대 명절 추석을 앞두고 협력업체들이 연쇄 도산의 늪에 빠져들수 있다는 판단에서다. 신한은행은 28일 극동건설과 웅진홀딩스 협력업체들에게 대출금 상환유예 신속지원 Fast track 프로그램 우선 적용 등 긴급 금융지원책을 내놓았다고 밝혔다. 이에따르면 신한은행은 협력업체의 빚을 일정기간 상환을 늦춰주는 한편 급전이 필요한 업체들에게는 신속지원 Fast Track 프로그램을 가동해 실탄 을 지급하기로 했다. 신한은행 관계자는 일시적인 유동성 위기를 겪고 있는 웅진계열 협력업체들에게 조금이나마 자금 숨통을 틔워주는 계기가 되기를 바란다 고 말했다.	https://sports.news.naver.com/news.nhn?oid=421&aid=0000000016	2012.09.28
알카에다 이라크 북부 교도소 공격…재소자 200여명 탈옥	서울 뉴스1 조현정 기자 이라크 알카에다 연계조직이 27일 현지시간 이라크 북부 타스피랏 교도소를 공격해 재소자 200여명을 탈옥시켰다고 AFP통신이 보도했다. 이 과정에서 경찰관 14명이 사망했고 교도소장은 부상을 입은 것으로 전해졌다. 이번 사건에 앞서 알카에다 옌계 조직인 이라크이슬람국가 ISI 가 미군과 정부에 빼앗긴 영토 수복을 위한 새로운 공격에 나서 수감된 동료들을 탈출 시키겠다고 선포했다. 무장 세력이 교도소 정문 앞에서 차량 자살 폭탄 공격을 했고 이후 교도소 담장을 부쉈다. 이들은 교도소 경비원들을 공격했고 재소자 200명 이상이 탈출 했으나 이가운데 33명은 도로 붙잡혔다고 이라크 내무부 관계자가 말했다. 교도소 주변 지역에는 헬리콥터가 동원돼 탈주범 수색이 이루어지고 있으며 주민 통행금지령이 내려졌다. 타스피랏 교도소에는 알카에다 조직원 수십명을 포함해 900명이 수감돼있었다.	https://sports.news.naver.com/news.nhn?oid=421&aid=0000000017	2012.09.28
中외교부장 댜오위다오는 우리땅…日이 훔쳤다	양제츠 중국 외교부장 AFP News1 서울 뉴스1 고두리 기자 양제츠 중국 외교부장 AFP News1 중국과 일본이 유엔 무대에서 센카쿠 열도 중국명 댜오위다오 를 놓고 진흙탕 싸움을 벌이고 있다. 노다 요시히코 일본 총리가 26일 영토 분쟁은 국제법에 따라 해결해야 한다 고 선제 공격을 날리자 다음날인 27일 양제츠 중국 외교부장이 일본이 댜오위다오를 훔쳤다 며 반격에 나섰다. 양 부장은 이날 유엔총회에서 열린 일반토론 연설에서 중국의 영토주권 수호 의지가 확고하다 며 일본은 중국으로부터 댜오위다오를 훔쳤다는 역사적 사실을 절대 바꿀수 없다 고 말했다. 그는 일본의 댜오위다오 국유화 조치는 완전히 불법적이고 무효 라며 일본은 중국의 영주권을 위반하는 행동들을 즉시 멈추고 이러한 실수들을 바로잡을 구체적인 행동을 취하며 협상을 통한 분쟁 해결의 궤도로 돌아올 것을 촉구한다 고 강조했다. 이에 일본 측은 양 부장의 연설 후 답변권을 행사해 일본 정부는 1895년 1월 센카쿠를 일본 영토에 법적으로 편입한 것을 각의 결정했다 며 일본이 중국으로부터 센카쿠를 훔쳤다는 주장은 논리적으로 말이 안 된다 고 반박했다.	https://sports.news.naver.com/news.nhn?oid=421&aid=0000000018	2012.09.28
구치소 들어가는 곽노현 전 교육감	대법원에서 징역 1년의 확정판결을 받은 곽노현 전 교육감이 28일 오후 경기 의왕 서울구치소에서 수감 전 지지자들을 향해 손을 흔들고 있다.	https://sports.news.naver.com/news.nhn?oid=421&aid=0000000019	2012.09.28
구치소 들어서는 곽노현 전 교육감	대법원에서 징역 1년의 확정판결을 받은 곽노현 전 교육감이 28일 오후 경기 의왕 서울구치소에서 수감 전 지지자들을 향해 손을 흔들고 있다.	https://sports.news.naver.com/news.nhn?oid=421&aid=0000000020	2012.09.28
안희정 유럽 순방 성과 보고회	안희정 도지사 News1 홍석민 기자 대전ㆍ충남 뉴스1 홍석민 기자 안희정 도지사 News1 홍석민 기자 안희정 지사는 28일 도청 기자실에서 유럽 순방 귀국 간담회를 열고 순방 성과를 설명했다. 안 지사는 지난 16일부터 27일까지 우크라이나와 네덜란드 폴란드를 방문해 우호교류협정을 체결하고 간척지 해수유통 및 농업혁신 사례를 벤치마킹한 데 이어 세계혁신포럼에 참가해 특별연설을 하는 등 다각적인 활동을 펼쳤다. 특히 그의 이번 유럽 순방은 비EU 동유럽 지역 진출을 위한 교두보를 확보하고 일본의 과거사 문제를 정면으로 지적하는 등 경제협력 뿐 아니라 평화 외교 행보로 강한 인상을 남겼다. 동유럽 교두보 확보 등 우호교류 확대 안 지사는 17일 이하 현지 시간 우크라이나 크림자치공화국을 방문해 안아톨리 블라디미로위치 모길려브 내각 수상과 경제통상농업관광 분야 등의 교류를 본격 추진하는 것을 골자로 하는 우호협력 협정을 체결했다. 이어 알렉세이 왈레리에위치 보야르축 얄타시장을 만나 도내 시군과 얄타시 간 관광교류 및 해양 관광자원 연계 교류 방안 등을 논의했다. 18일에는 우크라이나 심페로폴 자치구의 블라드미르 지바짜 시장과 시의회 의장을 만나 한국 농산물 등에 대한 교류협력 방안을 논의했다. 이 만남은 일정에 없었지만 지바짜 시장이 요청해 이뤄졌다. 21일에는 네덜란드 델타래스사 틸만스 대표와 제이란트주 하이닝 부지사를 잇달아 만나 간척사업 후 생태 관리 문제에 대한 협력방안을 모색했다. 24일에는 폴란드 비엘코폴스카주를 방문 세계 혁신포럼에 참석해 특별연설을 하고 주의회를 찾아 자매결연 10주년 특별연설을 한 뒤 마렉 워즈니악 주지사와 간담회를 갖고 교류협력 발전 방안을 논의했고 25일에는 ‘충청남도비엘코폴스카주 경제인 간담회’를 여는 등 활발한 교류협력 활동을 이어갔다. 일본 겨냥해 피해국 연대 다지며 평화외교 눈길 안 지사는 유럽 순방 중 과거사평화연대21세기 가치 등을 키워드로 하는 메시지를 강조해 눈길을 끌었다. 제대로 된 과거사 반성이 없는 일본을 겨냥해 대한민국의 외교적 입지를 강화시키는 데 기여하는 평화 외교 행보였다. 안 지사는 25일 마렉 워즈니악 폴란드 비엘코폴스카주 주지사를 만나 “일본 정치인들이 최근들어 그 역사를 잘못된 것이 없다고 주장하고 있다”며“그건 아시아 지역의 평화에 굉장히 위험한 일”이라고 지적했다. 이에 워즈니악 주지사는 “일본의 만행에 대해 접할 기회가 있었다. 독일의 경우에는 어느 정도 해소됐다. 폴란드를 침략한 독일의 군국주의를 이끈 장군들의 묘지에 가서 참배를 한다는 것은 있을 수 없는 일”이라며 “일본 정치의 미숙함이다. 용서를 빌고 실천을 이끌만한 빌리브란트와 같은 위대한 정치인이 일본에 나와야 할 것 같다”고 화답했다. 또 안 지사는 24일에는 폴란드 비엘코폴스카 주의회 특별연설을 통해 “폴란드와 대한민국은 20세기 주권을 빼앗긴 아픈 경험을 갖고 있다”며 “미래를 향한 화합과 국제적 연대는 가해자가 아닌 피해자가 주도할 수 있다”고 역설했다. 이밖에도 22일 네덜란드 헤이그 이준 열사 기념관과 23일 폴란드 바르샤바의 유태인 수용·학살 현장인 파비악 Paviak 박물관을 잇달아 찾아 무릎꿇고 진심으로 반성하는 독일의 모습과 대비되는 일본의 태도에 유감을 표명했다. 그는 파비악 박물관 방명록에 “청산과 응징없는 용서는 역사의 반동과 퇴행”이라고 적고 “역사와 과거사에 대한 바른 인식이 있을 때 대한민국의 미래도 있는 것이고 올바른 사죄와 반성 그리고 실천이 있을 때 동북아의 평화가 열리는 것”이라고 강조했다. 충남 현안 해결 모색 위한 벤치마킹 농업대국인 네덜란드의 화훼산업과 농정기술 간척지 하구역 해수유통 방안 등을 벤치마킹하며 충남 현안 해결책을 모색한 것도 유럽 순방 중 성과였다. 안 지사는 20일 세계적인 화훼종구회사인 네덜란드 스텐보르덴사를 22일에는 대규모 유리온실 화훼농가를 방문해 시설원예 분야 에너지 절감 및 자동화 사례를 보고 배우며 3농혁신과의 접목방안을 모색했다. 21일에는 네덜란드 담수호와 방조제의 홍수조절 및 용수공급분야 국책전문 연구기관이 델타래스사와 이 나라 최대 간석사업시행 자치단체인 제이란트주를 잇달아 방문해 간척지 하구역 해수유통 등 수질관리 및 오염 해결방안을 집중 탐색했다. 정치와 행정의 패러다임 전환 촉구 강한 인상 남겨 상대국 지도자들을 상대로 정치와 행정의 패러다임 전환을 촉구해 강한 인상을 남기기도 했다. 24일 폴란드 비엘코폴스카주에서 열린 세계혁신포럼 특별 연설을 통해서는 “미래사회를 위한 에너지 정책은 미래사회를 위한 용기 있는 정치를 필요로 한다”며 “정치의 의제를 무조건적인 경제성장의 논리로부터 지속가능한 사회발전 전략으로 전환시키자”고 역설했다. 이밖에도 각국 자치단체 지도자들과의 교류 간담회 자리에서 “21세기는 지역 단위 외교의 중요성이 부각되고 있다”며 “지방정부간 활발한 교류가 세계 평화와 번영에 기여할 것이다. 우리가 그 모범이 되자”고 적극적으로 제안했다.	https://sports.news.naver.com/news.nhn?oid=421&aid=0000000021	2012.09.28
구치소 들어가는 곽노현 전 교육감	대법원에서 징역 1년의 확정판결을 받은 곽노현 전 교육감이 28일 오후 경기 의왕 서울구치소에서 수감 전 지지자들을 향해 손을 흔들고 있다.	https://sports.news.naver.com/news.nhn?oid=421&aid=0000000022	2012.09.28
엄마품에서 잠든 아이	추석 명절을 고향에서 보내려는 한 귀성객이 28일 서울 반포동 고속버스 터미널에서 잠든 아이를 안고 고향으로 가는 버스를 기다리고 있다.	https://sports.news.naver.com/news.nhn?oid=421&aid=0000000023	2012.09.28
귀성 인파	추석 명절을 고향에서 보내려는 한 귀성객이 28일 서울 반포동 고속버스 터미널에서 잠든 아이를 안고 고향으로 가는 버스를 기다리고 있다.	https://sports.news.naver.com/news.nhn?oid=421&aid=0000000024	2012.09.28
검찰 ′저축은행 금품수수′ 박지원 불구속 기소	대검 중앙수사부 저축은행비리 합동수사단 최운식 단장이 28일 오후 서울 서초동 서울고검에서 4차 저축은행비리 수사결과를 발표하고 있다. 합동수사단은 박 원내대표를 특가법상 알선수재 및 정치자금법 위반 혐의로 불구속 기소했다고 밝혔다.	https://sports.news.naver.com/news.nhn?oid=421&aid=0000000025	2012.09.28
제주도 유네스코 생물권보전지역 재지정 심사	우근민 도지사는 27일 최청일 유네스코 생물권보전지역 한국위원회 위원장에게 ‘제주도 생물권보전지역 정기보고서’를 전달했다. 사진 제주도 News1 한종수 기자 제주 뉴스1 한종수 기자 우근민 도지사는 27일 최청일 유네스코 생물권보전지역 한국위원회 위원장에게 ‘제주도 생물권보전지역 정기보고서’를 전달했다. 사진 제주도 News1 한종수 기자 우근민 제주도지사는 27일 오후 집무실에서 최청일 유네스코 생물권보전지역 한국위원회 위원장에게 ‘제주도 생물권보전지역 정기보고서’를 전달했다. 2002년 지정된 제주 생물권보전지역이 올해로 만 10년이 되면서 유네스코가 재지정 여부를 위한 첫 평가를 연내에 실시하는데 따른 것이다. 우 지사는 이날 “유네스코 자연과학분야 3관왕 타이틀이 유지될 수 있도록 보고서를 채택에 적극 협조해달라”고 당부했다. 최 위원장은 “보고서를 유네스코본부에 잘 전달하겠다”며 “제주가 세계 생물권보전지역을 선도할 수 있도록 힘써달라”고 말했다. 보고서는 10월 유네스코 생물권보전지역 자문위원회에서 검토를 거친 뒤 내년 7월경 유네스코 국제조정이사회에서 최종 심의하게 된다. 보고서가 채택될 경우 세계자연유산에 이어 생물권보전지역도 타이틀을 수성하게 된다. 제주도는 2002년 생물권보전지역을 시작으로 2006년 세계자연유산 2010년 세계지질공원에 지정됐다. 생물권보전지역은 10년 세계자연유산은 6년 세계지질공원은 4년마다 심사를 거쳐 재지정 여부가 결정된다.	https://sports.news.naver.com/news.nhn?oid=421&aid=0000000026	2012.09.28
전남대 장소마케팅연구센터 오월길 아트힐라피스트 양성 잡담회	오월길 아트힐라피스트 Art HealRapist Art Healing Therapy 전문가를 의미하는 신조어 양성과정 전문가 집담회가 27일부터 양일간 대인예술시장에서 열렸다. News1 광주 뉴스1 김태성 기자 오월길 아트힐라피스트 Art HealRapist Art Healing Therapy 전문가를 의미하는 신조어 양성과정 전문가 집담회가 27일부터 양일간 대인예술시장에서 열렸다. News1 전남대 문화전문대학원 장소마케팅연구센터 센터장 이무용 교수 는 27일부터 이틀간 대인예술시장 미테우그로에서 오월길 아카데미의 핵심사업인 오월길 아트힐라피스트 양성과정 전문가 집담회를 개최했다. 오월길 5·18 Road 조성은 오월정신이 담긴 공간을 이어 오월길을 만들고 걷기를 통해 광주의 도시형 도보관광 브랜드를 구축하는 사업이다. 스토리텔링을 통한 오월길 코스 개발을 시작으로 오월길 아카데미 운영 가이드맵북 제작 등을 진행 중에 있다. 오월길 아카데미는 아티스트와 치유전문가를 대상으로 한 전문인력 양성과정으로 아트힐라피 Art HealRapist·Art Healing Therapy 전문가를 의미하는 신조어 프로그램의 구체적인 방안을 모색한다. 이날 집담회에 참석한 아티스트와 예술치유 전문가들은 치유와 소통 걷기를 통해 오월길에 무엇을 채울 것인지 논의했다. 김종필 극단 연인 대표는 오월길 위의 예술은 긍지와 자긍심을 심어줄 수 있어야 한다 며 기존의 5·18 콘텐츠의 한계에서 벗어나 오월의 경험을 승화하는 방법을 구체적으로 모색해야 한다 고 주장했다. 강혜림 빛고을춤명상학교 춤 치료사는 오월길이라고 해서 오월에 너무 집착하지 않았으면 좋겠다 며 오히려 길 위의 사람들이 자기 삶에 대해 터놓고 이야기를 나눌 수 있는 공간이 돼야만 오월정신이 추구하는 대동세상과 뜻을 같이 할 수 있다고 본다 고 말했다. 오월길의 참여대상을 구분 짓지 않고 관계맺기와 교감을 통해 접점을 찾는 것이 중요하다는 것으로 의견이 모아졌다. 오월길 프로젝트 총괄책임자인 이무용 교수는 오월정신의 역사적 측면보다는 오월 당시 광주시민들이 느꼈던 본연의 순수함을 다시 하나로 모으는데 초점을 맞추고자 한다 며 오월길을 사회디자인 차원에서 접근할 필요가 있다 고 주장했다. 이호동 조각가는 코스별로 개발된 오월길의 특징을 살려 아티스트들의 참여를 유도해야 한다 며 오월길에서 아티스트들은 치유자가 아닌 사람과 사람을 잇는 중간 매개자 역할을 해야 한다 고 강조했다. 집담회를 통해 논의된 이야기들은 향후 오월길 아트힐라피스트 워크숍과 오월길 워킹 콘서트를 통해 구체화 될 예정이다.	https://sports.news.naver.com/news.nhn?oid=421&aid=0000000027	2012.09.28
사진 김종성 충남교육감 전국체전 출전 선수 격려	News1 대전ㆍ충남 뉴스1 홍석민 기자 News1 김종성 충남교육감은 28일 새벽 논산에 있는 충남체육고등학교를 찾아 새벽 훈련 중인 선수와 지도코치 감독 등을 격려했다. 이번 방문은 전국체전을 13일 남겨놓고 선수들을 격려하기 위한 것이다. 이 자리에는 논산계룡지역 학교장 학교운영위원장과 체육관계자 등 20여명이 함께 했다. 김 교육감은 선수들과 함께 한 식사자리에서 “그동안 흘린 땀이 헛되지 않도록 앞으로 남은 기간 개인 건강관리와 안전에 유의해 줄 것”을 당부했다.	https://sports.news.naver.com/news.nhn?oid=421&aid=0000000028	2012.09.28
곽노현 전 교육감 잘 다녀오겠습니다	대법원에서 징역 1년의 확정판결을 받은 곽노현 전 교육감이 28일 오후 경기 의왕 서울구치소로 수감되고 있다.	https://sports.news.naver.com/news.nhn?oid=421&aid=0000000029	2012.09.28
구치소 수감되는 곽노현 전 교육감	대법원에서 징역 1년의 확정판결을 받은 곽노현 전 교육감이 28일 오후 경기 의왕 서울구치소로 수감되고 있다.	https://sports.news.naver.com/news.nhn?oid=421&aid=0000000030	2012.09.28
구치소 수감되는 곽노현 전 교육감	대법원에서 징역 1년의 확정판결을 받은 곽노현 전 교육감이 28일 오후 경기 의왕 서울구치소로 수감되고 있다.	https://sports.news.naver.com/news.nhn?oid=421&aid=0000000031	2012.09.28
전남농기원 모싯잎송편 주재료 동부콩 국산화	모싯잎송편 사진제공 영광군 News1 나주 뉴스1 고영봉 기자 모싯잎송편 사진제공 영광군 News1 전남도농업기술원은 생육기간이 짧고 한꺼번에 수확이 가능한 동부 콩 전남1호 를 개발했다고 28일 밝혔다. 넝쿨성 콩의 일종인 동부 콩 은 영광의 대표 특산물의 하나인 모싯잎송편 등 송편의 속재료 소 로 사용되면서 수요가 늘고 있다. 캄보디아 미얀마 등 지에서 연간 1만여t을 수입하고 있다. 전남도농기원은 지난 2009년부터 아프리카가 원산지인 동부 품종 육성에 나서 3년여 만에 전남1호 를 개발했다. 전남1호 는 키가 40㎝ 내외로 넓은 면적에서의 재배가 가능하다. 생육기간도 70∼80일로 짧아 봄과 가을 시설원예 작물의 전·후작 前後作 재배용으로 적합하다. 시험재배 결과 2기작도 가능했다. 전남농기원은 올해 일부 농가에 종자를 공급했으며 내년에는 영광군 등지를 중심으로 종자 지원과 재배단지 조성 등에 적극적으로 나설 계획이다. 영광의 특산품인 모싯잎송편 은 건강식품으로 각광받으면서 지난해 250억 원 올해 상반기에만 180억 원의 매출을 기록했다. 송편 주재료인 동부가 국내산이 아니어서 지리적 표시 등록 이 어려웠다. 전남농업기술원 김동관 박사는 동부 국산화로 수입대체 효과는 물론 영광 모싯잎송편의 지리적 표시 등록 이 가능해져 부가가치가 크게 높아질 것 이라고 밝혔다.	https://sports.news.naver.com/news.nhn?oid=421&aid=0000000032	2012.09.28
구치소 들어가는 곽노현 전 교육감	대법원에서 징역 1년의 확정판결을 받은 곽노현 전 교육감이 28일 오후 경기 의왕 서울구치소에서 수감 전 지지자들과 인사를 나누고 있다.	https://sports.news.naver.com/news.nhn?oid=421&aid=0000000033	2012.09.28
구치소 수감되는 곽노현 전 교육감	대법원에서 징역 1년의 확정판결을 받은 곽노현 전 교육감이 28일 오후 경기 의왕 서울구치소로 수감되고 있다.	https://sports.news.naver.com/news.nhn?oid=421&aid=0000000034	2012.09.28
전남 순천시 정원박람회 식품안전 걱정 뚝	순천 뉴스1 서순규 기자 전남 순천시 시장 조충훈 는 여수세계박람회에서 사용한 최신 식품검사 장비를 전남도로부터 이관 받아 내년 순천만국제정원박람회 식품검사 장비로 사용키로 했다고 28일 밝혔다. 시는 여수세계박람회 조직위가 전남도에 기증한 미생물배양기 등 11종의 식품검사 장비를 전남도와의 협의를 거쳐 27일 이관받아 순천국제정원박람회 기간동안 사용키로 했다. 시는 약 5000만원 상당의 식품검사장비가 이관돼 예산절감 효과 뿐만 아니라 효율적인 식품검사를 할 수 있을 것으로 기대했다. 시 관계자는 정원박람회 기간 식중독 발생 등 식품으로 인한 안전사고가 발생하지 않도록 식품위생업무에 만전을 기하겠다 고 말했다.	https://sports.news.naver.com/news.nhn?oid=421&aid=0000000035	2012.09.28
구치소 수감되는 곽노현 전 교육감	대법원에서 징역 1년의 확정판결을 받은 곽노현 전 교육감이 28일 오후 경기 의왕 서울구치소로 수감되고 있다.	https://sports.news.naver.com/news.nhn?oid=421&aid=0000000036	2012.09.28
동두천경찰 출동 경찰관 허벅지 깨문 30대 주폭 영장	동두천 뉴스1 이상휼 기자 경기 동두천경찰서는 28일 술집에서 행패를 부리다가 출동한 경찰관의 허벅지를 이로 물어뜯은 혐의 공무집행방해 등 로 김모 37 씨에 대해 구속영장을 신청했다. 김씨는 이날 오전 1시쯤 동두천시 생연동의 한 술집에서 물품을 던지고 난동을 부리다가 출동한 경찰관들에게 맥주병을 휘두르는 등 폭력을 행사하고 상해를 가한 혐의를 받고 있다.	https://sports.news.naver.com/news.nhn?oid=421&aid=0000000037	2012.09.28
한국전쟁 춘천지구전투 전승행사 10월 5일 개최…월드스타 ‘싸이’ 특별출연	강원 뉴스1 강승권 기자 한국전행 당시 춘천지구전투 승리를 기념하는 행사가 10월 5 7일 삼천동 수변공원에서 열린다. 5일 첫날 행사로는 오후 2시 수변공원에서 열리는 군악연주를 비롯 난타공연 특공무술 의장대 시범 시가지 행진 등이 있을 예정이다. 시가지 행진에는 군악대 기수단 참전용사 특공연대 부대원 K 1전차 등의 장비가 참여한다. 또 오후 7시 수변공원 야외무대에서는 인기가수와 연예병사가 함께 하는 국군방송 위문열차 공연이 진행된다. 2군단 사령부 관계자는 특히 위문열차 공연에 월드스타 ‘싸이’를 비롯 NS윤지 김보경 KCM 등의 인기가수들이 출연할 예정이라고 28일 밝혔다. 6일에는 오후 1시 30분부터 수변공원과 하중도섬 일대에서 7사단 포병과 공병 전차대대 등이 참여하는 춘천대첩 재연 행사가 계획되어 있다. 이어 특전사 고공낙하 헬기비행 공군에어쇼 특공무술 시범 공연 등도 펼쳐진다. 상시행사로는 전차 및 장갑차 탑승체험 서바이벌 사격체험 등이 마련되며 전투장비 및 탄약 전시 6.25전사자 유품전시 사진전 등도 진행된다. 한편 춘천지구전투는 한국전쟁 개전 초기 춘천 옥산포와 소양강 봉의산 일대에서 북한군의 남진을 3일간 지연시켜 한강방어선 확보에 결정적인 역할을 한 전투이다.	https://sports.news.naver.com/news.nhn?oid=421&aid=0000000038	2012.09.28
새누리당 유승우 의원 외국인 강력범죄 매년 급증	서울 뉴스1 조재현 기자 국내 외국인 체류자가 증가하면서 관련 강력범죄가 증가하는 것으로 나타났다. 28일 국회 행정안전위원회 소속 유승우 새누리당 의원이 경찰청으로부터 제출받은 자료에 따르면 외국인 범죄는 지난 2010년 2만2543건에서 2011년 2만6915건으로 증가했다. 올해 6월까지 외국인 범죄는 1만1384건이다. 범죄유형별로는 폭력이 7840명으로 가장 많았고 지능범죄 3549명 도박 2936명 절도1766명 등 순이었다. 특히 외국인 성범죄는 2009년 126건에서 2010년 156건 2011년 308건 등으로 해마다 급격히 증가하고 있다. 이에 따라 경찰은 외국인 강력범죄에 대비해 10개 지방청에 국제범죄수사대를 운영하면서 외국인들에 대한 구체적 정보를 수집하고 있다. 경찰청에 따르면 국제범죄수사대 편성 후 서울청은 2010년도에 비해 지난해 38.4% 경기청은 같은 기간 19.5% 등으로 외국인 피의자 검거실적이 증가했다. 유 의원은 경찰의 국제범죄수사대 운영은 외국인 범죄 대응에 있어 상당한 효과가 있지만 범죄 발생 비율에 비해 국제범죄수사대 인원이 부족한 상황 이라고 지적했다. 경찰서별 외국인 범죄 발생 현황을 보면 서울 구로 서울 영등포 경기 안산단원 서울 금천구 경기 시흥 등 순으로 높았다. 그러나 외국인 범죄 비율이 높은 구로와 영등포 수사대 인원현황은 16명으로 용산 23명 ·종로 34명 등에 비해 적은 것으로 나타났다. 유 의원은 외국인 범죄밀집 현황에 맞게 국제범죄수사대를 효율적으로 배치하고 외국인 범죄 취약시기·요일·시간대를 파악해 경찰기동대와 합동으로 수시 검문검색을 강화해야 한다 고 주장했다. 이어 무엇보다 범죄가 일어나지 않게 예방하는 것도 중요하다 며 경찰청은 범죄가 증가하지 않도록 예방 대책을 강구해 주길 바란다 고 강조했다.	https://sports.news.naver.com/news.nhn?oid=421&aid=0000000039	2012.09.28
인사한수원 울진원자력본부		https://sports.news.naver.com/news.nhn?oid=421&aid=0000000040	2012.09.28
인사한수원 월성원자력본부		https://sports.news.naver.com/news.nhn?oid=421&aid=0000000041	2012.09.28
獨·佛 EADSBAE 합병 기업의 27% 공동지분 확보 가능성  FT 독일어판	베를린 로이터 뉴스1 권영미 기자 독일과 프랑스가 EADS BAE 합병 기업의 27% 공동지분을 확보할 가능성 있으나 영국이 반대할 것이라고 파이낸셜 타임즈 독일판 FTD 이 보도했다. 금요일 판에 실릴 예정인 기사에서 FTD는 예상지분 27%는 새 합병 기업의 경영진에 대한 주주 견제권을 확보할 수 있는 수준이라고 정통한 소식통의 말을 전했다. 독일과 프랑스가 이 지분을 요구할 경우 국가 영향력이 감소되기 원한다는 뜻을 반복해서 밝혀온 EADS의 톰 엔더스 최고경영자 CEO 와 갈등을 빚어 협상이 깨질 수도 있다. 영국과 미국 또한 합병 기업에 정치적 입김이 강해지는 것을 꺼린다. FTD는 프랑스가 이 제안을 지지하고 있지만 독일에게 동등한 지위를 부여하기 위해 지분 양보를 할 의사가 아직까지는 없는 것으로 보인다고 전했다. FTD는 산업계의 자료를 인용하면서 독일이 이 제안을 승인할지는 미지수라고 보도했다. 27%의 지분을 확보하게되면 양국은 합병된 기업의 이사회에서 각각 하나의 의석을 갖게 된다. 프랑스는 EADS의 주식 15%를 보유하고 있으며 합병 후에도 그룹 전략에 대한 경영권 참여를 계속 지니기를 원하고 있다. 프랑스는 7.5%의 지분을 가진 라가르디어와의 공동협약을 통해 경영권을 행사하고 있다. 독일은 주식을 보유하지 못했으나 이번 합병을 다임러와 은행들이 보유한 주식을 인수받아 지분을 확보할 기회로 노리고 있다. 보도에 따르면 27% 주식보유를 위해서는 프랑스가 라가르디어의 7.5%지분을 사고 독일 정부가 의결권자인 다임러의 22.5%주식을 모두 매입하면 된다. 이렇게 되면 제안된 합병 조건하에서 프랑스와 독일은 각각 13.5%의 지분을 갖게 된다.	https://sports.news.naver.com/news.nhn?oid=421&aid=0000000042	2012.09.28
김상곤 경기교육감과 포옹하는 곽노현 전 교육감	대법원에서 징역 1년의 확정판결을 받은 곽노현 전 교육감이 28일 오후 경기 의왕 서울구치소로 수감 전 김상곤 경기도교육감과 포옹을 하고 있다.	https://sports.news.naver.com/news.nhn?oid=421&aid=0000000043	2012.09.28
곽노현 역사의 새봄에서 환한모습으로 다시 만나자	대법원에서 징역 1년의 확정판결을 받은 곽노현 전 교육감이 28일 오후 경기 의왕 서울구치소로 수감 전 인터뷰를 하고 있다.	https://sports.news.naver.com/news.nhn?oid=421&aid=0000000044	2012.09.28
구치소 수감되는 곽노현 전 교육감	대법원에서 징역 1년의 확정판결을 받은 곽노현 전 교육감이 28일 오후 경기 의왕 서울구치소로 수감되고 있다.	https://sports.news.naver.com/news.nhn?oid=421&aid=0000000045	2012.09.28
사진 육거리종합시장 주차장 틈이 없다	News1 김용빈 기자 충북 뉴스1 김용빈 기자 News1 김용빈 기자 추석 연휴를 앞둔 28일 충북 청주시 육거리종합시장을 찾은 방문 차량들이 공용주차장 입구에 줄지어 서 있다.	https://sports.news.naver.com/news.nhn?oid=421&aid=0000000046	2012.09.28
대만마감 가권지수 0.4% 상승 마감	타이베이 로이터 뉴스1 민보영 기자 대만 증시가 28일 4% 상승 마감했다. 포모사 리젠트 등의 호텔은 10월초 중국의 연휴 동안 중국 관광객이 늘어날 것으로 보고 있다. 이에 따라 포모사 리젠트가 0.3% 상승했다. 대만 가권 지수는 31.36 포인트 하락한 7715.16을 기록했다. 이번 분기의 상승세는 16% 하락했던 전년 동기보다 개선된 수준이다. 2분기에는 5% 하락했다. 미 달러화 대비 대만달러는 0.09 대만달러 상승한 29.33 대만달러에 장을 마쳤다.	https://sports.news.naver.com/news.nhn?oid=421&aid=0000000047	2012.09.28
정겨운 고향역	민족 고유의 명절 추석을 앞두고 28일 오후 광주역에는 KTX를 타고 고향을 찾은 귀성객들이 도착하고 있다. 올 추석 연휴는 전국적으로 3천만 명 가까운 사람들이 대이동을 할 것으로 예상되며 오늘부터 연휴동안 KTX를 4회이상 증차했다.	https://sports.news.naver.com/news.nhn?oid=421&aid=0000000048	2012.09.28
영주경찰 부녀자 납치·감금  용의자 2명 검거	대구·경북 뉴스1 피재윤 기자 미제사건으로 남아 하마터면 묻힐 뻔한 부녀자 납치·감금사건이 유전자 감식으로 3년 만에 해결됐다. 경북 영주경찰서는 28일 모 교도소에 수감됐다 출소한 A 28 씨 등 2명을 강도상해 등의 혐의로 붙잡아 조사 중이다. A씨 등은 2009년 9월5일 새벽 1시30분께 구미시 진평동의 한 건물 앞에서 B 38·여 씨·C 38·여 씨 등 2명을 납치해 현금과 신용카드를 빼앗아 달아난 혐의를 받고 있다. 소년교도소에서 알게 된 이들은 훔친 차량으로 B씨와 C씨를 납치해 눈과 손발 등을 테이프 등으로 결박해 끌고 다닌 것으로 경찰 조사에서 드러났다. 이들은 다음날 같은 시간대 영주지역의 한 은행 앞에서 승용차를 몰고 가는 여성을 발견 뒤따라가다 인적이 드문 곳에서 고의로 사고를 낸 뒤 납치하려다 미수에 그친 혐의도 받고 있다. 경찰은 당시 사고 차량에서 DNA를 확보 범인을 추적해 왔다. 경찰 관계자는 이들은 범행을 미리 모의한 뒤 훔친 차량의 번호판을 바꿔치기 하는 수법 등으로 수사망을 피해왔다 고 말했다. 경찰은 이들의 수법 등으로 미뤄 다른 범행이 더 있을 것으로 보고 여죄를 캐고 있다.	https://sports.news.naver.com/news.nhn?oid=421&aid=0000000049	2012.09.28
연세대 재수강 제도 개편…신입생부터 원칙적으로 금지	서울 뉴스1 오기현 기자 연세대학교는 2013학년도 신입생부터 원칙적으로 재수강을 할 수 없도록 하는 재수강 제도 개편안을 28일 발표했다. 개편안에 따라 2013학년도 신입생부터는 건강문제 경제적 사정 등 불가피한 사유가 있을 때만 최대 3회까지 재수강 신청을 할 수 있게 됐다. 필수과목에 낙제점을 받아 졸업을 하지 못하게 될 경우에도 해당 교과목에 한해 재수강을 신청할 수 있다. 한편 기존 제도에서는 재수강 이전에 취득한 학점과 재수강으로 받게 되는 학점 중 하나만 전체 취득학점에 반영됐지만 이번 개편안에서는 두개의 취득학점 모두 전체 성적에 반영되도록 변경됐다. 그동안 재수강 제도는 성적이 저조한 학생들의 학점 올리기 수단으로 악용돼 왔다는 지적을 받아왔다.	https://sports.news.naver.com/news.nhn?oid=421&aid=0000000050	2012.09.28
이광재 전 강원지사 벌금형… 억울하다. 항소하겠다	이광재 전 강원지사. News1 박세연 기자 서울 뉴스1 박지혜 기자 이광재 전 강원지사. News1 박세연 기자 유동천 제일저축은행 회장 72 으로부터 불법 정치자금을 받은 혐의로 이광재 전 강원도지사 47 가 벌금형을 선고받았다. 서울중앙지법 형사합의22부 부장판사 김대웅 는 28일 이 전 지사에 대해 2010년 6월 유 회장으로부터 1000만원을 받은 부분에 대해서만 유죄로 판단하고 벌금 500만원에 추징금 1000만원을 선고했다. 벌금형을 선고 받은 뒤 이 전 지사는 기자들에게 억울하다. 혐의 3개 중 하나에 대해 유죄를 선고받았으나 하나도 무죄로 밝혀질 것이라 믿는다 며 항소하겠다고 밝혔다. 또 이 정부 들어서 굉장히 고통스럽다는 차원을 넘어서 모질고 힘든 시간 보내고 있는데 긴 어둠도 마지막 터널 끝에 와있다고 생각한다 고 말했다. 재판부는 2010년 6월 이 전 지사가 일식집에서 유 회장으로부터 1000만원을 받은 혐의에 대해서는 유 회장의 진술이 수사부터 법정까지 일관돼 신빙성이 있다 며 유죄로 판단했다. 그러나 2009년 유 회장의 집무실에서 1000만원을 받은 혐의에 대해서는 증인들의 진술에 신빙성이 없다며 무죄로 판단했다. 또 2011년 1000만원을 받은 혐의에 대해서는 당시 집행유예를 선고받은 이 전 지사는 10년간 선거권과 피선거권을 잃고 공직선거법상 선거운동과 정당 당원을 할 수 없는 상황이었으므로 정치활동을 하는 사람으로 볼 수 없다 며 무죄를 선고했다. 이 전 지사는 2009 2011년 3차례에 걸쳐 유 회장으로부터 3000만원의 불법 정치자금을 받은 혐의로 지난 2월 불구속기소됐다. 이 전 지사는 지난 2010년 강원도지사에 당선됐지만 박연차 전 태광실업 회장으로부터 불법 정치자금을 받은 혐의로 징역6월에 집행유예 1년이 확정돼 도지사직을 잃었다.	https://sports.news.naver.com/news.nhn?oid=421&aid=0000000051	2012.09.28
IMF 신흥국 선진국 성장 둔화로 위험 직면 경고	로이터 News1 워싱턴 로이터 뉴스1 신기림 기자 로이터 News1 신흥국 경제가 선진국의 성장 둔화로 인해 위험에 직면할 수 있다고 국제통화기금 IMF 이 경고했다. 그러면서 정책 입안자들이 이러한 위험에 대응할 준비를 갖출 것을 촉구했다. IMF는 27일 현지시간 세계 경제 전망 보고서 를 공개하고 이같이 밝혔다. 선진국과 신흥국들이 지난 10여년 동안 향상된 정책을 이행하면서 각국 경제가 충격에 더 잘 견딜 수 있도록 강화됐다면서도 내외부적 충격파를 완전히 피할 수는 없다고 강조했다. IMF는 보고서를 통해 신흥국에서 자본 흐름이 급증하고 신용이 가파르게 늘어나며 상품가격 역시 상승하면서 강력한 성장세를 보였다고 밝혔다. 그러나 이러한 흐름이 갑자기 중단될 수 있다고 IMF는 경고했다. 압둘 아비아드 IMF 이코노미스트는 27일 기자회견에서 신흥국이 지난 2년 동안 상대적으로 크게 동요하지 않았지만 이러한 현상이 지속될 것이라고 장담할 수 없다 고 말했다. 그러면서 선진국 경제가 또 다른 침체기를 겪을 위험이 도사리고 있다 며 그럴 경우 결과적으로 신흥국이 선진국 경제와 리커플링 동조화 할 수 있다 고 우려했다. IMF는 선진국의 경제가 침체하고 자본 흐름이 끊기면서 신흥 경제의 확장세 역시 결국 중단될 확률이 두 배로 늘었다고 분석했다. 또 신용붐 혹은 은행위기와 같은 현상들은 신흥국 경제에 더 큰 충격을 줄 것이라고 덧붙였다. IMF는 세계 경제성장이 더 둔화할 것이라고 위협하며 선진국과 신흥국이 모두 재정적 안전망을 새로 만드는 데에 집중해야 선진국에서 추가적으로 발생하는 침체에 대비할 수 있다고 조언했다. 아비아드 이코노미스트는 그러나 신흥국이 경제를 강화할 재정적 부양책을 갖고 대응하기 때문에 세계적 위기를 극복할 수 있을 것이라고 밝혔다. 다만 그는 재정적자를 줄이고 인플레이션을 계속 주시하면서 정책적 여유를 복구해야만 한다 며 환율유연성과 같은 발전된 정책을 유지하고 다시 세우는 국가들은 새로운 충격을 더 잘 견딜 것 이라고 덧붙였다.	https://sports.news.naver.com/news.nhn?oid=421&aid=0000000052	2012.09.28
도쿄마감 닛케이 0.9% ↓ 토픽스 1.1% ↓ 1보	도쿄 로이터 뉴스1 김정한 기자 28일 현지시간 닛케이지수는 0.9% 하락한 8870.16으로 마감했다. 토픽스지수는 1.1% 내린 737.42로 장을 마쳤다.	https://sports.news.naver.com/news.nhn?oid=421&aid=0000000053	2012.09.28
고양경찰 추석 인심 가로챈 택배 직원 영장	고양 뉴스1 이상휼 기자 추석 명절 대목을 노려 택배 배송 물품을 빼돌린 택배회사 배송직원이 경찰에 붙잡혔다. 경기 고양경찰서는 택배센터 배송 분류 작업장에서 노트북 등 고가의 택배 물품을 골라 훔친 혐의 절도 로 A택배회사 직원 안모 33 씨와 조모 40 씨에 대해 구속영장을 신청했다고 28일 밝혔다. 안씨는 지난 4월 중순부터 최근까지 서울시 강서구 외발산동에 위치한 A택배 강서센터 화물분류대에서 노트북 등 34회에 걸쳐 2000만원에 달하는 택배 물품을 훔친 혐의를 받고 있다. 또 조씨는 같은 장소에서 3회에 걸쳐 믹서기 등 택배 물품을 훔친 혐의를 받고 있다. 조사결과 이들은 전국 각지에서 올라오는 택배 물건을 화물분류대 컨베이어벨트에서 툭 쳐서 바닥에 떨어뜨린 후 자신의 담당지역으로 배송하는 척하며 훔친 것으로 조사됐다. 이들은 화물분류대의 CCTV가 녹화되지 않는 사각지대에 있다는 점을 파악하고 범행을 저지른 것으로 드러났다. 경찰은 이들의 자택을 압수수색해 노트북 스마트폰 복합기 카메라 등 고가의 물품 34점이 택배에 포장된 상태로 있는 것을 발견하고 범행사실 일체를 자백 받았다. 경찰은 명절을 앞두고 택배 물품이 제때에 배송되지 못하는 사례가 빈번하게 발생함에 따라 동일한 범행이 있는지 수사를 확대할 방침이다.	https://sports.news.naver.com/news.nhn?oid=421&aid=0000000054	2012.09.28
춘천시 음식물쓰레기 다량배출 사업장 규제면적 완화 추진	강원 뉴스1 강승권 기자 춘천시는 음식물쓰레기를 처리할 때 규제를 받는 다량배출 사업장의 기준 면적을 완화하기로 했다. 춘천시는 ‘음식물류 폐기물 발생억제와 수집 운반 및 재활용에 관한 조례 일부 개정조례안’을 27일 입법예고하고 28일 10월 17일 주민들의 의견을 받기로 했다. 이번 개정안은 상위법인 ‘폐기물관리법 시행규칙’ 개정에 따른 것으로 음식물쓰레기를 다량으로 배출하는 휴게음식점과 일반음식점의 최소 면적을 현재의 125㎡에서 200㎡ 이상으로 확대하는 내용을 담고 있다. 현행 조례는 다량배출사업장에 대해 일반가정이나 소규모 음식점과 같은 방식으로 생활폐기물을 배출하지 못하도록 하고 있으며 반드시 전문업체에 위탁하거나 가축농장 등을 통해 자가 처리를 하도록 규제하고 있다. 개정안은 또 다량배출사업장의 음식물쓰레기 감량 방법을 구체화한 신설 조항도 담고 있다. 이에 따라 개정안이 춘천시의회를 통과할 경우 다량배출사업장은 가열에 의한 건조방법으로 수분함량을 25% 미만으로 줄이거나 발효를 통한 퇴비 또는 사료화하는 방법으로 수분함량을 40% 미만으로 줄어야 한다. 개정안에 대한 의견은 10월 17일 까지 춘천시 청소행정과에 제출하면 되며 자세한 문의는 033 250 3126으로 하면 된다.	https://sports.news.naver.com/news.nhn?oid=421&aid=0000000055	2012.09.28
인사충남도		https://sports.news.naver.com/news.nhn?oid=421&aid=0000000056	2012.09.28
전북선관위 허브차세트 돌린 40대 남성 고발	전주 뉴스1 김춘상 기자 전북도 선거관리위원회는 28일 추석을 앞두고 80여 명에게 선물세트를 돌린 혐의로 A씨 48 를 전주지방검찰청에 고발했다고 밝혔다. 선관위에 따르면 지난해와 올 상반기 도의원 보궐선거 때 전주덕진8선거구 덕진동·송천1동·호성동 경선에 참여한 A씨는 9월12일 선거구민 등 81명에게 택배배송 방식으로 개당 2만8700원짜리 허브차세트 83개를 제공한 혐의를 받고 있다. 공직선거법은 국회의원이나 지방의원 후보자가 되려는 사람은 선거구 안에 있는 사람이나 단체에 기부행위를 할 수 없도록 규정하고 있다. 선물을 받은 사람 중 선거구민 20여 명은 과태료 부과 가능성이 있는 것으로 알려졌다. 선관위 관계자는 추석명절을 맞이해 21일부터 10월10일까지 추석 전후 특별 예방·단속을 실시 중 이라며 국회의원이나 시장·군수 지방의원 입후보 예정자 등으로부터 기부행위를 받는 일이 없도록 주의해야 한다 고 말했다.	https://sports.news.naver.com/news.nhn?oid=421&aid=0000000057	2012.09.28
환경연합 해남 석탄화력 건설계획 철회 환영	해남 뉴스1 위안나 기자 광주전남신규화력발전저지 공동대책위원회는 28일 엠피씨코리아홀딩스주식회사 MPC 의 해남 석탄화력발전소 건설의향 철회를 환영한다 고 밝혔다. 단체는 이날 성명서를 통해 MPC는 10여개월 간 발전기금 1000억원 세대별 분배 등의 약속어음 쇼 를 통해 해남군민의 갈등을 부채질했다 며 해남군수와 해남 또한 경제 활성화 등의 명분을 내세워 MPC와 다르지 않은 행보를 보여왔다 고 비판했다. 이어 이에 대해 해남군민들은 군민 총궐기 천막농성 단식 삭발 서명운동 등을 이어가며 해남을 위한 녹색 발전과 환경 보전 등을 요구했다 며 해남군의회 또한 군민들의 의견을 받아들여 해남군수와 유치위원회가 제출한 유치동의안을 부결시키기도 했다 고 전했다. 단체는 MPC는 건설의향을 철회한다는 공문서 한 장만을 제출하고 떠날 것이 아니라 자신들로 인해 야기된 주민갈등을 극복하기 위한 노력을 해야할 것 이라며 해남군수 또한 주민갈등 유발과 행정력 낭비에 대해 사과하고 해남의 녹색잠재력에 기반한 지속가능한 발전 계획을 내놓아야 한다 고 주장했다. 단체는 이어 해남의 승리는 석탄화력이 더이상 국민의 뜻도 시대의 흐름도 아님을 증명한다 며 석탄화력 계획으로 갈등을 겪고 있는 고흥과 여수 등에서도 지역민들의 의견을 받아들여 석탄화력을 포기하는 계기가 되야할 것 이라고 촉구했다.	https://sports.news.naver.com/news.nhn?oid=421&aid=0000000058	2012.09.28
정읍 꽃두레권역 개발 용역보고회	정읍 뉴스1 박제철 기자 전북 정읍시는 27일 소성면에 추진 중인 ‘꽃두레 권역단위종합정비사업’ 개발을 위한 기본계획수립 용역 최종보고회를 시청 영상회의실에서 개최했다. 이번 보고회는 관련 공무원과 옥인청권역추진위원장 용역업체인 주식회사 지역아카데미 관계자와 지역주민들이 참석한 가운데 용역업체의 기본계획 보고 및 토론 사업추진에 따른 협의 등으로 진행됐다. 이날 보고회에서 용역업체 관계자는 “꽃두레권역단위종합정비사업이 성공적으로 추진되기 위해서는 커뮤니티 비즈니스 센터 조성과 함께 소득사업과 각종 경관개선을 병행해서 내실 있게 추진해나가야 한다”고 말했다. ‘꽃두레 권역단위종합정비사업’은 농림수산식품부에서 추진하는 포괄보조사업의 일환으로 기초생활기반 확충 지역소득증대 지역경관개선 지역역량강화에 목적을 두고 있는 사업이다. 시 관계자는 “이번 사업 추진과 관련 소득수준 높이기 생활수준 높이기 공동체수준 높이기 3대 발전전력을 마련했다”며 “기본계획 수립시 주민이 지속적으로 참여할 수 있는 현실성 있는 발전계획을 수립하는 등 실행력에 중점을 두겠다”고 밝혔다.	https://sports.news.naver.com/news.nhn?oid=421&aid=0000000059	2012.09.28
