시민단체 이대호 전 프로야구선수협회장 고발 공식입장 전문,매경닷컴 MK스포츠 박찬형 기자 체육시민단체 ‘사람과 운동’이 7일 이대호 전 회장 김태현 전 사무총장 10개 구단 선수 이사 등 한국프로야구선수협회 관계자들을 업무상 배임 혐의로 서울중앙지방검찰청에 고발한다고 7일 밝혔다. ‘사람과 운동’은 “한국프로야구선수협회 정관은 ‘임원 무보수 원칙’을 명시하고 있을 뿐 아니라 판공비 지급에 관한 근거 규정도 없다”라고 지적했다. 시민단체 측은 “이대호 전 회장은 기자회견에서 관행이라고 변명했으나 이는 최대 징역 10년까지 가능한 ‘업무상 배임죄’를 한국프로야구선수협회가 일상적으로 저질러 왔다는 것을 국민 앞에서 자인한 것”이라며 꼬집었다. 이하 ‘사람과 운동’ 공식 입장 전문. 체육시민단체 ‘사람과 운동’이 이대호 전 회장 김태현 전 사무총장 10개 구단 선수 이사 등 한국프로야구선수협회 관계자들을 업무상 배임 혐의로 서울중앙지방검찰청에 고발한다. 판공비 논란 해명 기자회견을 하는 이 전 회장. 사진 MK스포츠DB 이대호 전 선수협 회장이 판공비 명목으로 연 6000만 원을 개인 계좌로 받아 온 사실이 밝혀졌습니다. 이대호 전 회장은 “이는 판공비가 아니라 실질적으로 ‘보수’에 해당하는 것이므로 문제될 것이 없다”고 주장하고 있습니다. 그러나 선수협 정관 제18조 제1항은 “임원의 보수는 무보수를 원칙으로 하되 이사회가 정한 규정에 따라 임원이 본회와 관련된 업무를 위해 사용한 비용에 대해서 실비보상을 할 수 있으며 사무총장에 대해서는 보수를 지급할 수 있다”고 규정하고 있습니다. 즉 선수협은 정관에 단지 실비보상에 관한 규정만을 두었을 뿐 임원에 대한 판공비나 보수 지급에 대한 근거 규정을 두고 있지 않습니다. ‘실비보상’은 과거에 지출한 비용을 추후 정산 보전해주는 것이고 ‘판공비’는 이른바 업무추진비로서 장래 지출할 비용을 미리 정기적으로 지급해주는 것이므로 양자는 개념상 엄격히 구별됩니다. 그런데도 이대호 전 회장은 2019년 3월22일 선수협 10대 회장으로 당선된 후 최근까지 선수협 회장직을 맡아 연 6000만 원의 돈을 받아 왔습니다. 이대호 전 회장은 ‘위임관계’ 민법 제680조 이하 의 법리에 따라 ‘선수협의 사무를 처리하는 자’의 지위에 있습니다. 그러나 그동안 어떠한 계약상·법률상 근거도 없이 위법하게 선수협으로부터 거액의 금원을 받아 온 것입니다. 이는 ‘업무상 배임죄’ 형법 제356조 제355조 제2항 에 해당합니다. 형법은 업무상 배임죄에 대해 10년 이하의 징역 또는 3000만 원 이하의 벌금을 규정하고 있습니다. 대법원은 “주주총회나 이사회에서 위법한 예산지출에 관하여 의결하여 이에 따라 예산을 집행한 경우라 하더라도 배임죄의 성립에는 지장이 없다”라고 일관되게 판시하고 있습니다. 2006년 4월27일 2003도4735 판결 등 따라서 이대호 전 회장이 선수협 이사회의 의결을 거쳐 위 금원을 받았다고 하더라도 이대호 전 회장은 업무상 배임죄 형법 제356조 제355조 제2항 에 대한 책임을 면할 수 없습니다. 이대호 전 회장은 ‘선수협 회장에게 보수를 지급하기로 한 이사회 결의’에 따라 거액의 보수를 받아 왔습니다. 실제로 2019년 3월18일 10개 구단 선수 대표 이사 들이 참석한 선수협 이사회는 차기 선수협 회장에게 연 6000만 원의 보수를 지급하기로 결의하였습니다. 위 이사회에 참석하여 위와 같은 내용의 결의를 한 10개 구단 대표 이사 들도 민법상 ‘위임관계’의 법리에 따라 선수협의 사무를 처리하는 자의 지위에 있는 자들이므로 이들에게도 이대호 회장과 같은 법리에 따라 업무상 배임죄 형법 제356조 제355조 제2항 가 성립될 것입니다. 앞서 명시한 바와 같이 선수협 정관 제18조 제1항은 사무총장에게 ‘보수’를 지급할 수 있다고 규정하고 있을 뿐 ‘판공비’ 지급에 관하여는 별도 규정을 두고 있지 않습니다. 이는 사무총장이 업무상 사용한 비용에 대해서는 추후 “실비보상”으로 처리하겠다는 취지입니다. 그런데도 2019년 12월 2일 취임한 김태현 전 사무총장은 법률상·계약상 근거도 없이 ‘판공비’를 매월 250만 원씩 받아왔으며 특히 김태현 전 사무총장은 올해 4월부터는 ‘판공비’를 현금으로 받아 사용해온 것으로 밝혀졌습니다. 김태현 전 사무총장 역시 선수협 정관에 의할 경우 이사 임원 에 해당하므로 법률상·계약상 근거 없이 판공비를 받아 온 것은 업무상 배임죄 형법 제356조 제355조 제2항 에 해당합니다. 위와 같이 판공비를 현금으로 요구하여 사적 용도로 사용한 것이 밝혀지면 업무상 횡령죄 형법 제356조 제355조 제1항 역시 피하기 어려울 것입니다. 횡령죄 형량은 10년 이하의 징역 또는 3000만 원 이하의 벌금으로 업무상 배임죄와 같습니다. 본 시민단체는 이번 사건과 관련하여 이대호 전 선수협 회장 김태현 전 사무총장 10개 구단 선수 대표들 선수협 이사진 을 검찰에 고발합니다. 이대호 전 회장은 ‘관행’을 주장하는바 그동안 선수협에서 업무상 배임 범죄가 일상적으로 이루어져 왔다는 것을 뜻하는 것으로 해석됩니다. 본 시민단체는 그 ‘관행’과 관련된 자들에 대해서도 철저히 조사하여 추가 고발 조치할 계획입니다.,https://sports.news.naver.com/news.nhn?oid=410&aid=0000748216
이대호 논란 프로야구선수협 새 회장에 양의지,CBS노컷뉴스 임종률 기자 7일 강남구 리베라호텔에서 열린 프로야구 선수협회 이사회에서 신임 회장으로 선출된 NC 양의지가 취재진 질문에 답하고 있다. 서울 연합뉴스 한국프로야구선수협회를 이끌 새 회장에 NC 양의지 33 가 선출됐다. 선수협은 7일 서울 리베라호텔에서 제 4차 임시 이사회를 열고 양의지 33 를 제 12대 회장으로 선임했다고 밝혔다. 이날 이사회에는 양의지 신임 회장과 이대호 전 회장 10개 구단 이사 10명 등이 참석했다. 양의지는 온라인으로 진행된 KBO 리그 선수 투표에서 456표 중 103표를 얻었다. 선수협회장 투표는 각 구단 고액 연봉 선수 3명씩 총 30명을 후보로 지난달 25일부터 30일까지 진행됐다. 향후 2년 동안 선수협을 이끄는 양의지 회장은 이사회를 통해 어려운 시기에 회장이 됐다 고 운을 뗐다. 이어 선수협 내부에 좋지 않은 일들로 인해 팬 분들과 국민들께 심려를 끼쳐드려 대단히 죄송하다 고 사과했다. 선수협은 최근 전임 이 회장의 판공비 인상과 김태현 사무총장의 판공비 현금 지급 등 논란이 불거졌다. 이에 이 전 회장은 지난 2일 기자회견을 열고 해당 논란에 대해 해명했지만 체육시민단체의 고발 등 논란이 가라앉지 않고 있다. 이에 양 회장은 책임감을 갖고 선수협이 투명하고 선수들을 위한 단체가 되기 위해 최선을 다할 것 이라고 다짐했다. 또 잘못된 정관 혹은 선수협 내부 규정이 있는지 다시 한번 꼼꼼히 살피고 필요한 부분에 있어 규정을 바르게 잡도록 하겠다 고 밝혔다. 판공비 논란에 대해서 양 회장은 문제가 됐던 판공비에 대해서는 오늘 이사회에서 논의가 되었으나 좀 더 면밀한 법적 검토가 필요하다 생각한다 면서 관련 규정 개정을 하고 필요한 부분을 신설해 향후 같은 문제가 발생되지 않도록 조치하겠다 고 설명했다. 체육시민단체의 고발과 관련해서 선수협은 이대호 전 회장에 대한 한 시민단체의 고발조치는 선수협 차원에서 관련 내용을 확인할 예정 이라고 밝혔다. 이날 사람과 운동 대표 박지훈 변호사 은 이 전 회장을 업무상 배임죄로 서울중앙지검에 고발한다면서 김 전 총장과 선수협 이사 10명도 고발한다고 밝혔다.,https://sports.news.naver.com/news.nhn?oid=079&aid=0003440528
프로야구 신임 선수협회장 양의지 판공비 깨끗하게 처리할 것,자료사진 프로야구 선수협회가 이대호 전 회장의 사퇴로 공석이 된 신임 회장으로 NC의 양의지 선수를 선출했습니다. 선수협회는 오늘 각 구단 선수협회 이사 10명이 모인 이사회를 열고 지난 달 25일부터 30일까지 30명의 후보를 놓고 진행된 모바일 투표 결과 유효표 456표 가운데 103표를 얻은 양의지가 신임 회장으로 선출됐다고 발표했습니다. 양의지 선수협회 회장은 선수들 추천으로 뽑힌 만큼 큰 의무감을 가지고 수락했다 며 선수협회가 판공비와 관련한 문제로 물의를 일으킨 부분에 대해 사과하고 앞으로 모든 것을 깨끗하게 처리할 것 이라고 말했습니다. 한편 판공비를 현금 수령해 논란을 일으킨 김태현 전 사무총장도 오늘 이사회에 참석해 자신의 해임 동의안 처리에 서명하면서 공식 해임 처리됐습니다. 전훈칠 기자 thateye7 mbc.co.kr 저작권자 c MBC hps imnews.imbc.com 무단복제 재배포 금지 네이버 홈에서 MBC뉴스 채널 구독하기 새로움을 탐험하다.,https://sports.news.naver.com/news.nhn?oid=214&aid=0001084439
KIA 타이거즈 연고지역 초·중교에 야구 용품 지원,동아닷컴 프로야구 KIA 타이거즈가 연고지역 초등학교 및 중학교 야구부에 3000만원 상당의 야구 용품을 지원했다. KIA는 지난 2일 광주 전남 전북지역 초등학교 11개교 및 중학교 10개교 야구팀에 경기용 공 3박스를 각각 전달했다. KIA는 매년 KIA타이거즈기 호남지역 초등학교 중학교 야구대회를 개최하며 참가 팀에게 경기용 공 등 야구용품을 지원하고 있다. 올해는 코로나19 확산 여파로 대회가 취소되면서 연고지역 초중등학교에 용품만 전달했다. KIA 관계자는 “지역 야구 꿈나무들이 기량 향상에 매진할 수 있도록 앞으로도 꾸준히 용품을 지원할 방침”이라고 말했다.,https://sports.news.naver.com/news.nhn?oid=382&aid=0000876469
신한은행 야구의 신 더 레전드 유튜브 영상 제작·후원,신한은행은 유튜브 채널 야신야덕 야구의 신과 야구의 덕후들 과 함께 야구의 신 더 레전드 THE LEGEND 영상을 제작 및 후원했다고 7일 밝혔다. 야구의 신 더 레전드 영상은 야구팬들이 다시 보고 싶어하는 KBO 레전드 은퇴 선수가 출연해 현역시절의 노하우를 전수하는 내용이다. 또한 야구 미션을 수행해 기부금을 적립하고 소아암 아이들에게 수술비를 지원하는 사회공헌활동도 같이 진행한다. 첫 번째 영상은 KBO 홍보대사이자 국민타자인 이승엽 선수가 출연해 홈런 잘 치는 비법을 전수하고 직접 홈런 미션에 도전하는 내용이다. 은퇴한 이승엽 선수가 오랜만에 야구장에서 후배들과 유쾌한 분위기를 만들며 진행됐고 반전 있는 사회공헌 미션도 담겼다. 신한은행은 야구의 신 더 레전드 영상 공개를 기념해 공식 페이스북 채널을 통해 다음 편 영상에 출연하는 선수를 맞추는 SNS 이벤트를 시행한다. 신한은행 관계자는 정규리그 시즌은 종료되었지만 야구팬들을 위해 KB0 레전드 선수의 사회공헌 미션 영상을 제작했다 며 비시즌에도 쏠야구에서 진행되는 다양한 콘텐츠와 혜택이 가득한 이벤트에 많은 관심을 부탁드린다 고 말했다.,https://sports.news.naver.com/news.nhn?oid=076&aid=0003668661
축구야구말구 긴급 부상 박찬호 선수→캐스터로 깜짝 변신,스포츠서울 정하은기자 ‘축구야구말구’ 팀이 한층 더 돈독해진 케미를 발휘한다. 7일 방송될 KBS2 예능프로그램 ‘축구야구말구’ 5회에서는 박찬호X이영표X오마이걸 승희가 창원의 배드민턴 생활 체육 고수 2인과의 대결을 준비하는 모습이 그려진다. 지난주 배드민턴 경기 도중 긴급 다리 부상을 당한 박찬호를 위해 이영표와 승희는 건강식 저녁 차리기에 나선다. 박찬호가 미안해하며 돕겠다고 나서자 이영표와 승희는 그냥 쉬라고 만류해 현장의 훈훈함을 자아냈다는 후문이다. 박찬호를 위해 준비한 이영표 승희의 저녁 한상이 어떤 모습일지 공개된다. 식사 후에는 ‘셔틀콕’을 주제로 한 백일장 시간이 이어진다. ‘축구야구말구’ 팀은 손수 시를 써내려가며 다사다난한 하루를 정리한다. 특히 이영표는 박찬호를 향한 애정 어린 마음을 시로 담아내 박찬호로부터 “연애편지야 ”라는 반응을 이끌어냈다는 전언. 과연 이영표가 작성한 시는 어떤 내용일지 궁금증을 모은다. 본격적인 창원 생활 체육 고수와의 배드민턴 대결에 앞서 이날 승희는 부상을 당한 박찬호 대신 경기에 나선다. 코치 이용대에게 비밀 특훈까지 받은 승희가 실력 발휘를 할 수 있을지 기대를 모은다. 또한 승희를 대신해 경기 캐스터로 나선 박찬호의 새로운 변신도 기대된다. 다양한 위기와 변수를 겪은 ‘축구야구말구’ 팀이 짜릿한 승리를 거머쥘 수 있을지 관심을 높인다. ‘축구야구말구’는 전국민 1인 1체육을 목표로 못하는 운동이 없다고 자부하는 박찬호X이영표의 투머치토킹 스포츠 로드 버라이어티 프로그램이다. 두 사람은 전국 방방곡곡에 숨어있는 일반인 생활 체육 고수를 찾아 떠나며 운동선수 출신의 명예를 걸고 재야의 고수들과 한 치의 양보 없는 진검 승부를 펼칠 예정이다. ‘축구야구말구’ 5회는 7일 오후 9시 30분 방송된다.,https://sports.news.naver.com/news.nhn?oid=468&aid=0000722072
야구 그만두고 싶었다…박용택 홍성흔과 졸렬택 사건 첫 언급밥심,2009년 타격왕 경쟁 회상 박용택 은퇴하고 싶었다 홍성흔 이제는 털어내길 텐아시아 정태건 기자 밥심 에 출연한 야구선수 박용택 왼쪽 과 홍성흔 사진 SBS플러스 제공 얼마 전 은퇴를 결정한 야구선수 박용택 정근우가 인생 제 2막을 앞두고 SBS플러스 밥심 충전 토크쇼 ‘강호동의 밥심’을 찾는다. 7일 방송되는 ‘강호동의 밥심’에는 박용택 정근우 선수가 출연해 솔직한 입담을 뽐낸다. 프로 데뷔와 동시에 19년 동안 LG 트윈스에 몸담은 박용택은 “20년을 운동선수로 활동하다 보니 체력적으로 한계를 느끼게 됐다”고 고백한다. ‘악마의 2루수’로 불린 정근우 역시 솔직한 은퇴 이유를 밝힌다. 두 사람을 위해 해설 위원 방송인으로 활약 중인 양준혁과 메이저리그 코치로 활동하고 있는 홍성흔도 후배들에게 은퇴 후 삶에 대한 조언을 주기 위해 ‘강호동의 밥심’을 방문한다. 특히 홍성흔과 박용택은 ‘타격왕’ 타이틀을 두고 경쟁했던 2009년 ‘졸렬택’ 사건을 회상하며 ‘강호동의 밥심’에서 처음으로 이에 대한 대화를 나눈다. 박용택은 “야구를 그만두고 싶기도 했다”고 고백해 출연자와 제작진들의 안타까움을 자아낸다. 이에 홍성흔은 “이제 털어버렸으면 좋겠다”며 서로의 상황을 이해하는 모습을 보인다. ‘강호동의 밥심’은 7일 오후 9시 방송된다.,https://sports.news.naver.com/news.nhn?oid=312&aid=0000464960
상습체납 1위는 도박업자…전 야구선수 임창용도 명단에,앵커 2억 원 이상 고액 상습 체납자 명단이 공개됐습니다. 개인 최고 체납액은 한 도박업자로 천억원 이상의 국세를 체납했고 유명 야구선수 출신인 임창용씨도 이름을 올렸습니다. 박상현 기자의 보도입니다. 리포트 체납자의 집을 찾은 국세청 직원들. 양복 안주머니에서 수표 1억 8천만원이 든 돈봉두가 나오고 은행 대여금고에서도 수표가 무더기로 발견됩니다. 오케이 내가 빚진 돈만 가져가요. 이렇게 국세청이 체납자의 재산 추적에 나서지만 고액 상습 체납은 끊이지 않고 있습니다. 국세청이 2억원 이상을 1년 넘게 체납한 6 965명을 공개했는데 체납액만 4조 8 203억원에 달합니다. 개인 체납액 1위는 한 도박업자로 2015년 부터 부가가치세 등 1 176억원을 체납한 것으로 드러났습니다. 전 프로야구 선수 임창용씨도 체납자 명단에 이름을 올렸습니다. 국세청은 임 선수가 종합소득세 3억원을 체납했다고 밝혔습니다. 현재 국세청과 3천억원대의 소송을 벌이고 있는 선박왕 권혁 시도상선 회장도 증여세 등 22억을 체납해 이름이 공개됐습니다. 김태성 국세청 징세4팀장 은닉 재산을 찾아내고 호화 주택 거주자에 대해서는 거주지 수색 등 추적조사를 강화할 예정입니다. 국세청은 유죄판결이 확정된 조세포탈범 35명의 명단도 함께 공개했습니다. TV조선 박상현입니다.,https://sports.news.naver.com/news.nhn?oid=448&aid=0000313010
전 야구선수 임창용도 고액·상습 체납자 명단에 올라,경향신문 국세청. 국세청 제공 고액·상습 체납자 명단에 ‘선박왕’으로 알려진 권혁 시도상선 회장과 기아타이거즈 야구선수 출신 임창용 씨가 올해 처음으로 포함됐다. 권 회장은 증여세 등 22억원을 내지 않았고 임씨는 종합소득세 3억원을 체납했다. 국세청은 6일 고액·상습 체납자 6965명 개인 4633명 법인 2332개 의 명단을 홈페이지에 공개했다. 명단 공개 대상은 1년 넘게 국세 2억원 이상을 체납한 경우로 이들이 올해 내지 않은 세금은 4조8203억원에 달했다. 1년 전보다 체납자는 127명 늘었지만 체납액은 5870억원 줄어들었다. 100억원 이상 고액 체납자 수가 감소한 영향이다. 올해 명단에 처음 이름을 올린 개인 최고액 체납자는 도박업자 이성록씨로 부가가치세 등 1176억원을 내지 않았다. 이 씨를 포함해 도박업자 4명이 수 백억원씩을 체납해 10위권에 포함됐다. 유명인 중에는 전 프로야구선수 임 씨와 ‘선박왕’ 권 회장이 올랐다. 기아 타이거즈와 삼성 라이온즈 등에서 투수로 활약한 임 씨는 종합소득세 3억원을 체납했다. 국세청과 3000억원대 규모의 소송전을 벌이는 권 회장은 증여세 등 22억원을 내지 않았다. 법인 중에선 하원제약이 근로소득세 등 260억원을 내지 않아 올해 명단에 이름을 올렸다. 역대 최고액 체납자는 온라인 도박사이트를 운영하는 홍영철 씨로 부가가치세 등 1632억원의 세금을 내지 않았다. 최순영 전 대한생명보험 대표이사 종합소득세 등 1073억원 와 정태수 한보그룹 회장의 셋째 아들 정보근 전 한보철강공업 대표 증여세 등 644억원 도 명단에 있었다. 불법 다단계 사기 행각을 벌인 주수도 전 제이유개발 대표이사도 법인세 등 570억원을 내지 않았다. 전두환 전 대통령도 31억원의 세금을 체납했다. 공개된 고액·상습체납자 명단은 국세청 홈페이지를 통해 확인할 수 있다. 체납자 주민등록 주소지를 지도에 표시해 지역 주민들이 쉽게 알 수 있도록 했다. 이날 국세청은 유죄판결이 확정된 조세포탈범 35명도 공개했다. 중국인 ‘의료관광객’이 많이 찾는 쥬얼리성형외과는 중국 브로커를 통해 중국인 환자를 모집하고 성형수술대금은 중국 현지에서 신용카드 등으로 결제하게 한 후 국내 환치기업자로부터 받았다. 이같은 방법으로 내지 않은 세금은 23억3600만원에 달했다. 기부금 영수증을 거짓으로 발행한 종교단체 등도 공개됐다. 경북의 한 사찰인 비석정사는 연말정산과 관련해 기부금 공제를 받으려는 이들에게 수수료를 받고 5억7400만원 상당의 기부금 영수증을 207차례에 나눠 발급했다. 5억8400만원 상당의 기부금 영수증 발급 내역을 장부에 작성·보관하지도 않았다. 서울의 국제선교협회가 118건 5억9000만원의 허위 기부금영수증을 발급했다.,https://sports.news.naver.com/news.nhn?oid=032&aid=0003047064
양의지 한국프로야구선수협회 신임 회장,양의지 신임 프로야구선수협회장이 7일 오전 서울 강남구 리베라호텔에서 열린 한국프로야구선수협회 이사회를 마친 후 취재진의 질문에 답하고 있다. 뉴시스 프로야구 NC 포수 양의지 33 가 한국프로야구선수협회 선수협 신임 회장으로 선출됐다. 10개 구단 선수 대표로 구성된 선수협 이사회는 7일 오전 서울 강남구 리베라 호텔에서 열린 2020년 제4차 이사회에서 양의지를 2년 임기의 신임 회장으로 추대했다. 양의지는 온라인으로 진행된 회장 선거 투표에서 456표 중 가장 많은 103표를 얻었다. 이번 투표는 지난달 25일부터 30일까지 진행됐으며 각 구단 고액연봉 선수 3명씩 총 30명이 후보에 올랐다. 양 신임 회장은 이사회 종료 후 “최근 논란을 빚은 점에 관해 팬들께 사과드린다. 문제가 된 부분은 깨끗하게 처리하겠다”면서 “잘못된 부분은 분명히 짚고 넘어갈 것이다. 새로운 사무총장을 선임한 뒤 선수들과 팬들이 이해할 만한 판공비 관련 선수협 정관을 다시 만들겠다”고 말했다. 최근 선수협은 최근 판공비 논란을 일으켰다. 이대호 롯데 전 회장이 기존 2400만 원에서 6000만 원으로 인상된 판공비를 개인 계좌로 입금받은 사실이 최근 알려져 사퇴했고 김태현 사무총장도 판공비를 현금으로 받은 것이 알려졌다. 선수협 이사회는 이날 첫 번째 안건으로 김태현 전 사무총장 해임안을 가결했다. 이사회에 참석한 이 전 회장은 선수협 사무처를 통해 “문제 된 사안은 확실하게 정리하겠다”고 입장을 밝혔다. 한편 체육시민단체인 ‘사람과 운동’은 7일 오전 이 전 회장의 고액 판공비 논란과 김 전 사무총장의 판공비 현금 요구 등과 관련해 선수협 관계자들을 서울중앙지검에 고발하겠다고 밝혔다.,https://sports.news.naver.com/news.nhn?oid=021&aid=0002452117
신한은행 야구의 신 더 레전드 유튜브 영상 제작·후원,신한은행은 유튜브 채널 야신야덕 야구의 신과 야구의 덕후들 과 함께 야구의 신 더 레전드 THE LEGEND 영상을 제작 및 후원했다고 7일 밝혔다. 야구의 신 더 레전드 영상은 야구팬들이 다시 보고 싶어하는 KBO 레전드 은퇴 선수가 출연해 현역시절의 노하우를 전수하는 내용이다. 또한 야구 미션을 수행해 기부금을 적립하고 소아암 아이들에게 수술비를 지원하는 사회공헌활동도 같이 진행한다. 첫 번째 영상은 KBO 홍보대사이자 국민타자인 이승엽 선수가 출연해 홈런 잘 치는 비법을 전수하고 직접 홈런 미션에 도전하는 내용이다. 은퇴한 이승엽 선수가 오랜만에 야구장에서 후배들과 유쾌한 분위기를 만들며 진행됐고 반전 있는 사회공헌 미션도 담겼다. 신한은행은 야구의 신 더 레전드 영상 공개를 기념해 공식 페이스북 채널을 통해 다음 편 영상에 출연하는 선수를 맞추는 SNS 이벤트를 시행한다. 신한은행 관계자는 정규리그 시즌은 종료되었지만 야구팬들을 위해 KB0 레전드 선수의 사회공헌 미션 영상을 제작했다 며 비시즌에도 쏠야구에서 진행되는 다양한 콘텐츠와 혜택이 가득한 이벤트에 많은 관심을 부탁드린다 고 말했다.,https://sports.news.naver.com/news.nhn?oid=076&aid=0003668661
SNS 막말에 야구계 쇼크…삼성 신동수 방출,삼성에서 방출된 신동수. 삼성 제공 개인 SNS 소셜미디어 막말 파문으로 야구계를 충격에 빠트린 삼성 신동수 19 가 결국 방출됐다. 삼성 구단은 관련 사실을 인지한 뒤 확인을 거쳐 KBO 클린베이스볼센터에 알렸고 7일 징계위원회에서 SNS 내용의 심각성을 고려해 단호한 조처가 필요하다고 판단해 이 같은 결정을 내렸다고 밝혔다. 삼성은 또 신동수의 SNS 게시물에 동조 댓글을 작성한 선수 3명도 징계했다고 덧붙였다.구단 내규에 따라 투수 황동재는 벌금 300만원과 사회봉사 80시간 내야수 김경민은 벌금 300만원과 사회봉사 40시간 내야수 양우현은 벌금 200만원의 처분을 각각 받았다. 삼성 구단은 선수 SNS 논란에 책임을 통감하고 기존 선수단을 대상으로 SNS 및 윤리 교육을 강화하는 등 재발 방지를 위해 모든 노력을 기울이겠다고 약속했다. 앞서 한화 구단도 신동수의 비하 글에 동조 댓글에 신인 투수 남지민에 대해 벌금 500만원의 징계를 내렸다. 2020년 신인 드래프트에서 2차 8라운드 전체 75순위로 삼성에 입단한 신동수는 SNS에서 동료 선수는 물론이고 야구팬 심판위원 미성년자 지역 장애인 등 상대를 가리지 않고 무차별적으로 조롱하거나 성희롱하는 원색적인 글로 도배를 했다. 또 새벽 4시에 술집을 찾은 사진을 올려 한국야구위원회 KBO 와 구단이 당부한 방역수칙도 비웃었다. KBO가 보낸 자가 점검 요청 문자 메시지 를 올리며 욕설하기도 했다. 비공개 계정이었지만 신동수가 자신의 KBO 공식 프로필을 올리면서 전말이 드러났다. KBO리그에선 3년 전에도 한화에서 뛰던 김원석이 SNS 막말 논란으로 퇴출당한 바 있다. SNS에 구단과 선수 치어리더에 대통령까지 욕한 글이 확인돼 여론의 질타를 받았다. 김원석은 일본 독립리그에서 선수 생명은 이어갔지만 KBO리그에 복귀하지 못했다. KBO와 각 구단은 매년 신인 선수에 대한 인성 교육을 강조하고 있지만 한번씩 터져 나오는 ‘SNS 일탈’에 충격과 허탈감을 감추지 못하고 있다.,https://sports.news.naver.com/news.nhn?oid=469&aid=0000560651
국세청 고액·상습체납자 공개…선박왕·前야구선수 임창용 포함,고액·상습체납자 6965명 명단공개…체납액 4.8조원 불성실 기부금단체 79개 조세포탈범 35명 해외금융계좌 신고 위반 명단공개 올해는 0 …세종시 국세청사. 사진 국세청 성형외과 의사가 악의적으로 조세를 포탈하고 연말정산을 위해 기부금영수증이 필요한 사람들에게 거짓영수증을 발행해주고 수수료를 받는 이른바 기부금영수증 장사를 하고 양도소득세를 무신고한 것도 모자라 세금까지 내지 않는 체납자들의 명단이 공개됐다. 이번 명단공개 대상에는 선박왕으로 알려진 권혁 시도상선 회장 증여세 등 22억원 과 임창용 전직 야구선수 종합소득세 등 3억원 등이 신규 포함됐다. 국세청은 6일 고액·상습체납자 6965명 불성실 기부금단체 79개 조세포탈범 35명의 인적사항 등을 국세청 홈페이지 www.nts.go.kr 를 통해 공개했다고 밝혔다. 고액·상습체납자 공개 대상은 체납발생일로부터 1년이 지난 국세가 2억원 이상인 체납자이고 불성실 기부금단체 공개 대상은 거짓 기부금 영수증을 발급했거나 기부금 영수증 발급명세서를 작성·보관하지 않은 단체 및 상속세 및 증여세법 상 의무를 불이행한 단체다. 조세포탈범 공개 대상은 장부를 소각·파기하거나 경제적 능력이 없는 자의 명의로 위장하는 등 사기나 그 밖의 부정한 행위로 조세를 포탈해 유죄판결이 확정된 자이다. 해외금융계좌 신고의무 위반자의 경우 심의대상 모두 신고의무 위반에 정당한 사유가 있다고 인정되어 올해는 공개 대상자가 없는 것으로 확정됐다. 해외금융계좌 신고의무를 위반해 명단이 공개된 자는 2014년부터 지난해까지 매년 1명이었다. 고액·상습체납 명단공개 개인 4633명·법인 2332개 이번에 명단이 공개된 고액·상습체납자 6965명은 체납자의 성명·상호 법인명 나이 직업 주소 체납액의 세목·납부기한 및 체납 요지 등이 공개되며 체납자가 법인인 경우에는 법인의 대표자가 같이 공개된다. 국세정보위원회는 지난 3월 명단공개 예정자 7624명 체납액 5조5178억원 에게 사전 안내해 6개월 동안 납부를 독려하고 소명기회를 부여했으며 분납 등으로 체납된 국세가 2억원 미만이 되거나 불복청구 중인 경우 등 659명의 명단을 공개하지 않았다. 올해 신규 공개 대상자는 개인 4633명 법인 2332개 업체이며 총 체납액은 4조8203억원이다. 개인의 최고 체납액은 1176억원 이성록 44세 이었으며 법인의 최고 체납액은 260억원 하원제약 제조업 이다. 지난해 명단이 공개된 고액·상습체납자는 6838명 체납액 5조4073억원 으로 올해 127명이 늘었지만 세액은 5870억원 감소했다. 공개대상 체납자의 체납액을 살펴보면 개인의 경우 4633명이 3조3417억원을 법인은 2332개가 1조4786억원을 체납했다. 체납액 구간별로 살펴보면 2억 5억원을 체납한 인원 개인 법인 이 4732명 체납액 1조6114억원 으로 가장 많았고 5억 10억원을 체납한 인원은 1485명 체납액 1조20억원 으로 다음을 차지했다. 10억 30억원 체납자는 601명·9327억원 30억 50억원 체납자는 75명·2774억원 50억 100억원 체납자는 44명·3021억원이었으며 100억원을 체납한 인원도 22명 체납액 6947억원 이나 됐다. 국세청이 공개한 명단공개자 체납 사례에 따르면 고령인 A씨는 토지를 양도하면서 현금과 수표로만 수령하고 양도소득세를 신고하지 않았다가 추후 양도세가 고지됐지만 이를 납부하지 않아 명단공개 대상이 됐다. 도매업 사업자인 B씨는 사업이 어려워져 폐업하면서 납부하지 못한 부가가치세와 종합소득세를 체납했고 2년 동안 체납처분을 진행했지만 체납처분을 할 수 있는 재산이 없어 명단공개가 됐다. 불성실 기부금단체 79개 공개… 연말정산용 영수증 장사 적발 불성실 기부금단체 명단 공개대상은 기부금 영수증을 발급했거나 기부금 영수증 발급명세서를 작성·보관하지 않은 단체 및 상속세 및 증여세법상 의무를 불이행해 세액을 추징당한 단체다. 공개 항목은 단체의 명칭 대표자 국세추징 건수·세액 거짓영수증 발급 건수·발급금액 의무불이행 내역 등이다. 올해는 거짓 기부금 영수증을 5회 또는 5000만원 이상 발급한 단체 60개 기부금 영수증 발급명세서를 작성·보관하지 않은 단체 4개 상속세 및 증여세법상 의무를 불이행해 1000만원 이상 추징당한 단체 15개 등 총 79개 단체가 공개된다. 유형별로는 종교단체가 66개이며 의료법인 8개 교육단체 3개 사회복지단체 1개 학술·장학단체 1개다. 주요 의무 위반 사례로는 수수료를 받고 기부금 영수증을 거짓 발급하거나 특수관계인을 직원으로 채용하고 지급한 급여에 대해 증여세가 추징된 경우 등이 있다. C단체의 경우에는 정기적으로 기부하는 회원이 없는 기부단체로 연말정산과 관련해 기부금 공제를 받으려는 자가 찾아와 기부금 영수증을 요구하면 소정의 수수료를 받고 고액의 기부금 영수증을 발급해줬다. 기부금 영수증 발급 내역을 관리하는 장부도 작성·보관하지 않았다. D씨의 경우에는 특수관계인 친인척 을 공익법인의 직원으로 고용하고 급여를 지급했다. 현행법상 공익법인의 출연자 또는 특수관계가 있는 자가 공익법인 등의 이사 현원의 5분의1을 초과해 이사가 되거나 임·직원으로 되는 경우 해당 사람에게 지출된 급여와 판공비 등은 전액 가산세로 부과된다. 조세포탈범 35명 명단공개…성형외과 의사도 포함 조세포탈범 명단 공개대상은 법 시행일 이후 조세포탈죄를 범해 유죄판결이 확정된 자 중 연간 포탈세액이 기간에 따라 2억 5억원 이상인 자다. 공개항목은 조세포탈범의 성명·상호 법인명 나이 직업 주소 포탈세액의 세목·금액 판결 요지 및 형량 등이다. 올해 공개대상은 지난해 7월1일부터 지난해 12월31일까지의 기간 동안 유죄판결이 확정된 자 중 기수시기별로 기준금액 이상인 총 35명으로 작년에 비해 19명이 감소했다. 공개대상이 감소한 것은 공개예정자에게 소명기회를 부여하기 위한 사전 통지 제도를 올해 첫 시행하면서 한시적으로 공개대상 기간을 1년에서 6개월로 조정했기 때문이다. 공개대상자 35명의 평균 포탈세액은 약 20억원이고 형사재판 결과 1명 벌금형 을 제외한 34명에게 징역형 집행유예 25명 실형 9명 이 선고·확정됐다. 35명의 포탈세액 합계는 681억원이며 이 중 가장 많은 세금을 포탈한 자의 포탈세액은 199억원이다. 공개대상자들은 매출 등을 숨기기 위해 장부를 조작·파기하거나 경제적 능력이 없는 자의 명의로 위장하는 등의 방법으로 조세를 포탈했다. 명단이 공개된 조세포탈범의 조세포탈 사례에 따르면 E씨는 중국인을 대상으로 하는 성형외과 의사로 중국 브로커를 통해 환자를 모집하고 수술대금은 중국 현지에서 신용카드 등으로 결제한 후 환치기를 통해 수령했다. E씨는 수술내역을 숨기기 위해 전산 차트를 조작하고 대금수령 내역을 정산한 일계표 등 관련 장부를 파기한 후 관할 세무서에 소득을 적게 신고하는 방법으로 소득세 등을 포탈해 명단이 공개됐다. 국세청은 앞으로도 세법상 의무 위반자에 대한 명단 공개를 지속적으로 실시해 불공정행위에 대한 경각심을 높이고 건전한 납세문화를 조성해 공정한 사회가 구현될 수 있도록 노력하겠다고 밝혔다.,https://sports.news.naver.com/news.nhn?oid=123&aid=0002235667
‘축구야구말구’ 긴급 부상 박찬호 선수→캐스터로 깜짝 변신,‘축구야구말구’ 팀이 한층 더 돈독해진 케미를 발휘한다. 7일 방송될 KBS2 예능프로그램 ‘축구야구말구’ 5회에서는 박찬호X이영표X오마이걸 승희가 창원의 배드민턴 생활 체육 고수 2인과의 대결을 준비하는 모습이 그려진다. 지난주 배드민턴 경기 도중 긴급 다리 부상을 당한 박찬호를 위해 이영표와 승희는 건강식 저녁 차리기에 나선다. 박찬호가 미안해하며 돕겠다고 나서자 이영표와 승희는 그냥 쉬라고 만류해 현장의 훈훈함을 자아냈다는 후문이다. 박찬호를 위해 준비한 이영표 승희의 저녁 한상이 어떤 모습일지 공개된다. 식사 후에는 ‘셔틀콕’을 주제로 한 백일장 시간이 이어진다. ‘축구야구말구’ 팀은 손수 시를 써내려가며 다사다난한 하루를 정리한다. 특히 이영표는 박찬호를 향한 애정 어린 마음을 시로 담아내 박찬호로부터 “연애편지야 ”라는 반응을 이끌어냈다는 전언. 과연 이영표가 작성한 시는 어떤 내용일지 궁금증을 모은다. 본격적인 창원 생활 체육 고수와의 배드민턴 대결에 앞서 이날 승희는 부상을 당한 박찬호 대신 경기에 나선다. 코치 이용대에게 비밀 특훈까지 받은 승희가 실력 발휘를 할 수 있을지 기대를 모은다. 또한 승희를 대신해 경기 캐스터로 나선 박찬호의 새로운 변신도 기대된다. 다양한 위기와 변수를 겪은 ‘축구야구말구’ 팀이 짜릿한 승리를 거머쥘 수 있을지 본방송에서 확인할 수 있다. ‘축구야구말구’는 전국민 1인 1체육을 목표로 못하는 운동이 없다고 자부하는 박찬호X이영표의 투머치토킹 스포츠 로드 버라이어티 프로그램이다. 두 사람은 전국 방방곡곡에 숨어있는 일반인 생활 체육 고수를 찾아 떠나며 운동선수 출신의 명예를 걸고 재야의 고수들과 한 치의 양보 없는 진검 승부를 펼칠 예정이다. 한편 박찬호와 이영표 승희의 투머치토킹 스포츠 로드 버라이어티 ‘축구야구말구’ 5회는 7일 오후 9시 30분 방송된다.,https://sports.news.naver.com/news.nhn?oid=382&aid=0000876477
축구야구말구 긴급 부상 박찬호 선수→캐스터로 깜짝 변신,스포츠서울 정하은기자 ‘축구야구말구’ 팀이 한층 더 돈독해진 케미를 발휘한다. 7일 방송될 KBS2 예능프로그램 ‘축구야구말구’ 5회에서는 박찬호X이영표X오마이걸 승희가 창원의 배드민턴 생활 체육 고수 2인과의 대결을 준비하는 모습이 그려진다. 지난주 배드민턴 경기 도중 긴급 다리 부상을 당한 박찬호를 위해 이영표와 승희는 건강식 저녁 차리기에 나선다. 박찬호가 미안해하며 돕겠다고 나서자 이영표와 승희는 그냥 쉬라고 만류해 현장의 훈훈함을 자아냈다는 후문이다. 박찬호를 위해 준비한 이영표 승희의 저녁 한상이 어떤 모습일지 공개된다. 식사 후에는 ‘셔틀콕’을 주제로 한 백일장 시간이 이어진다. ‘축구야구말구’ 팀은 손수 시를 써내려가며 다사다난한 하루를 정리한다. 특히 이영표는 박찬호를 향한 애정 어린 마음을 시로 담아내 박찬호로부터 “연애편지야 ”라는 반응을 이끌어냈다는 전언. 과연 이영표가 작성한 시는 어떤 내용일지 궁금증을 모은다. 본격적인 창원 생활 체육 고수와의 배드민턴 대결에 앞서 이날 승희는 부상을 당한 박찬호 대신 경기에 나선다. 코치 이용대에게 비밀 특훈까지 받은 승희가 실력 발휘를 할 수 있을지 기대를 모은다. 또한 승희를 대신해 경기 캐스터로 나선 박찬호의 새로운 변신도 기대된다. 다양한 위기와 변수를 겪은 ‘축구야구말구’ 팀이 짜릿한 승리를 거머쥘 수 있을지 관심을 높인다. ‘축구야구말구’는 전국민 1인 1체육을 목표로 못하는 운동이 없다고 자부하는 박찬호X이영표의 투머치토킹 스포츠 로드 버라이어티 프로그램이다. 두 사람은 전국 방방곡곡에 숨어있는 일반인 생활 체육 고수를 찾아 떠나며 운동선수 출신의 명예를 걸고 재야의 고수들과 한 치의 양보 없는 진검 승부를 펼칠 예정이다. ‘축구야구말구’ 5회는 7일 오후 9시 30분 방송된다.,https://sports.news.naver.com/news.nhn?oid=468&aid=0000722072
프로야구 한화 새 외국인 타자 힐리와 100만 달러에 계약,2017년 MLB 풀타임 출전해 25홈런 기록한 강타자 한화 이글스 새 외국인 타자 라이온 힐리 AFP 연합뉴스 서울 연합뉴스 김경윤 기자 프로야구 한화 이글스가 미국 메이저리그 MLB 에서 한 시즌 25개의 홈런을 터뜨린 외국인 타자 라이온 힐리 28 를 영입했다. 한화는 6일 힐리와 계약금 30만 달러 연봉 50만 달러 옵션 20만 달러 등 총액 100만 달러에 계약했다 고 발표했다. 힐리는 2013년 MLB 오클랜드 애슬레틱스에 3라운드로 지명된 뒤 2016년 빅리그에 데뷔했다. 2017년엔 149경기에 출전해 타율 0.271 25홈런 78타점을 기록하며 데뷔 후 최고의 시즌을 보냈다. 이후 시애틀 매리너스를 거쳐 올 시즌엔 밀워키 브루어스에서 뛰었다. 메이저리그 통산 성적은 405경기 1천514타수 395안타 타율 0.261 69홈런이다. 나쁘지 않은 성적이다. 한화는 데이터를 바탕으로 힐리를 영입했다고 강조했다. 한화는 힐리는 정확성과 장타력을 동시에 겸비한 선수로 스트라이크존 콘택트율이 메이저리그 평균보다 높은 86%를 기록했다 며 통산 강타구 비율 역시 40.7%로 리그 평균을 상회한다 고 설명했다. 이어 힐리는 잘 맞은 타구를 뜻하는 배럴 타구 비율도 리그 평균을 넘어서는 7.9% 이상을 기록했다 며 힐리는 장타력이 떨어지는 한화 팀 타선에 큰 활력이 될 것으로 기대한다 고 밝혔다. 힐리의 수비 포지션은 1루와 3루다. 노시환을 3루에 중용하고 있는 점을 고려하면 1루를 주로 맡을 것으로 보인다. 정민철 한화 단장은 힐리는 팀 타선에 장타력을 더할 수 있는 선수 라며 공격적인 성향을 가진데다 스트라이크 존 콘택트율이 높다는 점에서 매력을 느꼈다 고 밝혔다.,https://sports.news.naver.com/news.nhn?oid=001&aid=0012062011
도박업자 1176억 상습체납 1위…전 야구선수 임창용도 명단에,앵커 세금 2억 원 이상을 1년 넘게 체납한 사람들의 명단이 공개됐습니다. 천 억원 넘게 체납한 한 도박업자가 가장 많은 국세를 내지 않았고 전 야구선수 임창용 씨도 명단에 포함됐습니다. 박상현 기자의 보도입니다. 리포트 체납자의 집을 찾은 국세청 직원들. 양복 안주머니에서 수표 1억 8천만원이 든 돈봉두가 나오고 은행 대여금고에서도 수표가 무더기로 발견됩니다. 오케이 내가 빚진 돈만 가져가요. 이렇게 국세청이 체납자의 재산 추적에 나서지만 고액 상습 체납은 끊이지 않고 있습니다. 국세청이 2억원 이상을 1년 넘게 체납한 6 965명을 공개했는데 체납액만 4조 8 203억원에 달합니다. 개인 체납액 1위는 한 도박업자로 2015년 부터 부가가치세 등 1 176억원을 체납한 것으로 드러났습니다. 전 프로야구 선수 임창용씨도 체납자 명단에 이름을 올렸습니다. 국세청은 임 선수가 종합소득세 3억원을 체납했다고 밝혔습니다. 현재 국세청과 3천억원대의 소송을 벌이고 있는 선박왕 권혁 시도상선 회장도 증여세 등 22억을 체납해 이름이 공개됐습니다. 김태성 국세청 징세4팀장 은닉 재산을 찾아내고 호화 주택 거주자에 대해서는 거주지 수색 등 추적조사를 강화할 예정입니다. 국세청은 유죄판결이 확정된 조세포탈범 35명의 명단도 함께 공개했습니다. TV조선 박상현입니다.,https://sports.news.naver.com/news.nhn?oid=448&aid=0000312989
‘강호동의 밥심’ 박용택 심경 “‘졸렬택’ 야구 그만두고 싶었다”,한국 야구계를 빛낸 야구선수 박용택 정근우가 은퇴 후 인생 제2막을 앞두고 SBS플러스 밥심 충전 토크쇼 ‘강호동의 밥심’을 찾아온다. 7일 방송되는 ‘강호동의 밥심’에는 박용택 선수와 정근우 선수가 출연해 솔직한 입담을 뽐낸다. 제작진에 따르면 프로 데뷔와 동시에 19년 동안 LG에 몸담은 박용택 선수는 “20년을 운동선수로 활동하다 보니 체력적으로 한계를 느끼게 되더라”라고 고백한다. ‘악마의 2루수’ 정근우 선수 역시 솔직한 은퇴 이유를 밝힌다. 특별히 해설 위원 방송인으로 활약 중인 양준혁과 메이저리그 코치로 활동하고 있는 홍성흔이 후배들에게 은퇴 후 삶에 대한 조언을 주기 위해 ‘강호동의 밥심’을 방문한다. 홍성흔과 박용택은 ‘타격왕’ 타이틀을 두고 경쟁했던 지난 2009년 ‘졸렬택’ 사건을 회상하며 ‘강호동의 밥심’에서 처음으로 이에 대한 대화를 나눈다. 박용택은 “야구를 그만두고 싶기도 했다”고 고백 출연자와 제작진의 안타까움을 자아낸다. 홍성흔은 “이제 털어버렸으면 좋겠다”라며 서로의 상황을 이해하는 모습을 보인다. 박용택 정근우 선수의 솔직하고 담백한 야구 인생 이야기와 은퇴 선배 양준혁 홍성흔의 유쾌한 조언은 7일 월요일 밤 9시 ‘강호동의 밥심’에서 확인할 수 있다. 7일 방송부터 ‘강호동의 밥심’은 밤 10시에서 밤 9시로 편성 시간이 변경된다.,https://sports.news.naver.com/news.nhn?oid=382&aid=0000876494
2020 체납자선박왕에 전 야구선수까지…세금 4.8조 꿀꺽 6965명 공개,국세청 2020년 고액·상습 체납자 등 명단 공개 올해 공개 인원 127명 증가…체납액 5870억 감소 선박왕 권혁·전 기아 야구선수 임창용 명단 포함 법인은 평택 소재 중소 제약사인 하원제약 260억 세종 뉴시스 김진욱 기자 국세청이 2020년 고액·상습 체납자 7000여명의 명단을 공개했다. 이들은 세금 5조원가량을 내지 않고 있었다. 이 명단에는 선박왕 으로 알려진 권혁 시도상선 회장과 기아타이거즈 야구선수 출신 임창용씨가 포함됐다. 이 밖에 거짓 기부금 영수증을 내준 종교 단체와 조세 포탈죄를 저질러 유죄 판결이 확정된 자 중 세액이 큰 이들의 명단도 함께 공개됐다. 국세청은 6일 고액·상습 체납자 6965명 불성실 기부금 수령 단체 79곳 조세 포탈범 35명의 인적 사항 등을 홈페이지를 통해 공개했다 고 밝혔다. 공개 대상은 국세 2억원 이상을 1년 이상 내지 않고 있는 체납자 거짓 기부금 영수증을 발급했거나 발급 명세서를 작성·보관하지 않은 기부금 수령 단체 사기 등 부정행위로 조세를 포탈해 유죄 판결이 확정된 자다. 올해 신규 공개 대상 고액·상습 체납자는 개인 4633명 법인 2332곳이었고 총체납액은 4조8203억원이다. 전년 대비 공개 인원은 127명 증가 체납액은 5870억원 감소했다. 체납액이 100억원 이상인 체납자 수가 감소한 영향이다. 권혁 회장은 증여세 등 22억원을 임창용씨는 종합소득세 등 3억원을 체납해 명단에 이름을 올렸다. 개인 최고 체납액은 1176억원 베팅업체 레옹 운영자 이성록 법인은 260억원 하원제약 이다. 세종 뉴시스 2020년 고액·상습 체납 명단 공개 대상자 개인 의 연령별 현황. 자료 국세청 제공 개인 기준 체납액 2억 5억원 구간이 4732명 67.9% 으로 가장 많았다. 뒤이어 5억 10억원 이 1485명 21.4% 10억 30억원 이 601명 8.6% 30억 50억원 이 75명 1.1% 50억 100억원 이 44명 0.6% 다. 100억원 이상 은 28명 0.4% 이었다. 특히 40 50대가 2759명 59.5% 에 달했는데 이들의 체납액은 2조72억원 60.0% 에 이른다. 수도권 서울·경기·인천 거주자가 2626명 56.7% 이었고 총체납액 중 이들 몫은 2조621억원 61.8% 이다. 법인의 경우 1645곳 70.6% 이 체납액 2억 5억원 구간이다. 5억 10억원은 447곳 19.2% 10억 30억원은 197곳 8.4% 30억 50억원은 19곳 0.8% 50억 100억원은 15곳 0.6% 100억원 이상은 9곳 0.4% 이다. 1456곳 62.5% 이 수도권 소재로 이들은 9704억원 65.6% 을 체납하고 있었다. 942곳 40.4% 이 도·소매업 등 서비스업을 하고 있었고 체납액은 6535억원 44.2% 이었다. 불성실 기부금 수령 단체로는 감로사·달마정사·라파신학원 가나다 순 등이 조세 포탈범으로는 도박 사이트 운영자 강민구·곽준영씨 인터내셔널이미지업성형외과 관계자 곽여진씨 등이 공개됐다. 세종 뉴시스 국세청이 6일 2020년 고액·상습 체납자 등 명단을 홈페이지에 공개했다. 2020.12.06. 올해 해외 금융 계좌 신고 의무 위반자의 경우 국세정보위원회에서 심의 대상 모두 정당한 사유가 있다고 인정해 이번에는 공개하지 않았다. 2017 2019년에는 각 1명씩 공개됐다. 국세청은 국세기본법에 따라 체납 발생일로부터 1년이 지난 국세가 2억원 이상인 체납자의 이름 상호 법인명 나이 직업 주소 체납액의 세목 납부 기한 등을 매년 공개하고 있다. 불성실 기부금 단체의 경우 단체명 대표자 국세 추징 건수·세액 거짓 영수증 발급 건수·금액 의무 불이행 내역 등을 조세 포탈범은 성명 상호 법인명 나이 직업 주소 포탈 세액 세목·금액 판결 요지 및 형량 등을 공개한다. 국세정보위 심의를 거쳐 안내문 발송 대상자를 정한 뒤 6개월 이상 소명서를 받고 체납 세금 납부를 독려한다. 이에 응하지 않을 경우 국세정보위 의결을 거쳐 명단 공개자를 확정한다.,https://sports.news.naver.com/news.nhn?oid=003&aid=0010226070
프로야구 선수협 이사회 차기 회장은...,서울 연합뉴스 한상균 기자 프로야구 선수협회가 7일 오전 강남구 리베라호텔에서 이사회를 하고 있다.,https://sports.news.naver.com/news.nhn?oid=001&aid=0012063578
신한은행 야구의 신 더 레전드 유튜브 영상 공개,…신한은행은 야구의 신 더 레전드 유튜브 영상을 공개했다. 사진 신한은행 신한은행은 인기 유튜브 채널 야신야덕 야구의 신과 야구의 덕후들 과 함께 야구의 신 더 레전드 THE LEGEND 영상을 제작 및 후원했다고 7일 밝혔다. 야구의 신 더 레전드 영상은 야구팬들이 다시 보고 싶어하는 KBO 레전드 은퇴 선수가 출연해 현역시절의 노하우를 전수하는 내용이다. 야구 미션을 수행해 기부금을 적립하고 소아암 아이들에게 수술비를 지원하는 사회공헌활동도 같이 진행한다. 첫 번째 영상은 KBO 홍보대사이자 국민타자인 이승엽 선수가 출연해 홈런 잘 치는 비법을 전수하고 직접 홈런 미션에 도전하는 내용이다. 은퇴한 이승엽 선수가 오랜만에 야구장에서 후배들과 유쾌한 분위기를 만들며 진행됐고 반전 있는 사회공헌 미션도 담겼다. 신한은행은 야구의 신 더 레전드 영상 공개를 기념해 공식 페이스북 채널을 통해 다음 편 영상에 출연하는 선수를 맞추는 SNS 이벤트를 시행한다. 신한은행 관계자는 “정규리그 시즌은 종료되었지만 야구팬들을 위해 KB0 레전드 선수의 사회공헌 미션 영상을 제작했다”며 “비시즌에도 쏠야구에서 진행되는 다양한 콘텐츠와 혜택이 가득한 이벤트에 많은 관심을 부탁드린다”고 말했다.,https://sports.news.naver.com/news.nhn?oid=123&aid=0002235764
전 야구선수 김병현 펜트하우스 특별출연…전설의 투수,예사롭지 않은 눈빛 그라운드 채웠다 현장서 환호성 텐아시아 신소원 기자 펜트하우스 사진 SBS 제공 전 야구선수 김병현이 펜트하우스 에 특별 출연으로 독보적인 존재감을 발산한다. SBS 월화드라마 펜트하우스 극본 김순옥 연출 주동민 는 100층 펜트하우스의 범접불가 퀸 VS 모든 것을 집어삼키는 욕망의 프리마돈나 VS 상류사회 입성을 향해 질주하는 여자가 채워질 수 없는 일그러진 욕망으로 집값 1번지 교육 1번지에서 벌이는 부동산과 교육 전쟁을 담은 드라마다. 무엇보다 전 야구선수 김병현은 극 중 주단태 엄기준 절친 투수 역으로 전격 등장 첫 드라마 도전에 나선다. 극중 주단태 이규진 봉태규 구호동 박은석 이 야구 대결을 펼치는 장면. 그라운드에 올라선 김병현은 폭발적인 카리스마를 드리운 채 볼을 던지는데 이어 주단태 이규진 구호동은 김병현의 볼을 치기 위해 타자석에 오른다. 더욱이 김병현이 가벼운 몸놀림으로 그라운드를 장악하는 등 여유로움을 드러낸 반면 타자석에 서 있는 주단태 구호동 이규진은 긴장감을 내비쳐 시선을 모은다. 하지만 이내 주단태가 구호동의 멱살을 휘어잡고 있는 모습이 담기면서 야구장이 아수라장이 돼버린 이유는 무엇인지 관심이 집중되고 있다. 특히 지난 방송에서는 구호동이 주석훈 김영대 의 동급생 폭행 영상을 삭제하는 대가로 주단태에게 뇌물을 받고 주단태 사무실을 찾아가 형님이라며 넉살을 부리는 등 주단태 주변을 맴도는 모습이 담겼던 터. 이후 구호동이 민설아 조수민 양오빠였음이 밝혀짐과 동시에 심수련 이지아 을 향한 복수심을 드러내 충격을 안겼다. 주단태와 구호동이 야구장에서 만나게 된 내막에 대해 궁금증이 모아지고 있다. 그런가 하면 김병현의 특별 출연은 펜트하우스 제작진과의 친분으로 성사됐다. 김병현의 촬영장 등장 소식에 현장은 그야말로 들끓었던 상태. 엄기준 봉태규 박은석과 주동민 감독은 물론 현장의 스태프들까지 모두 김병현을 향한 팬심을 드러내면서 그 어느 때보다 유쾌하고 활기찬 분위기가 조성됐다. 더욱이 봉태규는 김병현에게 사인을 받기 위해 미리 공까지 준비해오며 찐팬 임을 인증했고 감독과 배우들 역시 김병현의 촬영이 끝나자마자 함께 인증샷을 연달아 찍는 등 훈훈한 분위기를 자아냈다. 더불어 김병현은 메이저리그를 호령했던 전설의 투수답게 카리스마 넘치는 눈빛은 물론 명품 투구폼을 선보여 스태프들의 감탄을 이끌어냈다. 제작진은 그라운드 위에 선 김병현이 공을 한 번씩 내던질 때마다 현장에서 환호성이 저절로 터져 나왔다 라며 흔쾌히 특별 출연에 나서준 김병현에게 감사드린다. 짧은 등장이지만 독보적인 존재감을 드러낸 김병현이 주단태 이규진 구호동의 이야기 속에서 어떤 활약을 펼쳐낼지 본 방송으로 확인해 달라 고 전했다. 한편 펜트하우스 12회는 오는 7일 밤 10시에 방송될 예정이다.,https://sports.news.naver.com/news.nhn?oid=312&aid=0000464849
방출된 신재영·김규민의 구직 생활기 “간절하게 야구하고 싶어요”,키움에서 방출된 신재영은 야구에 대한 희망의 끈을 놓지 않고 있다. 늦깎이 신인왕 신재영의 시련 그래도 포기 하지 않습니다 신재영은 늦깎이 신인왕으로 이름을 알렸다. 2012년 8라운드 69순위로 NC에 입단했던 신재영은 2013년 4월 넥센으로 이적한 뒤 경찰 야구단에서 군 복무를 마치고 제2의 야구 인생을 성공적으로 내딛었다. 2015년 제대한 이후 2016시즌 15승 7패를 달성하며 리그 전체 다승 3위이자 국내 선수 최다승을 기록했다. 입단 5년 차인 신재영은 중고 신인으로 평생에 단 한 번뿐인 신인왕을 거머쥐었다. 이후 선발과 중간을 오가며 6승·8승을 거뒀던 그는 지난해 12경기에서 1승에 그쳤고 올해는 7경기에 등판 승패 없이 평균자책점 12.60을 기록한 뒤 키움 히어로즈에서 방출됐다. 신재영과의 일문일답이다. 신재영 보직 상관없이 다시 마운드로 돌아가고 싶어요 최근 근황은 태어나서 이렇게 열심히 운동한 적 없어요. 아직 딱히 연락 오는 구단이 없어서 안타깝지만 포기하지 않고 있어요. 기다리는 일이 쉽지 않은 일이지만 기회가 왔을 때 잡아야 하는 게 프로 세계잖아요. 언젠가는 한 줄기 빛이 내릴 것이다 이런 마음으로 자신과의 싸움을 하고 있는 기간입니다. 구슬땀을 흘린 보상이 온다는 믿음을 가지고 있고 몸을 최상의 상태로 유지하고 있어요. 키움 구단에 조금 서운하시진 않았어요 구단에 서운한 것은 없었고요. 올해 제가 성적이 좋지 않아서 담담히 받아들이려고 하고 있었어요. 중요한 것은 제가 아직 공이 좋다는 평가를 받아야 하는데요. 일부에서는 구속이 줄었다고 하시는데 절대 그렇지 않거든요. 또 연락이 오면 구속이 괜찮다는 것을 보여줄 자신도 있고요. 다만 한동안 정신력이 약간 무너져서 조금 힘들긴 했어요. 그런데 시간이 지나니까 포기하지 않으면 길이 열릴 것이란 믿음이 생기더라고요. 지금은 더 성숙해진 것 같고요. 더 단단해졌다는 것을 느끼고 있어요. 구속 이야기가 나와서 그런데요. 최근 다 회복됐나요 일단 구속은 아무런 문제가 없어요. 지난해에도 시속 140km 초반대 나왔고요. 지금도 유지하고 있어요. 저도 최근 1 2년 동안 문제점을 생각해 봤죠. 문제는 욕심이었어요. 제가 보기와는 다르게 1군만 올라가면 의욕이 과하다 보니까 저 혼자 스스로 무너졌거든요. 과욕이 문제였어요. 구속하고 구종은 지금도 자신이 있죠. 슬라이더나 체인지업도 손에 많이 익어서 충분히 좋아졌고요. 아직 야구를 놓지 못하는 것도 제가 보기엔 변화구도 지금이 최고로 좋을 때거든요. 팬들에게 한마디 키움이 가을 야구 하는 것도 TV로만 봤어요. 너무 안타깝더라고요. 저는 키움 구단에 서운한 감정보다 키움도 잘 되고 저도 잘 됐으면 하는 마음이 있거든요. 신인왕도 여기서 받았고 야구의 기쁨을 느끼게 해 준 구단이거든요. 저는 패전처리라도 좋아요. 야구만 할 수 있으면 어느 자리라도 보직에 상관없이 제 공이 좋다는 것만 증명하고 싶거든요. 어느 구단이건 불러만 주신다면 불펜에서라도 제 힘이 닿는 데까지 마운드에서 혼을 던지고 싶죠. 좌우명이 ‘성실하게 예의 있게’였거든요. 모자에는 ‘자신감’이란 세 글자를 아직도 써놓고 있고요. 아직 이 야구를 놓지 못하고 있으니 지켜봐 주시고 응원해주시면 감사합니다. 키움에서 방출된 김규민은 중장거리 타자가 되기 위해 살을 찌웠다고 했다. 27세의 군필 자원 김규민의 구직생활 키움의 의외의 방출자 김규민과도 통화가 닿았다. 전화기 너머로 들려오는 김규민의 목소리는 간절함 그 자체였다. 빠른 발과 넓은 수비로 1군에서 알토란같은 활약을 펼치던 외야수 김규민에서 이제는 구직자가 된 김규민 역시 태어나서 가장 많은 구슬땀을 흘리고 있다고 했다. 술을 안 마신지도 정말 오래됐다고 한다. 키움은 베테랑 외야수 이용규 35 를 영입하면서 외야 백업자원 정리가 필요했다. 27세로 군필 자원인 김규민은 작전 수행 능력도 뛰어나 타 구단들이 영입을 노릴 수 있는 자원으로 평가된다. 김규민과의 일문일답이다. 김규민 똑딱이란 평가가 있더라고요 이제 저도 홈런 칠 수 있는 타자가 되고 싶어요 최근 근황은 일주일에 두 번 정도 산을 타고요. 제가 몸이 뻣뻣하거든요. 그래서 필라테스 하고 있어요. 저에 대한 평가를 살펴봤더니 ‘김규민 너무 똑딱이다’ 이런 평들이 들려서요. 이 평가를 뒤집을 수 있도록 타격 훈련 하고 있는데 아직 기술 훈련은 안 들어갔지만 웨이트트레이닝을 통해서 벌크업 살찌우기 하고 있어요. 원래 83kg 나갔거든요. 지금은 89kg까지 불렸고요. 방출당하고 나와보니까요. 저하고 비슷한 평가를 듣는 선수들이 많더라고요. 물론 저보다 실력은 좋은 선수들이지만 저도 그렇고 몇몇 선수들도 그렇고 ‘똑딱이다’ 이런 평가들이 있어서요. 나와 보니까 알겠더라고요. 저만의 색깔도 없었던 것 같고요. 지금 정말 중요한 시기를 바쁘게 보내시고 있네요 한 단계 제가 업그레이드되는 단계죠. 이 계기로 야구선수 김규민이 한 뼘 성장한 것 같고요. 지금 정말 간절하니까요. 나와 보니까 깨달은 거죠. 중장거리 타자의 가능성을 보였어야 하는 데 똑딱이였구나…. 군 복무도 현역으로 하고 어려웠는데 키움에서 팬도 생겼고 키움에서 제 이름 석 자도 알렸고요. 정말 별 볼 일 없는 저에게 키움 구단에서 충분히 기회를 주셨다고 생각하고 있고요. 요즘 어떤 각오로 구슬땀을 흘리고 있나요 좌우명이 ‘나의 라이벌은 어제의 나 자신이다 이에요. 오늘의 나는 무조건 어제의 나보다 잘 돼야 한다.,https://sports.news.naver.com/news.nhn?oid=056&aid=0010947614
,최근 5년간 승률 2016 0.420 AL 동부 5위 2017 0.494 AL 동부 3위 2018 0.556 AL 동부 3위 2019 0.593 AL 동부 2위 DS 패배 2020 0.667 AL 동부 1위 WS 패배 타선의 균형을 맞추기 위해 우타자들을 물색. 필요한 우타자들을 보강하면서 짜임새를 갖췄다. 오프너로 마운드를 세밀하게 운영했던 탬파베이는 플래툰을 가동해 타선도 보다 정밀하게 다룰 것을 예고했다. 하지만 개막이 지연되면서 준비한 야구를 보여줄 수 없었다. 개막이 확정된 뒤에도 오스틴 메도스와 타일러 글래스나우 등이 코로나19에 감염되면서 차질이 생겼다. 시즌 초반은 숨고르기를 했다. 개막전을 패배하고 4연승을 달렸지만 5연패로 주저앉았다 4승6패 . 시즌 첫 더블헤더를 치른 8월9일까지 5할 승률 아래를 맴돌았다 7승8패 . 탬파베이의 마지막 방황이었다. 예열을 끝낸 탬파베이는 망설임 없이 질주했다. 더블헤더 1차전 후 34승12패는 다저스 33승12패 를 넘어서는 최고 성적. 그사이 초반에 치고 나갔던 양키스는 제풀에 지쳐 쓰러졌다 23승23패 . 탬파베이는 9월18일 포스트시즌 진출 매직넘버를 모두 지웠다. 브랜든 라우는 포스트시즌에 올라가는 건 의심의 여지가 없었다 고 말했다. 9월24일에는 지구 우승도 확정. 2008년과 2010년에 이은 세 번째 지구우승으로 탬파베이는 정규시즌 남은 세 경기도 모두 승리했다. 60경기 40승은 162경기 시즌 기준 108승에 해당된다. 포스트시즌 첫 두 번의 시리즈는 같은 지구 팀을 상대했다. 와일드카드 시리즈에서 만난 토론토는 적수가 되지 않았다. 도합 11득점 3실점으로 2차전 만에 끝냈다. 양키스를 만난 디비전시리즈는 5차전까지 가는 승부를 펼쳤다. 팽팽하게 맞선 두 팀은 5차전도 한 점 차이로 희비가 엇갈렸다. 마침표를 찍은 선수는 경기 중반 대타로 나온 마이크 브로소였다. 브로소는 아롤디스 채프먼의 100.2마일 포심을 받아쳤다. 승자독식경기에서 교체 선수 홈런은 브로소가 7번째였다. 탬파베이는 휴스턴과 격돌한 챔피언십시리즈도 최종전까지 가야했다. 1 2 3차전을 승리할 때만 해도 여유롭게 올라가는 듯 했는데 4 5 6차전을 모두 내주면서 분위기가 묘하게 흘러갔다. 다행히 7차전 찰리 모튼의 노련한 피칭으로 2004년 양키스가 당한 수모는 피했다. 탬파베이와 휴스턴은 7경기가 전부 석 점차 이내였다. 1 4 5차전은 한 점차 2 7차전은 두 점차 3 6차전은 석 점차로 매 경기 혈투였다. 창단 첫 우승에 마지막 관문이 남은 탬파베이는 대망의 월드시리즈에서 다저스와 맞붙었다. 양 리그 최강 팀이 장식한 월드시리즈는 다저스의 우세로 전망됐다. 그러나 탬파베이도 순순히 물러서진 않았다. 4차전까지 시리즈 전적은 2승2패로 4차전은 9회말 투아웃 이후 뒤집은 역전승이었다. 아쉽게도 이 4차전이 올해 탬파베이의 마지막 승리였다. 탬파베이는 끝내 타선이 터지지 않으면서 5 6차전을 패배했다. 이 가운데 6차전 블레이크 스넬의 투수 교체는 격렬한 논쟁을 불러왔다. good 케빈 캐시 감독은 생애 첫 감독상을 수상한 자리에서 똑같은 상황이 오더라도 스넬을 내렸을 것이라고 강조했다. 대신 다른 결과가 나오길 바랐을 것이라고 덧붙였다. 실제로 탬파베이는 이런 방식으로 승리 확률을 높여 정규시즌 40승과 포스트시즌 11승을 챙긴 팀이다. 올해 오프너 활용을 제한했지만 선발투수의 경기당 평균 이닝은 4.3이닝에 불과했다 ML 26위 . 탬파베이는 선발진이 맡은 이닝이 258이닝. 반면 불펜진은 269.2이닝을 소화했다. 선발 평균자책점이 3.77로 리그 3위였는데 불펜 평균자책점은 3.37로 리그 2위였다. 특히 불펜이 합작한 팬그래프 승리기여도 3.6은 전체 1위였다 미네소타 3.6 . 비록 마지막에 삐끗했지만 닉 앤더슨은 시즌 내내 중용된 투수였다 19경기 0.55 . 디에고 카스티요 22경기 1.66 피트 페어뱅크스 27경기 2.70 가 승부처에서 팀을 구한 투수들. 애런 루프 24경기 2.52 라이언 톰슨 25경기 4.44 존 커티스 17경기 1.80 애런 슬레거스 11경기 3.46 등 물량도 풍부했다. 특정 투수에게 의존하지 않은 불펜은 각기 다른 12명이 세이브 하나씩을 추가했다. 앤더슨과 카스티요를 언제든지 내보낼 수 있었던 것은 자물쇠를 채우는 투수가 충분했기 때문이다. 탬파베이는 다양한 유형의 투수들이 조화를 이루면서 효과를 극대화했다. 단순하게 우완 좌완 파워 기교파 투수들의 구분이 아니었다. 공을 던지는 릴리스 포인트가 천차만별이었다. 정통파를 비롯해 우완 스리쿼터 커티스 우완 사이드암 톰슨 좌완 사이드암 루프는 각양각색의 릴리스 포인트를 가지고 있었다. 이 사실에 주목한 마이크 페트리엘로 스탯캐스트 는 탬파베이는 릴리스 포인트가 6인치 15.24cm 이내로 겹치는 투수가 가장 적은 팀이라고 밝혔다. 마치 천수관음상을 보는 듯 했던 화려한 릴리스 포인트 분포는 올해 탬파베이의 히트작 중 하나였다. 탬파베이는 규정이닝을 충족한 투수가 없었다. 글래스나우가 팀 내 최다이닝 1위였다 5승1패 4.08 . 57.1이닝을 던진 글래스나우는 탈삼진이 무려 91개. 9이닝당 탈삼진 14.28개는 셰인 비버 14.20개 를 능가한다. 메이저리그 역대 단일 시즌 1위 기록 10선발 . 포심 60.6% 과 커브 34.8% 만으로 타자들을 폭격했던 글래스나우는 캐시로부터 가장 강력한 투 피치 투수 라는 찬사를 받았다. 탬파베이는 디펜시브런세이브 DRS 리그 2위 전체 5위 24 . 종종 2루수 라우를 우측 뒤로 이동시켜 4인 외야진을 선보였는데 디비전시리즈 3차전 카일 히가시오카의 좌중간 장타성 타구를 막아냈다. 시프트를 무작정 가동하지는 않았다. 좌타자 상대 시프트 비중이 38%로 4번째로 적었다. 하지만 wOBA는 3번째로 낮았을 정도로 0.265 그만큼 적중률이 높았다. 한편 수비요정 케빈 키어마이어는 DRS 10을 기록해 외야수 전체 3위에 올랐다 갈로 12 벅스턴 11 베츠 10 . 2019년 신인왕 3위 .270 .336 .514 였던 라우는 올해 MVP 8위에 선정 .269 .362 .554 . 당당히 리그 정상급 선수들과 어깨를 나란히 했다. 승리기여도 2.3은 리그 6위 조정득점생산력 150은 리그 8위. 내외야를 가리지 않고 누비는 라우는 과거 벤 조브리스트를 연상시킨다. 지독한 10월 부진 .103 .176 .279 을 겪었지만 월드시리즈에서 홈런 3개를 날리는 등 헤어나오는 모습도 보여줬다. 매일 다른 라인업을 들고 나온 탬파베이는 9월12일 보스턴전에서 선발 라인업을 좌타자로만 채웠다. 메이저리그 역사상 최초의 일. 이 경기에서 탬파베이는 보스턴을 11대1로 대파했다. bad 그럼에도 불구하고 플래툰은 계획한 성과를 거두지 못했다. 지난 겨울에 데려온 헌터 렌프로 .156 .252 .393 마누엘 마고 .269 .327 .352 호세 마르티네스 .239 .329 .388 로 우타자 갈증을 해소하기는 부족했다. 와일드카드 시리즈 2차전에서 류현진을 상대로 탬파베이 포스트시즌 첫 만루홈런을 터뜨린 렌프로는 시즌이 끝나자마자 방출됐다. 탬파베이는 공들여서 데려온 쓰쓰고도 첫 시즌 매우 고전했다 .197 .314 .395 8홈런 . 최다볼넷 리그 2위 243개 인 탬파베이는 팀 출루율 리그 4위였다 0.328 . 그런데 타자들이 전반적으로 정확성과 거리가 멀었다. 팀 타율 0.238는 리그 11위. 스트라이크존 콘택트 비율이 전체 최하위 77.1% 였는데 헛스윙률 30%가 넘는 세 팀 중 하나였다 밀워키 30.3% 탬파베이 30.1% 디트로이트 30% . 삼진도 608개로 가장 많았고 밀워키 582개 이 약점이 포스트시즌에서도 발목을 잡았다. 탬파베이가 포스트시즌에서 당한 220삼진은 단일 시즌 기록이다 2018년 다저스 173개 . 마이크 주니노 .147 .238 .360 와 마이클 페레스 .167 .237 .238 는 공격력만 따지면 최악의 포수 조합. 주니노는 왼 옆구리 부상으로 28경기 출장에 그쳤다. 완전히 미련을 접은 탬파베이는 내년 시즌 주니노의 옵션 450만 을 거절했다. 올해 탬파베이는 부상병동이었다. 요니 치리노스와 제일런 빅스 콜린 포세는 토미존 수술을 받았다. 채즈 로와 앤드류 키트리지도 팔꿈치 통증을 호소했다. 투타 겸업 선수로 지난해 데뷔한 브렌던 맥케이도 어깨 수술로 이탈했다. 뒤늦게 합류한 메도스는 코로나19 여파가 있었다 .205 .296 .371 . 얀디 디아스 .307 .428 .386 와 최지만 .230 .331 .410 은 나란히 햄스트링 부상에 신음했다. 최지만은 시즌 초반 스위치히터로 변신해 눈길을 모았다. 좌완 앤서니 케이에게 홈런을 뽑아내기도 했지만 이 기세를 이어가지 못했고 타격감만 흔들렸다. 창단 첫 우승이 좌절된 탬파베이는 모튼에게 걸린 내년 시즌 옵션 1500만 도 행사하지 않았다. 올해 어깨가 좋지 않았던 모튼은 구속이 떨어지는 등 성적이 예전 같지 않았다 2승2패 4.74 . 코로나19 때문에 주머니 사정이 더 어려워진 탬파베이는 1선발 스넬마저 트레이드 시장에 내놓았다는 소문. 내년 시즌 연봉이 1050만 달러인 스넬은 올 시즌 4승2패 3.24 50이닝 를 기록했다. 올해는 FA 시장에 확실한 투수가 트레버 바우어 뿐이기 때문에 스넬을 넘길 수 있는 적기는 맞다. 설령 주축 선수들이 떠난다고 해도 탬파베이는 자신이 있다. 지난 9월 발표한 팜 랭킹에서 베이스볼아메리카와 mlb파이프라인 모두 1위를 차지했다. 차원이 다른 유망주 완더 프랑코 19 는 부동의 전체 1위. 윈터리그에서 당한 이두근 부상은 걱정할 정도는 아니다. 올해 드래프트 1라운드에서 뽑은 우완 닉 비츠코와 유격수 앨리카 윌리엄스도 우수한 자원이라는 평가 비츠코는 오른쪽 어깨 수술을 받았다 . 당장 팀 전력을 높일 수 있는 선수들도 보이는데 베이스볼아메리카 기준 내년 시즌 탬파베이 2위 유망주는 바로 랜디 아로사레나다. 이미 포스트시즌 역사를 쓴 아로사레나는 정규시즌 포스트시즌 도합 43경기 성적이 .333 .414 .738 17홈런이다. OPS 1.151은 정규시즌 전체 2위에 해당 후안 소토 1.185 . 다만 아로사레나는 가정 폭력 문제를 일으켜 사무국 징계가 떨어질 수도 있다. 선수 개인보다 전체가 가진 힘이 돋보이는 팀. 탬파베이의 도전은 내년에도 멈추지 않을 것이다. 자신들만의 독창적인 야구로 우승에 더 가까이 다가갈 수 있다. 그리고 탬파베이의 우승은 더 이상 기적 같은 일이 아니다.,https://sports.news.naver.com/news.nhn?oid=460&aid=0000001339
프로야구선수협회 이사회,서울 뉴시스 박미소 기자 이대호 전 프로야구선수협회장이7일 오전 서울 강남구 리베라호텔에서 열린 한국프로야구선수협회 이사회에 참석해있다. 2020.12.07. misocamera newsis.com 사진 영상 제보받습니다 공감언론 뉴시스가 독자 여러분의 소중한 제보를 기다립니다. 뉴스 가치나 화제성이 있다고 판단되는 사진 또는 영상을 뉴시스 사진영상부 n photo newsis.com 로 보내주시면 적극 반영하겠습니다.,https://sports.news.naver.com/news.nhn?oid=003&aid=0010227224
야구의 신 베이브 루스와 비견된 PHI 휠러는 누구,스포탈코리아 김동윤 기자 필라델피아 필리스의 구단주 존 미들턴이 팀의 2선발 잭 휠러 30 트레이드 가능성을 강하게 부정하면서 베이브 루스를 비롯한 여러 전설적인 선수들의 이름을 소환했다. 최근 타 구단의 고위 관계자는 이번 신종 코로나바이러스 감염증 코로나 19 을 이유로 필라델피아는 메이저리그 30개 팀 중 가장 많은 인원인 80명의 직원을 해고하는 등 심각한 재정 위기에 직면했다. 재정 악화를 극복하기 위한 방안으로 팀 내에서 두 번째로 비싼 휠러를 트레이드할 수도 있다 는 얘기를 꺼냈다. 이러한 소문은 미들턴 구단주가 구단 운영에 1억 달러의 자본을 투입하고 같은 내셔널리그 동부 지구 경쟁팀들이 강해지면서 신빙성을 더해가는 중이었다. 하지만 미들턴 필라델피아 구단주는 미국 매체 ESPN과의 전화 통화에서 이에 대해 화를 내며 강하게 반발한 것으로 알려졌다. 7일 한국 시간 ESPN은 미들턴 구단주는 만약 트레이드 대가로 베이브 루스를 제안한다 해도 휠러를 내주지 않겠다 고 엄포를 놨다 는 소식을 전했다. 이어 미들턴 구단주는 루스뿐 아니라 테드 윌리엄스 마이크 슈미트와 같은 전설적인 이름이 추가로 언급하면서 난 휠러를 트레이드하는 일에 어느 누구에게도 권한을 주지 않았다 고 다시 한번 강한 의지를 나타냈다. 언급된 루스 윌리엄스 슈미트는 메이저리그 명예의 전당에 입성한 전설적인 선수들이다. 루스는 통산 714개의 홈런을 때려내며 7번의 월드시리즈 우승 보스턴 레드삭스 3번 뉴욕 양키스 4번 을 이끈 타자로 보스턴을 86년간 힘들게 한 밤비노의 저주 의 장본인이기도 하다. MVP를 2회 수상한 윌리엄스는 보스턴에서만 19년간 뛰면서 타격의 신 마지막 4할 타자 등 다양한 별명을 가진 전설적인 타자다. 마지막으로 슈미트는 골드글러브 10회 MVP 3회 등 공·수 모든 면에서 완벽하다고 평가받던 역대 최고의 3루수다. 특히 필라델피아에서만 18년을 뛴 슈미트는 팀의 첫 월드시리즈 우승을 이끈 구단의 상징과도 같은 선수기도 하다. 한편 이들과 비견된 휠러는 지난 겨울 5년 1억 1 800만 달러의 계약을 맺고 필라델피아에 합류했다. 휠러의 계약 규모는 13년 3억 3 000만 달러를 받는 브라이스 하퍼 28 다음으로 크다. 2009년 1라운드 6번으로 샌프란시스코 자이언츠에 지명된 휠러는 2011년 카를로스 벨트란과의 1 1 트레이드로 뉴욕 메츠로 넘어갔다. 2013년 메츠에서 데뷔한 휠러는 토미 존 수술과 재활 과정 탓에 지난해까지 7년간 풀타임 시즌을 3차례밖에 갖지 못했다. 휠러는 메츠에서의 7년간 126경기 44승 38패 749.1이닝 726탈삼진 평균자책점 3.77을 기록했다. 올스타에 선정된 적도 사이영상 후보에 오른 적도 없지만 휠러는 메츠에서의 마지막 두 시즌 동안 건강함을 과시하며 뛰어난 구위를 선보였다. 어린 나이와 함께 에이스가 잠재력이 될 가능성이 높다는 이유로 1억 달러 투수가 된 휠러는 필라델피아 첫해였던 올해 가능성을 살짝 보여줬다. 60경기 체제로 진행된 올해 휠러는 11경기 4승 2패 71이닝 53탈삼진 평균자책점 2.92로 나쁘지 않은 성적을 기록했다. 그러나 휠러가 남은 계약 기간 4년 동안 어떤 뛰어난 성적을 기록하더라도 루스 윌리엄스 슈미트에 비하면 초라하다. 미들턴 구단주도 이를 모를 리 없다. 미들턴 구단주 역시 휠러를 저들과 동급으로 생각하기보다는 타 구단 관계자가 필라델피아의 재정 상황을 언급한 것에 불쾌감을 드러내는 과정에서 나온 표현으로 해석된다.,https://sports.news.naver.com/news.nhn?oid=139&aid=0002143263
축구야구말구 박찬호 경기 중 긴급 부상→뜻밖의 진단결과 충격,스포츠조선 백지은 기자 축구야구말구 팀이 뜻밖의 위기를 맞는다. 오는 7일 방송될 KBS2 예능프로그램 축구야구말구 5회에서는 박찬호X이영표X오마이걸 승희가 창원의 배드민턴 생활 체육 고수와의 만남을 앞두고 위기를 겪는 모습이 그려진다. 앞서 남해 생활 체육 고수와 맞붙은 첫 번째 배드민턴 대결에서 예기치 못한 부상을 당해 놀라움을 샀던 박찬호는 이날 방송에서 병원을 찾는다. 걱정스러운 분위기 속에서 MRI 검사를 받은 박찬호는 뜻밖의 진단 결과를 받았다는 후문. 과연 박찬호가 축구야구말구 의 남은 경기들을 무사히 소화할 수 있을지 관심이 집중된다. 부상을 당한 박찬호의 빈자리를 일시적으로 대신하기 위해 이날 방송에서는 승희가 배드민턴 비밀 특훈에 나선다. 박찬호의 부담을 줄여주기 위해 코치인 이용대에게 먼저 비밀 특훈을 제안한 승희는 댄스로 다져진 몸놀림과 탁월한 운동신경으로 놀라운 습득력을 선보여 이용대를 깜짝 놀라게 했다는 전언이다. 승희의 배드민턴 실력은 본방송에서 확인할 수 있다. 우여곡절 끝에 2번째 배드민턴 대결에 나선 박찬호 이영표 승희는 창원에 거주 중인 새로운 생활 체육 고수를 만난다. 실제 나이가 믿기지 않을 만큼의 동안 외모와 체력을 자랑하는 2인의 생활 체육 고수 덕분에 축구야구말구 팀도 덩달아 긴장했다는 후문. 박찬호의 부상이라는 변수 속에서 축구야구말구 팀이 과연 승리를 따낼 수 있을지 기대를 모으고 있다. 축구야구말구 는 전국민 1인 1체육을 목표로 못하는 운동이 없다고 자부하는 박찬호X이영표의 투머치토킹 스포츠 로드 버라이어티 프로그램이다. 두 사람은 전국 방방곡곡에 숨어있는 일반인 생활 체육 고수를 찾아 떠나며 운동선수 출신의 명예를 걸고 재야의 고수들과 한 치의 양보 없는 진검 승부를 펼칠 예정이다.,https://sports.news.naver.com/news.nhn?oid=076&aid=0003668166
이승엽♥ 이송정 근황 야구선수 아내 중 미모 서열 1위 위엄in스타★,스포츠조선 이유나 기자 전 프로야구 선수 이승엽의 아내 이송정의 근황이 공개돼 관심을 모으고 있다. 이송정은 6일 인스타그램에 셀카 사진을 공개해 놀라움을 안겼다. 갸름한 단아한 얼굴에 긴 생머리의 그녀는 20대라고 해도 믿어질만큼 놀라운 미모를 과시하고 있다. 1982년생인 이송정은 올해 39살 두 아이의 엄마다. 과거 야구선수 이용규의 아내 유하나가 싱글와이프 에 출연하여 야구선수 아내들의 외모 서열을 밝힌 바 있는데 당시 유하나는 야구선수 아내 외모 서열 1위는 이승엽 선수 아내 이송정 씨 라며 2위부터는 말하기 어렵다 고 말한 바 있다. 이송정은 미스코리아 출신으로 화장품 브랜드 모델 활동을 하기도 했다. 남편 이승엽과는 신인모델 시절 1999년 디자이너 앙드레김 패션쇼에서 처음 만난 것으로 전해졌다. 1년 열애 끝에 2002년 결혼식을 올려 현재 18년차 잉꼬부부로 살고 있다. 이송정은 배우 이소연과 오랜 절친. 이소연 또한 자신의 SNS에 이송정과 오랜만에 만난 사진을 공개하며 여전한 우정을 드러내기도 했다. 한편 이송정은 이승엽과 두 아들과 함께 단란한 결혼생활을 이어가고 있다.,https://sports.news.naver.com/news.nhn?oid=076&aid=0003668669
전 야구선수 임창용 종부세 3억원 미납…체납자 된 이유,머니투데이 한민선 기자 임창용 전 프로야구 선수의 2018년 경기 모습.. 사진 뉴스1 국가대표 출신인 임창용 전 프로야구 선수가 국세청의 고액 상습 체납자 명단에 포함됐다. 7일 국세청에 따르면 임창용은 지난 6일 종합소득세 등 3억원을 체납한 사유로 고액·상습 체납자 명단에 실명이 공개됐다. 국세청에 따르면 임창용은 2017년 종합소득세 등 2억 6500만원 총 1건 을 내지 않았다. 2018년 9월 30일이 납기로 2년이 지났다. 명단에는 44세 무직으로 표기되어 있다. 2017년분이면 KIA 타이거즈에서 뛸 당시다. 임창용은 1995년 해태에 입단했고 1998년 시즌을 마친 후 삼성으로 이적했다. 2015년까지 삼성에서 활약했고 2016년부터 2018년까지 KIA에서 선수로 뛰었다. 2008년부터 2013년까지는 일본프로야구 야쿠르트와 메이저리그 시카고 컵스에서 뛰었다. 1999년 평균자책점 1위에 올랐고 1998년·1999년·2004년·2015년 세이브왕이었다. 통산 258세이브로 역대 3위에 자리하고 있다. 임창용이 체납자가 된 이유는 세무당국과 선수 개인이 해외에서 받은 연봉에 대한 이견을 가졌기 때문으로 추측된다. 국세청은 지난 수년간 해외에서 활역하는 스포츠스타들에 대한 본인 명의 해외금융계좌를 미신고 사례를 수집해왔다. 국내 거주기간과 생계·재산 현황에 비춰 거주자 국내 납세의무자 에 해당함에도 비거주자로 간주해 해외에서 받은 계약금·연봉을 신고 누락한 사례를 발견해 추징한 것이다. 당국은 선수가 해외에서 얻은 소득 일부를 부모나 가족에게 줘서 부동산 취득자금으로 준 사례 등에 대해서도 증여세 무신고 위반을 적용하고 있다.,https://sports.news.naver.com/news.nhn?oid=008&aid=0004510309
프로야구 삼성 7일 연고지·팀원 비하한 신동수 징계위원회,KBO 코로나19 방역 수칙을 비웃은 신동수 현재는 삭제한 신동수 인스타그램 캡처. 재판매 및 DB금지 서울 연합뉴스 하남직 기자 프로야구 삼성 라이온즈가 사회관계망서비스 SNS 에 야구 관계자는 물론 지역과 장애인 미성년자를 비하하는 글을 올린 2020년 신인 내야수 신동수 19 의 징계 수위를 논의한다. 삼성은 5일 신동수의 징계위원회를 7일에 열기로 했다 고 밝혔다. 워낙 큰 파장을 부른 터라 중징계가 불가피하다. 신동수가 SNS 비공개 계정에 올린 글은 4일부터 야구 커뮤니티에 공개됐다. SNS는 사적인 공간이고 비공개 계정에 올린 글이지만 일반인들이 받아들일 수 없는 수준의 표현이 난무해 팬들의 공분을 샀다. 신동수는 SNS에서 삼성 구단 코치와 선배는 물론이고 타 구단 선배 경기 감독관 심판 등을 모욕했다. 더 심각한 건 야구장 밖 사람들을 대하는 태도였다. 신동수는 신종 코로나바이러스 감염증 코로나19 과 싸우는 시민 코로나19에도 리그를 운영하고자 애쓴 이들을 모욕했다. 그는 SNS에 KBO가 보낸 자가 점검 요청 문자 메시지를 올리며 욕설했다. 모두가 숨죽이며 코로나19 방역에 힘쓰고 리그를 진행하던 7월에는 오전 4시에 술집을 찾은 사진도 올렸다. KBO와 구단이 당부한 방역 수칙을 비웃었다. 연고지 대구에서 시민들이 코로나19와 연일 사투를 벌인 3월에 지역을 비하하는 글 도 썼다. 이 밖에도 SNS에 정상적인 사고를 하는 사람이라면 입에 담지 못한 장애인 비하 미성년자 비하를 했다. 의료진 일반인을 도둑 촬영해 SNS에 올리기도 했다. 신동수는 2020년 신인 지명회의 2차 8라운드 전체 75순위로 삼성에 입단했다. 올해 1군에서는 뛰지 못했고 퓨처스 2군 리그 52경기에 출전해 타율 0.156 1홈런 6타점에 그쳤다. 그런데도 더 열심히 뛰고 더 좋은 경력을 쌓은 타 구단 선배를 조롱했다. 많은 팬은 이미 신동수를 용서받을 수 없는 선수 로 분류했다.,https://sports.news.naver.com/news.nhn?oid=001&aid=0012061725
한화 내년엔 외국인 농사 잘 될까 성일만 야구선임기자의 핀치히터,파이낸셜뉴스 시애틀 매리너스 시절 라이온 힐리. 사진 뉴시스 한화가 발 빠르게 움직였다. 한화는 최근 6일 사이 외국인 선수 보강을 뚝딱 해치웠다. 외국인 투수 두 명에게는 총액 105만 달러 11억 3600만 원 를 투자했다. 타자 한 명을 잡는 데는 이 둘 몸값에 해당하는 100만 달러를 썼다. 한화의 행보를 보며 왜 이렇게 서두르나 의문이 들었다. 외국인 선수 스카우트는 제한되어 있다. 빨리 움직인다고 전혀 문제될 될게 없다. 하지만 올 해는 사정이 조금 다르다. 외국인 선수 공급 시장인 메이저리그 쪽 상황 변화 때문이다. 코로나 19 직격탄을 맞은 메이저리그는 각 구단 마다 허리띠를 졸라 매느라 부산스럽다. 좋은 선수들이 다량 시장에 풀릴 수 있다는 신호다. 그런데 한화는 서둘러 외국인 선수 세 명을 결정지었다. 투수 닉 킹엄 28 에게는 총 55만 달러 라이언 카펜터 30 에겐 50만 달러에 계약했다. 올 해 서폴드와 벨에게 240만 달러를 투자했던 한화로선 135만 달러를 절약했다. 코로나 19로 팍팍해진 살림살이를 감안하면 돈 적게 썼다고 나무랄 순 없다. 그러나 며칠 후 타자 라이온 힐리 28 를 데려오면서 두 투수 몸값의 합계와 맞먹는 100만 달러를 선뜻 지불한 대목에선 고개를 갸우뚱거렸다. 대체 한화의 의도는 무얼까. 골치 아픈 외국인 선수 스카우트 빨리 끝내고 보자일까. 무조건 돈을 아끼자 일까. 조기에 대형을 갖추어 빡세게 동계 훈련에 들어가자 일까. 언뜻 이해가 잘 되지 않는다. 올 시즌 SK서 뛰었던 닉 킹엄. 사진 뉴스1 외국인 선수 영입에는 크게 세 가지 요소가 고려 돼야 한다. 첫 째 능력이다. 실력 없는 외국인 선수만큼 허무한 노릇이 없다. 둘 째 부상 여부다. 한화는 올 해 투수 벨의 부상으로 내내 가슴앓이를 했다. 벨은 2020시즌 2승 8패 평균자책점 5.96을 기록했다. 외국인 투수의 성적으로는 최악이다. 그나마 어깨 통증으로 9월 13일 KT 경기 도중 마운드를 물러난 후 시즌 아웃됐다. 10위라는 한화의 성적표에 상당한 원인 제공을 한 부상이었다. 마지막이 한국 야구 적응이다. 이 부문은 매우 중요하지만 운에 좌우되는 경향이 없지 않다. 일정한 연관성을 발견하기 어렵기 때문이다. 그러니 세 가지 요소 가운데 기량과 부상만큼은 철저히 점검돼야 한다. 그런데 한화의 세 외국인 선수들 모두 충분한 신뢰를 주지 못하고 있다. 가장 나중에 영입한 힐리의 경우 꽤 화려한 이력을 지녔다. 2016년 여름 오클랜드에서 메이저리그에 데뷔 첫 해 72경기에 출전해 3할 타율 0.305 과 홈런 13개 37타점을 기록했다. OPS는 정상급인 0.861. 이듬해엔 25홈런과 78타점을 올렸다. 2018년에도 20개 이상 24개 아치를 그려냈고 타점도 73개 남겼다. 이 정도 성적이면 메이저리그서도 수준급이다. 그런 힐리가 2019년과 2020년을 망친 이유는 부상 탓이다. 힐리는 엉덩이 허리 등 복수의 부상 부위로 오래 부상자 명단에 이름을 올렸다. 킹엄은 올 해 초 SK에서 뛰다가 부상으로 아웃됐다. 기량은 있어 보였지만 내년 정상 활약 여부가 의문이다. 반대로 카펜터는 기량 면에서 불안하다. 국내보다 수준 낮은 대만리그서 10승 6패 3.96을 기록했다. 이런 선수들을 잡으려고 서둘렀을 필요가 있었을까 싶다.,https://sports.news.naver.com/news.nhn?oid=014&aid=0004542196
세금체납 야구왕·선박왕 누구,머니투데이 세종 박준식 기자 국세청 고액·상습체납자 6965명 및 불성실 기부금 수령단체 79개 조세포탈범 35명 명단공개 삼성 마무리 임창용 사진제공 삼성 라이온즈 제공 전직 프로야구선수 임창용과 한국의 오나시스로 불리며 해운업으로 수조원 재산을 이룬 권혁 시도상선 회장이 고액·상습체납자로 명단에 올랐다. 국세청은 6일 12시를 기점으로 고액·상습체납자 6965명과 불성실 기부금 수령단체 79개 조세포탈범 35명의 인적사항을 누리집 www.nts.go.kr 에 공개했다. 체납발생일로부터 1년이 지난 국세를 2억 원 이상 체납하면 이름이 공개된다. 불성실 기부금 수령단체 공개 대상은 거짓 기부금 영수증을 발급했거나 기부금 영수증 발급명세서를 작성·보관하지 않은 단체와 상속세 및 증여세법상 의무를 불이행한 단체다. 조세포탈범 공개 대상은 장부를 소각･파기하거나 경제적 능력이 없는 자의 명의로 위장하는 등 사기나 그 밖의 부정한 행위로 조세를 포탈해 유죄판결이 확정된 자다. start block ━ 한·미·일 프로리그 섭렵한 임창용이 왜 ━ end block 아쿠르트 주니치경기 사진 김영민 국세청에 따르면 풍운아 야구선수 임창용은 이날 종합소득세 등 3억원을 체납한 사유로 고액·상습 체납자 명단에 실명이 공개됐다. 임창용은 팔의 각도를 바꿔서 던지는 변형 사이드암 투수로 한·미·일 리그에서 모두 마무리 투수로 이름을 떨쳤다. 해태 타이거즈와 삼성 라이온즈 도쿄 야쿠르트 스왈로즈 시카고 컵스 기아 타이거즈 등을 거쳤다. 2019년 3월 11일 은퇴하기까지 국가대표로 공을 세웠다. 임창용이 화려한 커리어와 족히 수십억원이 넘을 연봉 누적액을 두고서도 체납자가 된 까닭으로는 세무당국과 선수 개인이 해외에서 받은 연봉에 대한 이견을 가졌기 때문으로 추측된다. 국세청은 지난 수년간 해외에서 활역하는 스포츠스타들에 대한 본인 명의 해외금융계좌를 미신고 사례를 수집해왔다. 국내 거주기간과 생계·재산 현황에 비춰 거주자 국내 납세의무자 에 해당함에도 비거주자로 간주해 해외에서 받은 계약금·연봉을 신고 누락한 사례를 발견해 추징한 것이다. 당국은 선수가 해외에서 얻은 소득 일부를 부모나 가족에게 줘서 부동산 취득자금으로 준 사례 등에 대해서도 증여세 무신고 위반을 적용하고 있다. 임창용은 개인 체납자 4275번으로 확인됐다. start block ━ 4100억 맞은 권혁…국세청과 10년 전쟁 ━ end block 15일 오후 서울 서초동의 한 사무실에서 시도상선 권혁 회장 인터뷰. 홍봉진 기자 사진 홍봉진기자 honggga 권혁 시도상선 회장은 세계 해운업계에서 잘 알려진 이른바 선박왕 이다. 현대자동차 출신으로 1993년 홀로 일본에서 해운업을 일구고 홍콩으로 적을 옮겨 한때 250척 거대선단을 이끌었다. 국세청은 권 회장과 그의 회사에 지난 2011년 역외탈세 혐의로 역대 최대 규모인 4100억원 세금을 추징했다. 당국은 그가 한국에서 비밀리에 기업을 경영하면서도 조세피난처 등을 통해 약 1조원의 소득을 탈루했다고 봤다. 권 회장은 국내 김앤장 등 법률사무소 등을 선임해 자신이 비거주자 국내 비납세의무자 였고 한국에 회사를 세워 투자하려던 찰나 과세가 이뤄진 것이라고 주장하며 법정 다툼을 벌이고 있다. 양측의 싸움은 10년째 계속됐고 당국이 권 회장의 출국금지를 요청한 상황이 이어지면서 시도상선 사세는 위축됐다. 권혁 회장은 이번에는 고액·상습 체납자로 증여세 등 22억원을 체납한 사유로 명단이 공개됐다. 국세청과 다투고 있는 소득세 탈루와는 별개 문제다. start block ━ 최순영·조동만·정보근 등 개인 체납자 4633명 ━ end block 개인체납자 가운데 전체 1위는 홍영철 씨 46 로 1632억원의 부가가치세 등을 체납한 사유로 실명이 공개됐다. 2위는 박국태 씨앤에이취케미칼 출자자 50 로 1223억원이었고 3위는 최순영 전 신동아그룹 회장 67 이 종합소득세 등 1073억원을 밀린 상태로 명단에 이름을 올렸다. 이밖에 조동만 전 한솔 부회장 60 은 양도소득세 등 714억원을 정보근 전 한보철강 대표 44 는 증여세 등 644억원을 밀린 상태로 각각 4 5위를 기록했다. 올해 조세포탈범 35인 가운데는 도박사이트 운영자들과 성형외과 유흥업 대부업 건설업 무자료 고비철 판매상 가짜 석유제품 판매업 등이 주류를 이뤘다. 공개대상은 지난해 7월부터 12월 말까지 기간 중 유죄판결이 확정된 자 중 기수시기별로 기준금액 이상인 총 35명으로 지난해에 비해 19명이 줄었다. 대상자 35명 평균 포탈세액은 약 20억원으로 형사재판 결과 1명 벌금형 을 제외한 34명에게 징역형 집행유예 25명 실형 9명 이 선고·확정됐다. 올해 신규 공개 대상자는 개인 4633명 법인 2332개 업체로 총 체납액은 4조8203억원이다. 개인 신규 최고 체납액은 1176억 원 이성록 44세 법인 최고 체납액은 260억 원 하원제약 제조업 이다. 불성실 기부금 수령단체는 올해 거짓 기부금 영수증을 5회 또는 5000만원 이상 발급한 단체 60개 기부금 영수증 발급명세서를 작성․보관하지 않은 단체 4개 상속세 및 증여세법상 의무를 불이행해 1000만원 이상 추징당한 단체 15개 등 총 79개 단체가 공개됐다. 유형별로는 종교단체가 66개 84% 이며 의료법인 8개 교육단체 3개 사회복지단체 1개 학술·장학단체 1개다. 국세청 관계자는 지난해에 비해 공개 인원은 127명이 증가했지만 체납액이 100억원 이상인 체납자의 인원 감소해 공개 체납액은 5870억원 감소했다 며 분납 등으로 체납된 국세가 2억원 미만이 되거나 불복청구 중인 경우 등 659명 개인 426명 법인 233개업체 은 공개 제외했다 고 밝혔다.,https://sports.news.naver.com/news.nhn?oid=008&aid=0004510175
日언론이 추억한 선동열 한국야구 보물 일본서도 엄청난 열정,한국야구 활약상부터 주니치 경력 등 집중 조명 선동열 전 감독. 뉴스1 © News1 황희규 기자 서울 뉴스1 황석조 기자 일본의 한 주간지가 한일 프로야구에서 모두 활약한 선동열 57 전 감독을 집중 조명했다. 일본 야구주간지 주간 베이스볼은 6일 한국야구계의 보물이라 불린 선동열 이라는 제목의 칼럼을 게재했다. 이 매체는 선동열은 한국 프로야구에서 146승40패 132세이브를 거뒀다. 그는 한국야구 최고의 선수였으며 일본 프로야구에서도 주니치 드래건스 수호신으로 활약했다 고 소개했다. 선 전 감독은 1985년부터 1995년까지 해태 타이거즈 소속으로 367경기에 나서 146승40패 132세이브 평균자책점 1.20을 기록했다. 한국야구 최고의 투수 중 한 명이었으며 이후 일본 주니치 소속으로 4년을 보낸 뒤 은퇴했다. 그리고 지도자로 변신 2005년부터 2010년까지 삼성 라이온즈 감독을 지냈고 2012년부터 2014년까지 KIA 타이거즈 감독을 맡았다. 2017년부터 2년간 한국 야구 국가대표팀 감독을 수행하다 중도 사퇴했다. 이 매체는 선동열은 아마추어 때부터 특별한 존재였다 며 선 전 감독의 광주일고 시절 고려대 시절 경력까지 소개했다. 그러면서 일본과의 인연을 특별하게 다뤘다. 우선 선 전 감독의 1991년 한일슈퍼게임 당시 임팩트를 떠올렸다. 당시 선 전 감독은 일본 대표선수들을 상대로 5연속 삼진을 잡는 등 강한 존재감을 과시했다. 이 매체는 충격적인 투구내용 이었다고까지 떠올렸다. 이어 선 전 감독의 주니치 입성 당시 분위기도 전했다. 요미우리 자이언츠 등 최고의 명문팀까지 영입에 나섰으나 호시노 센이치 감독이 지휘하던 주니치가 경쟁에서 승리했으며 수많은 한국 미디어들이 선 전 감독의 일거수 일투족에 관심을 가졌다고 추억했다. 선 전 감독은 주니치 첫해 5승1패 3세이브 평균자책점 5.50의 부진에 시달렸다. 한국최고의 투수로서 자존심이 상한 그는 이듬해 절치부심해 38세이브로 센트럴리그 세이브왕에 오르는 반전에 성공했다. 이 매체는 선동열은 첫해 부진 이후 일본인들과 커뮤니케이션을 강화하는 등 자존심을 벗어던졌다. 길거리에서 모르는 일본어 글자를 보면 메모한 뒤 집에서 공부하는 열정을 보였다. 이듬해에는 일상적인 일본어 회화가 가능할 정도로 능숙해졌다 고 떠올렸다. 마지막으로 선 전 감독이 일본야구에 대한 애착과 존중심을 갖고 있으며 일본에서도 존경받고 있다 고 소개했다.,https://sports.news.naver.com/news.nhn?oid=421&aid=0005033678
‘선박왕’ 권혁 야구선수 임창용도 세금체납자,국세청 고액 체납자 6965명 공개 국세청은 6일 고액·상습 세금 체납자 6965명의 인적사항을 국세청 웹사이트 www.nts.go.kr 에 공개했다. 이들이 내지 않은 세금은 4조8203억원이나 됐다. 삼성라이온즈에서 활약한 프로야구선수 임창용 44 씨는 종합소득세 3억원을 체납했다. ‘선박왕’으로 불리는 시도상선 권혁 70 회장은 증여세 등 22억원을 체납해 명단에 올랐다. 개인 최고 체납자는 도박업자 이성록 44·레옹 씨였다. 그는 부가가치세 등 1176억원을 내지 않고 있다. 이씨를 포함해 도박업자 4명이 수백억원씩 체납해 10위권에 포함됐다. 고액·상습 체납자 공개 대상은 체납 발생일로부터 1년이 지난 국세가 2억원 이상인 자다. 국세청은 이와 함께 유죄 판결이 확정된 조세포탈범 35명의 인적사항을 공개했다. 중국인 의료관광객이 많이 찾는 쥬얼리성형외과 신용원 원장은 법원에서 조세포탈 혐의로 징역 1년6개월형에 집행유예 3년 벌금 12억원을 선고받았다. 신 원장은 중국 브로커를 통해 중국인 환자를 모집하고 성형수술 대금은 중국 현지에서 신용카드 등으로 결제하게 한 뒤 국내 환치기 업자로부터 받았다. 또 수술 내역을 숨기려고 전산 차트를 조작하고 대금 수령을 정산한 장부를 파기하는 수법으로 매출을 숨겨 소득세 등을 포탈했다.,https://sports.news.naver.com/news.nhn?oid=005&aid=0001388124
경일대 야구부 대구지역 청소년 대상 일일 야구지도,사진 경일대학교 제공 OSEN 손찬익 기자 경일대학교 총장 정현태 야구부 학생들이 태전지역아동센터와 중앙중학교 학생들을 대상으로 일일 야구지도에 나섰다. 지난달부터 3회 동안 경일대 대운동장과 희성전자 야구장 중앙중학교 운동장 등에서 경일대 야구부 20여명과 태전지역아동센터 야구클럽 소속 20명 중앙중학교 스포츠클럽 소속 30명이 처음 만나 야구에 대한 전문 지식과 기술을 전수해주는 소중한 시간을 가졌다. 경일대 서비스러닝 프로그램의 지원으로 진행 된 이 행사를 주관한 김상범 교수 야구부장 는 이번 기회를 통해 야구부 학생들은 사회공동체 의식을 함양하는 좋은 계기가 됐으며 태전지역아동센터와 중앙중학교 학생들은 야구에 대한 최신 훈련기법과 전문 지식을 전수받을 수 있는 좋은 기회였다 고 평가했다. 한편 2020년 공부하는 학생선수 를 기치로 창단한 경일대 야구부는 창단 첫 해 대학야구 U리그 왕중왕전에 진출하는 성과도 올리고 성실히 학업에 참여하는 것뿐만 아니라 사회봉사 활동에도 적극적으로 참여함으로써 대학스포츠의 좋은 모델이 되기 위해 노력하고 있다.,https://sports.news.naver.com/news.nhn?oid=109&aid=0004322452
프로야구 삼성 연고지·팀원 비하 신동수 징계위원회 개최,프로야구 삼성 라이온즈가 SNS에 야구 관계자는 물론 지역과 장애인 미성년자를 비하하는 글을 올린 2020년 신인 내야수 신동수의 징계 수위를 논의합니다. 삼성은 신동수의 징계위원회를 모레 7일 에 열기로 했다 고 밝혔습니다. 신동수는 SNS에서 삼성 구단 코치와 선배는 물론이고 타 구단 선배 경기 감독관 심판 등을 모욕했습니다. 또 SNS KBO가 보낸 자가 점검 요청 문자 메시지를 올리며 욕설했습니다. 코로나19 방역에 힘쓰고 리그를 진행하던 7월에는 오전 4시에 술집을 찾은 사진도 올렸습니다.,https://sports.news.naver.com/news.nhn?oid=055&aid=0000859275
일본프로야구 교타자 아오키 38세에도 3년 104억원 계약,일본프로야구를 대표하는 교타자 아오키 교도 연합뉴스 자료사진 서울 연합뉴스 하남직 기자 일본야구를 대표하는 교타자 아오키 노리치카 38 가 야쿠르트 스왈로스와 3년 10억엔 약 104억4천만원 의 초대형 계약을 했다. 스포츠호치 등 일본 언론은 5일 아오키가 4일 구단 관계자와 만나 계약을 마쳤다. 미국에서 복귀한 2018년 3년 10억엔에 계약한 아오키는 이번에도 같은 조건으로 계약했다 고 전했다. 2018년보다 2020년 계약이 더 놀랍다. 야쿠르트는 불혹을 앞둔 선수에게 3년을 보장하고 총 10억엔의 조건을 제시했다. 아오키도 많은 나이에 3년을 보장받았다. 놀랍고 감사하다 고 말했다. 아오키는 올 시즌 107경기에 출전해 타율 0.317 출루율 0.424 장타율 0.557로 활약했다. 센트럴리그 출루율 2위 타율 3위에 올랐다. 아오키는 야쿠르트로 복귀한 뒤 3년 내내 OPS 출루율 장타율 0.800 이상을 찍었다. 베테랑의 꾸준한 활약에 야쿠르트는 다년 계약으로 예우했다. 일본프로야구를 대표하는 교타자 아오키 교도 연합뉴스 자료사진 우투좌타 외야수인 아오키는 일본 야구 아이콘 스즈키 이치로의 후계자로 꼽힌다. 2004년 야쿠르트에 입단한 아오키는 2005년 202안타를 치며 일본프로야구 센트럴리그 신인왕에 올랐다. 3차례 타율 1위를 차지하며 정교함을 뽐낸 아오키는 2012년 미국 메이저리그에 진출했다. 하지만 미국에서는 이치로만큼 활약하지 못했다. 아오키는 밀워키 브루어스 캔자스시티 로열스 샌프란시스코 자이언츠 시애틀 매리너스 뉴욕 메츠 휴스턴 애스트로스 토론토 블루제이스를 떠돌며 메이저리그 통산 759경기 타율 0.285 33홈런 219타점을 올렸다. 미국 생활을 정리하고 2018년 야쿠르트로 돌아온 아오키는 일본프로야구에서는 최정상급 타자 자리를 지켰다. 아오키는 일본프로야구에서 개인 통산 타율 0.325 128홈런 561타점을 기록 중이다. 미·일 통산 2천478안타 미국 774개·일본 1천704개 를 친 아오키는 3천 안타를 채우고 싶다. 시간이 더 필요하지만 그 정도 활약은 하고 싶다 고 말했다.,https://sports.news.naver.com/news.nhn?oid=001&aid=0012061326
SK 로맥 캐나다 야구 올해의 선수상 팁 오닐 상 수상,SK 로맥 캐나다 야구 올해의 선수상 팁 오닐 상 수상 캐나다 야구 명예의 전당 트위터 캡처. 재배포 및 DB 금지 서울 연합뉴스 신창용 기자 프로야구 SK 와이번스의 제이미 로맥 35 이 캐나다 야구 명예의 전당이 수여하는 2020년 팁 오닐 상 수상자로 뽑혔다. 캐나다 언론 스포츠넷 캐나다 는 4일 한국시간 캐나다 야구 명예의 전당 발표를 인용해 이같이 보도했다. 팁 오닐 상 은 매년 캐나다 출신 야구 선수 중 최고의 활약을 펼친 선수에게 주는 상이다. 메이저리그에서 활약했던 제임스 오닐의 이름을 따왔고 1984년에 만들어졌다. 지난해에는 애틀랜타 브레이브스의 투수 마이크 소로카가 수상했다. 올해에는 캐나다 온타리오주 런던 출신의 로맥이 상을 받는다. 2017년부터 SK에서 뛴 로맥은 올 시즌 139경기에 나와 타율 0.282 485타수 137안타 32홈런 91타점의 성적을 냈다. 스포츠넷 캐나다 는 로맥은 35세에도 85득점과 32개의 2루타 91개의 볼넷 장타율 0.546 OPS 장타율 출루율 0.945를 기록했다 며 올해 캐나다 출신 야구 선수 중 최고였다 고 설명했다. 스콧 크로퍼드 캐나다 야구 명예의 전당 운영국장은 로맥은 KBO리그에서 가장 두려워할 만한 파워 히터로 진화했다 라며 가장 중요한 건 로맥이 팀 동료들에게 존경받고 있고 캐나다 야구를 알리는 홍보대사로 활약했다는 점이다. 이 상으로 그의 활약을 인정하게 돼 자랑스럽다 고 말했다. 로맥은 KBO리그에서 활약하기 전에는 메이저리그 로스앤젤레스 다저스 애리조나 다이아몬드백스에서 뛰었다.,https://sports.news.naver.com/news.nhn?oid=001&aid=0012059337
신동수로 반복되는 SNS 야구계 막말…“갓 성인된 선수들만의 문제 아냐”,삼성 라이온즈 7일 징계위 열고 방출까지 포함한 강한 처벌 전망 SNS 막말로 논란이 된 삼성 라이온즈 신인 내야수 신동수. 삼성 라이온즈 홈페이지. 프로야구 삼성 라이온즈의 2020년 신인 내야수 신동수 19 가 자신의 사회관계망서비스 SNS 에 올린 야구계 뿐만 아니라 여성·장애인까지 비하하는 부적절한 언행에 방출 위기에 놓였다. 삼성은 7일 징계위원회를 열고 방출까지 포함한 강한 처벌을 할 예정이다. 신동수가 비공개 SNS 계정에 야구계뿐만 아니라 고3 여학생과 장애인에게도 무분별한 욕설과 비하 발언을 남긴 것이 지난 4일 야구 커뮤니티에 폭로돼 팬들의 공분을 샀다. 신동수는 “X 됐다. 내 앞에 장애인 탔다”라고 장애인을 모욕하고 여고생 사진을 올려 “산삼보다 몸에 좋은 고삼”이라는 표현을 쓰면서 성 비하 발언을 하기도 했다. 팬들은 이에 “저런 행동을 하는데 잘할 리가 없다. 방출하라”며 분노했다. 신동수의 SNS 활동 폭로는 해당 게시물에 댓글을 남긴 다른 선수들의 징계로도 이어졌다. 한화 이글스는 6일 신동수와의 친분으로 게시글에 댓글을 달아온 신인 투수 남지민에게 언택트 징계위원회를 열고 제재금 500만원을 부과하기로 했다. 신인 선수들의 연봉이 3000만원 수준임을 고려할 때 중징계를 내린 셈이다. 프로야구 삼성 라이온즈의 2020년 신인 내야수 신동수가 지난 9월 20일 자신의 비공개 사회관계망서비스 SNS 에 장애인 비하 글을 사진과 함께 올렸다. 신동수가 평소 SNS에 야구계 뿐만 아니라 여성과 장애인을 비하하는 글까지 올린 것이 지난 4일 야구 커뮤니티를 통해 폭로됐다. 야구커뮤니티 에펨코리아 게시글 캡처. 프로야구 선수들의 SNS를 통한 부적절한 발언은 그동안 여러 차례 논란이 돼왔다. 지난 2017년 한화 김원석이 팬 외모부터 시작해 구단 지역 대통령 비하까지 온갖 막말을 일삼다가 프로 선수 생활을 끝낸 바 있다. 당시 김원석의 막말은 비공개 SNS 대화였지만 야구 커뮤니티를 통해 캡처본이 퍼졌다. 해외에서 마무리캠프를 치르고 있던 김원석은 귀국 조치를 받았고 바로 방출됐다. 또 KIA 타이거즈 이진영은 지난 2017년 9월 “응 야구 안 해”라는 SNS에 올려 논란에 휩싸이면서 1군 엔트리에서 제외됐다. 이진영은 “제가 쓴 것이 아니라 친한 지인이 썼다”고 해명했지만 팬들은 ‘무슨 지인 핑계냐’며 그의 해명을 믿지 않는 분위기였다. 이외에도 KT 위즈 포수 장성우 한화 투수 장시환 등도 SNS 발언 논란으로 징계를 받은 적이 있다. 선수들의 SNS상에서 부적절한 발언에 한국야구위원회 KBO 와 각 구단 차원에서 ‘스포츠 윤리 교육’ 등 대책을 마련했다. 하지만 신동수는 “교육 XX 귀찮네 그냥 컴퓨터로 켜놓고 안보는 중”이라는 글을 SNS에 버젓이 올리기도 했다. 한화도 앞선 논란 이후 1년에 2차례씩 선수단 전체에게 인성 및 SNS 활용 교육을 하고 있지만 이번 사태로 재점검이 필요해 보인다. 전문가들은 선수들의 SNS 논란이 징계로만 끝나서는 안 된다고 제언했다. 허정훈 체육시민연대 공동대표는 6일 국민일보와의 통화에서 “이번 논란은 이제 갓 성인이 된 신동수 선수 개인의 잘못이라고 보기에는 어른들의 책임도 무시할 수 없다”면서 “성적만을 보고 달려온 선수들의 인성이 비뚤어지지 않게 스포츠계 전반의 반성과 제대로 된 교육이 필요하다”고 말했다. 김병준 인하대 스포츠심리학 교수는 “SNS는 팬들과 소통하는 등 긍정적인 역할도 많다. 하지만 공인인 선수들의 개인 SNS는 공적인 공간이라는 것을 선수들이 인지해야 한다”며 “시사에 관한 주장은 배제하고 현장에서 뛰는 전문가로서 정보를 주는 역할을 할 수 있도록 구단에서 교육이 필요하다”고 강조했다.,https://sports.news.naver.com/news.nhn?oid=005&aid=0001388001
프로야구 한화 케네디 수석코치에 로사도 투수코치 영입,카를로스 수베로 한화 이글스 신임 감독 프로야구 한화가 베네수엘라 출신의 카를로스 수베로 감독을 보좌할 코치진을 선임했습니다. 한화 구단은 지난 1998년부터 21시즌 동안 텍사스와 캔자스시티 산하 마이너리그 감독을 지낸 대럴 케네디를 수석 코치로 영입하면서 선진화된 코칭시스템 정립을 위한 시도라고 설명했습니다. 또 투수 코치에는 지난 96년 캔자스시티에서 데뷔해 두 차례 메이저리그 올스타에 선정된 호세 로사도를 선임했습니다. 로사도는 2001년 부상으로 현역에서 은퇴한 뒤 2011년 부터 뉴욕 양키스 산하 마이너리그 투수 코치를 맡았고 2013년과 2017년 WBC에서는 푸에르토리코 투수 코치도 지낸 바 있습니다. 전훈칠 기자 thateye7 mbc.co.kr 저작권자 c MBC hps imnews.imbc.com 무단복제 재배포 금지 네이버 홈에서 MBC뉴스 채널 구독하기 새로움을 탐험하다.,https://sports.news.naver.com/news.nhn?oid=214&aid=0001084054
프로야구 ‘단장의 시간’… 뜨거워지는 ‘스토브리그’,SK·한화·롯데 팀 개편 발빠른 행보 SK 류선규 단장 체제 전열 정비 외부 FA 적극 영입에 나설 방침 한화 정민철 단장 팀 리빌딩 중점 미국으로 날아가 수베로 감독 영입 롯데 성민규 단장 특유의 추진력 스트레일리·마차도 붙잡기 성공 류선규 SK 단장 왼쪽부터 정민철 한화 단장 성민규 롯데 단장 프로야구 시즌이 한창 진행될 때를 ‘감독의 시간’이라고 한다. 10개 구단 감독들의 용병술이 판도를 좌우하기 때문이다. 하지만 시즌이 끝나고 찬바람이 불어오는 스토브리그는 ‘단장의 시간’이다. 다음 시즌 팀의 목표와 전략에 부응하는 최적의 전력을 구축해야 하는 것이 단장의 역할이기 때문이다. 특히 2020시즌 꼴찌 경쟁을 벌였던 SK와 한화 그리고 지난해보다는 나아졌지만 여전히 목이 마른 롯데 등 3개 구단이 다른 팀들보다 훨씬 빠른 행보로 내년에 대한 의욕을 드러내고 있다. 지난해 우승을 다투다 올해 9위까지 떨어진 SK는 시즌이 끝나기 무섭게 민경삼 사장과 류선규 단장 체제로 전열을 정비하며 팀 개편에 나섰다. 김원형 감독을 선임한 것을 시작으로 지난 10월31일 투수 윌머 폰트 아티 르위키를 새로 영입하고 타자 제이미 로맥과는 재계약하는 등 일찌감치 외인 구성까지 마쳤다. 여기에 그치지 않고 FA 자유계약선수 시장이 열리자마자 ‘집토끼’인 김성현을 2 1년 총액 11억원에 1호 FA 계약을 맺고 곧바로 외부 FA로 시선을 돌려 최주환 등의 영입에 나서겠다고 공언하는 등 공격적인 모습이다. 한화의 추진력도 만만치 않다. 11월 초 박찬혁 대표이사 선임 전까지 한동안 정중동 하던 한화는 박 대표 선임 직후 정민철 단장이 미국으로 날아가 베네수엘라 출신의 카를로스 수베로 감독을 영입했다. 수베로 감독은 “젊고 역동적인 팀을 만들겠다”고 청사진을 밝혀 베테랑들의 대규모 방출하며 리빌딩에 중점을 둔 한화의 방향성과 궤를 같이했다. 여기에 외인도 투수 닉 킹엄과 라이언 카펜터를 낙점한 데 이어 6일에는 1루와 3루수가 가능한 라이온 힐리와 100만달러에 계약을 발표하며 구성 완료를 알렸다. 힐리를 통해 공수에서 베테랑 공백을 지우겠다는 복안이다. 그래도 외인 3명에 총액 290만달러를 쓴 SK에 비하면 한화는 총액 205만달러밖에 쓰지 않았다. 그래서 한화가 남은 자금으로 FA 시장에 참전할 것인가에 관심이 쏠린다. 다만 리빌딩을 우선시하는 한화가 FA 영입에 나설지는 여전히 미지수다. 지난해 성민규 단장의 취임과 함께 스토브리그에서 가장 많은 주목을 받았던 롯데는 올해 탈꼴찌에는 성공했어도 기대만큼의 성적까지 올린 것은 아니다. 그래도 신인드래프트에서 미국 진출을 선언했던 고졸 최대어 내야수 나승엽을 과감하게 지명한 뒤 그를 붙잡는 데 성공하면서 김진욱 손성빈 등 1차지명급 선수만 3명을 뽑는 성과로 내년에 대한 기대감을 높이기 시작했다. 그리고 성 단장은 본격적인 스토브리그가 열리자 특유의 추진력을 보여주고 있다. 당면과제였던 에이스 댄 스트레일리와 내야 수비의 핵 딕슨 마차도를 붙잡아 전력 유지에도 성공했다. 여기에 새 외인투수로 앤더슨 프랑코를 영입해 외인 진용도 완성했다. 성 단장은 여기에 그치지 않고 내야수 신본기와 투수 박시영을 KT로 보내고 투수 최건과 신인 2차 3라운드 지명권을 받는 트레이드를 했다.이를 통해 기대받는 신인들이 뛸 자리를 마련하며 리빌딩과 성적 모두를 고려하고 있음을 보여줬다. 롯데는 이제 이대호와의 협상 등 FA 전략 수립에 한창이다.,https://sports.news.naver.com/news.nhn?oid=022&aid=0003530290
마니아노트되돌아 본 2020 프로야구⑦올해는 내가 히트 상품이야,NC 강진성 흔히 두산 야구를 화수분 야구라고 한다. 2015년부터 6년 연속으로 한국시리즈에 진출할 정도로 두산에서 좋은 선수들이 끊임없이 배출된 덕분으로 붙여진 별명이다. 이러한 두산의 화수분 야구에 견줄 정도는 아니더라도 올시즌 프로야구에서도 당초 기대치 이상 활약으로 주목을 받은 선수들도 여럿 있었다. 소위 히트상품이라는 이름으로 불려진 선수들이다. 이들은 그동안 백업으로 간간히 모습을 비추다가 올해들어 게임에 나설 기회를 잡으면서 한꺼번에 무명의 설움을 털어내고 단숨에 주전으로 발돋움했다. 대표적으로 강진성 NC 홍창기 LG . 배정대 KT 최원준 두산 등이 꼽힌다. NC의 창단멤버인 강진성은 9년 동안을 무명이나 다름없었다. 팀에서 알아주는 연습벌레였지만 성적은 따라오지 않았다. 함께 한 나성범 김민우 등이 빛을 보면서 전국적인 스타로 빛을 보는 동안에도 강진성은 언젠가 빛을 볼 날이 오겠지… 라며 힘든 시간을 견뎌왔다. 데뷔 후 한 시즌에 100타수 이상을 소화한 해가 없었던 강진성은 이제 마지막이라는 심정으로 올시즌을 맞았다. 5월 8일 창원 LG전 2번 이명기 대타로 나서 좌중월 2점 홈런 그리고 10일에는 8번 이원재의 대타로 나서 연타석홈런이자 2게임 연속홈런을 날리면서 그에게 서광이 비치기 시작했다. 여기에 주전 1루수 모창민이 부상으로 나오지 못하면서 주전에 포함된 뒤 5월 한달동안 57타수 27안타 타율 0.474 5홈런 19타점을 올리며 순식간에 깜짝 스타 로 떠올랐다. 이후 강진성은 시즌 초반 폭주에 폭주를 거듭했다. 한때 타격 1위 출루율 1위 OPS 1위까지 오르면서 1일1깡 이라는 별명까지 얻었다. 리그 후반들어 다소 주춤하기는 했지만 두산과의 한국시리즈에서도 중심타선의 한축을 맡아 27타수 7안타 타율 0.304 3타점으로 통합우승에 한몫을 했다. LG 홍창기 홍창기도 비슷하다. 2016년에 LG 유니폼을 입은 홍창기는 줄곧 백업요원이었다. 지난해까지 3시즌 동안 38게임 56타석에 나서 9안타를 날린 것이 그의 1군 성적의 전부였다. 올해도 외관상으로는 달라진 것이 없었다. 그런 그에게 기회가 온 것은 채은성 이천웅 등 주전 외야수들의 잇단 부상과 부진으로 공백이 생기면서 부터 였다. 캡틴 김현수가 지명타자로 나서면 좌익수로 나서기도 하고 채은성이 부상으로 나서지 못하면 우익수로도 나서면서 무엇보다 좋은 선구안으로 상대 투수들을 괴롭혔다. 초반에 대타로 주로 나서고도 100안타 114안타 를 넘었고 출루율은 0.411로 리그 전체 6위 팀 내 1위에 올랐다. 프로 4년차이면서도 신인에 해당됐던 홍창기는 올시즌 신인왕 투표에서 소형준 KT 에 이어 2위에 오를 정도로 인정을 받았다. KT 배정대 막내구단 KT의 상승세를 이끌었다는 평가를 받고 있는 배정대는 2015년 1군 무대에 데뷔해 이해 66게임에 68타석 2016년 65게임에 55타석 2018년 14게임 5타석 2019년 66게임 84타석으로 말 그대로 수비전문이었을뿐 타격을 제대로 할 기회조차 갖지 못했다. 시즌 초반 이강철 감독이 중견수 수비전문요원으로 낙점한 것도 결코 무리는 아니었다. 하지만 배정대는 시즌 시작하면서 자신의 자리를 놓치지 않았다. 수비전문요원으로 낙점할 정도로 수비능력은 이미 정평이 나있었는데다 타격에서도 훨훨 날기 시작했던 것. 시즌 시작과 함께 안정적인 3할대 타율을 유지한 배정대는 올시즌 전 게임인 144게임에 나서 154안타 타율 0.289 에 65타점 13홈런을 기록하며 KT의 복덩이 로 탈바꿈했다. 무엇보다 배정대는 9월 4일 SK전 9회말 5 5에서 SK 서진용에게 2점홈런으로 첫 끝내기 홈런을 날린 이후 9월 18일 두산전에서 박치국을 상대로 끝내기 홈런 9월 27일 LG전에서 끝내기 안타를 날리며 한달에 끝내기 3번이라는 엄청난 신기록을 세웠다. 이어 10월 11일 두산전 연장 10회말 2사 만루에서 우중간 안타로 4 4의 균형을 깨고 끝내기 안타를 날리는 등 끝내기의 사나이 로 명성을 떨치며 단숨에 무명에서 스타덤에 올라섰다. 두산 최원준 동국대학교를 졸업하고 프로에 입단해 올시즌이 3년째를 맞은 두산의 최원준도 이용찬의 부상 공백이 토종 에이스로 떠오르게 한 원인이 됐다. 2017년 1차로 입단해 이미 가능성을 인정받았지만 2018년 6게임에서 무승 2019년 주로 불펜으로 34게임에 나서 1승2패1세이브 4홀드였던 최원준은 올해 두산의 5선발인 이용찬이 부상으로 시즌 아웃되면서 7월 28일이 되어서야 완전한 선발로 전환했다. 이후 최원준의 피칭은 눈부셨다. 6월 12일 한화전 선발승을 포함해 선발로만 9승2패를 하는 등 시즌 10승2패로 팀 대선배인 유희관과 어깨를 나란히 했다. 전해까지 팀 에이스였던 이영하가 불펜으로 돌아선 자리를 한순간에 차지해 버린 것이다. 사실 이들이 단숨에 전국적인 스타덤에 오른데는 포스트시즌에 진출한 올시즌 팀 성적이 한몫 했음을 부인하기 어렵다. 롯데 한동희 비록 팀 성적은 좋지 않았지만 올시즌 11승을 올린 삼성의 최채흥을 비롯해 한동희 롯데 와 노시환 한화 도 장타력을 겸비한 대형타자로 성장 가능성을 보여주었다. 이와 함께 불펜에서 제몫을 해준 박치국 이승진 이상 두산 양현 키움 등도 앞으로 눈여겨 볼만한 재목감으로 손꼽혔다.,https://sports.news.naver.com/news.nhn?oid=425&aid=0000113326
각종 논란에도 선수협 사무총장 ‘22일까지 출근’…야구계 “즉각 해임해 증거 인멸 막아야” 엠스플 이슈,‘ 판공비 의혹 중심’ 김태현 선수협 사무총장 사퇴 의사 밝혀놓고 출근 중 22일까지 출근 예정…“1년 채워 퇴직금 챙기려는 것 아니냐” 의혹 제기 7일 열리는 선수협 이사회 사무총장 해임 가능할까 야구계 “해임 이뤄질 경우 즉시 직무 정지 처분으로 이어져야” 각종 논란의 핵심 김태현 사무총장 사진 엠스플뉴스 엠스플뉴스 한국프로야구선수협회 선수협 김태현 사무총장은 12월 1일 사퇴 의사를 밝혔다. 김 총장의 판공비 현금 지급 및 법인 카드 개인 사용 의혹이 언론을 통해 보도된 뒤다. 곧이어 선수협 이대호 회장의 고액 판공비 논란과 협회 내 갑질 의혹이 터지며 선수협은 사면초가에 몰렸다. 사태 며칠 뒤인 4일 오후 선수협에 연락을 취했다. 김 총장은 이날 사무실에 나오지 않은 것으로 확인됐다. 선수협 관계자는 “총장님은 어제까지 출근했고 금요일인 오늘 하루 휴가를 냈다. 주말 지나 7일 월요일 부터 다시 출근할 예정” 이라고 했다. 김 총장은 직원들에게 ‘22일까지 출근하겠다’고 한 것으로 알려졌다. 이를 두고 선수협 안팎에선 “업무 인수인계는 핑계고 실제론 퇴직금 수령이 목적”이란 의혹이 제기됐다. 엠스플뉴스가 선수협 등기부 등본을 확인한 결과 김 총장의 등기일은 2019년 12월 23일이었다. 22일까지 출근하면 정확히 1년을 채워 퇴직금을 받는 덴 문제가 없게 된다. 선수협 정관상 사무총장 퇴직금은 ‘퇴직 직전 1년간 총 급여액 1 12 총 근속연수 1.5’만큼 받아가게 돼 있다. 김태현 사무총장 “판공비 현금 사용 내 무지” 주장. 선수협 관계자 “ 사회 초년생도 아는 상식을 업계 16년 경력자가 몰랐다니 말이 되나 ” 반박 이대호 선수협 회장은 2일 기자회견에서 대부분의 시간을 자신의 판공비 셀프 인상 의혹 해소에 할애했다. 사무총장에 대해선 제대로 된 해명이 이뤄지지 않았다 사진 엠스플뉴스 강명호 기자 7일 오전 선수협 이사회가 열릴 예정으로 알려졌다. 선수협 내부사정을 잘 아는 야구 관계자는 “ 선수협 정관상 임원이 ‘직무상의 심각한 의무 위반 기타 임원으로서 민·형사상 불법 행위가 있다고 인정되는 때’엔 해임이 가능하다 ” 고 알렸다. 엠스플뉴스가 입수한 선수협 정관에 따르면 “임원의 보수는 무보수를 원칙으로 하되 이사회가 정한 규정에 따라 임원이 본회와 관련된 업무를 위해 사용한 비용에 대해서 실비보상을 할 수 있다” 고 돼 있다. 김 총장은 이 판공비를 올해 4월부터 현금으로 달라고 요구했다. 용처를 알 수 없는 판공비가 매달 250만 원씩 사무총장 자택 인근 식당과 편의점에서 쓰였다. 250만 원은 최저연봉 선수의 한 달 봉급보다 큰 액수다. 일 년 단위로는 3 000만 원에 해당하는 거액이다. 김 총장은 1일 발표한 입장문에서 “ ‘ 법인 카드 대신 현금을 사용할 수 있지 않나’라는 단순하게 생각을 하였고 그 자체가 저의 무지함에서 비롯되었음을 말씀드린다”고 해명했다. 이에 대해 한 구단 관계자는 “법인 카드를 현금처럼 쓰면 안 된다는 건 사회생활 초년생도 다 아는 기본 상식”이라고 지적했다. 선수협 관계자는 “김 총장이 자신을 소개하는 문서에 업계 경력이 총 ‘16년’이라고 했다. BR 코리아 LG전자 의료기기 회사 근무 경력은 물론 각종 수상 경험과 국외 출장 경력을 자랑스럽게 소개했다. 그런 분이 ‘무지해서’ 법인 카드를 현금으로 받아 썼다는 걸 누가 믿겠느냐”고 반문했다. 선수협 정관 사진 엠스플뉴스 선수협 전·현직 관계자들은 김 총장이 직원들에게 수시로 모욕적인 언행을 일삼았다고 주장한다. 김 총장에게 인간적 모욕을 받았다고 느낀 한 직원은 1월에 퇴사했다. 김 총장과 마찰을 빚은 다른 직원은 최근 서울지방고용노동청에 진정서를 제출했다. 선수협 정관상 임원 해임은 ‘총회 재적 회원 과반수 출석과 출석회원 3분의 2 이상 찬성’ 으로 이뤄진다. 7일 이사회는 코로나19 사태로 총회 개최가 어려워 대신 열리는 자리다. 정관 제25조 이사회의 의결사항 엔 ‘이사회는 총회에서 위임받은 사항’을 심의·의결할 수 있다’고 돼 있다. 제29조 긴급조치 에도 ‘이사회는 본회의 이익을 보호하기 위해 급박한 조치를 취하여야 할 필요가 있는 경우에 있어서 총회를 소집하여 의결할 만한 시간적 여유가 없는 경우에 한하여 이사회의 의결로서 총회의 의결에 갈음한다는 긴급조치를 취할 수 있다’는 내용이 명시돼 있다. 선수협 안팎에서 ‘ 7일 이사회에서 총장 해임이 이뤄질 것’으로 보는 것도 이 때문이다. “사무총장 해임 즉시 직무 정지 처분 이어져야…판공비 의혹 당사자가 의혹 여부를 조사한다는 건 어불성설” 선수협 정관의 임원 해임 관련 조항 사진 엠스플뉴스 만약 사무총장 해임안이 통과되면 곧바로 직무 정지 처분이 이어져야 한다는 목소리가 나온다. 한 구단 관계자는 “김 총장이 입장문에서 ‘다시 한번 사용한 부분을 살펴본 후 개인적인 용도로 사용된 비용 발견 시 원상복귀를 하도록 하겠다’ ‘철저히 확인 후 발견된 금전적 손실에 대해서는 책임지고 원상 복귀한 후 물러나겠다’고 했는데 도무지 이해가 가지 않는다. 판공비 부정 사용 의혹을 받는 당사자가 부정 사용 여부를 직접 확인한다는 게 말이 되는 얘기냐 ”고 지적했다. 법조인 출신 야구 관계자는 “이번처럼 큰 문제를 일으킨 사무총장이 계속 사무실에 나와 선수협 사무를 보는 건 있어서도 있을 수도 없는 일”이라며 “그간 제기된 각종 의혹의 증거를 인멸할 가능성이 있고 선수협에 추가적인 손해를 끼칠 우려가 있다. 해임과 함께 직무정지 가처분 신청 이 이뤄져야 한다” 고 조언했다. 한편 엠스플뉴스는 김 총장의 입장을 듣기 위해 여러 차례 전화와 문자로 연락을 취했지만 답변을 들을 수 없었다. 선수협 직원은 ‘김 총장이 계속 출근하는 게 퇴직금 때문이라는 의혹이 있다’는 질문에 “그 부분에 대해선 말씀드릴 게 없다”고 답했다. 취재 후 김태현 선수협 사무총장은 7일 오전 “지난주 선수협에 해임안이 제출됐고 오늘 처리될 예정이다. 7일 신임 사무총장이 선출 예정이라 인수인계가 필요할 것 같아 ’21일까지 출근해야 하나’라고 말한 적은 있지만 퇴직금을 챙길 목적으로 계속 출근하겠다고 한 것은 아니다”라고 밝혀왔다.,https://sports.news.naver.com/news.nhn?oid=529&aid=0000050195
롯데 신본기·박시영 KT행… 프로야구 첫 ‘선수지명권’ 교환,롯데→KT 내야수 신본기·투수 박시영 KT→롯데 투수 최건·2022 신인 지명권 롯데 자이언츠 내야수 신본기 왼쪽 와 투수 박시영. 뉴시스 롯데 자이언츠와 KT 위즈가 신인 지명권을 포함한 트레이드를 단행했다. 프로야구 사상 처음으로 선수와 신인 지명권 간 교환이 이뤄졌다. 롯데는 4일 “내야수 신본기 투수 박시영을 KT로 보내고 2022년 신인 2차 드래프트 3라운드 지명권과 투수 최건을 받는 트레이드를 실시했다”고 밝혔다. KT도 같은 내용의 보도자료를 배포해 2022년도 신인 3라운드 지명권 양도 사실을 발표했다. 프로야구에서 선수와 신인 지명권 간 공개적인 교환은 처음 있는 일이다. 한국야구위원회 KBO 이사회는 코로나19 대유행으로 지연된 올 시즌 정규리그 KBO리그 개막을 앞둔 지난 4월 신인 지명권 2장 이내로 양도하는 방식의 트레이드를 허용했다. 롯데와 KT는 이를 활용한 첫 번째 구단이 됐다. 올 시즌 KBO리그를 2위로 완주하고 사상 첫 포스트시즌 진출을 달성한 KT는 당장 다가오는 내년을 7위로 완주해 가을야구로 넘어가지 못한 롯데는 내후년을 바라봤다. 롯데는 지난달 25일 방출한 김동한에 이어 신본기까지 1군 내야 백업 자원 두 자리를 비웠다. 이에 따라 나승엽을 포함한 유망주에게 더 많은 기회를 부여할 것으로 보인다. 롯데는 “추구하는 방향에 따라 미래 자원 확보에 초점을 맞췄다. 두 선수의 공백으로 생기는 당장의 전력 손실보다 미래를 위한 의사 결정”이라며 “이를 통해 어린 선수들에게 많은 기회를 주고자 한다”고 설명했다. 이숭용 KT 단장은 “1군 중간 계투를 보강하고 내야 뎁스를 강화하기 위한 트레이드”라며 “박시영은 1군 즉시 전력감으로 필승조 역할을 신본기는 유틸리티 내야수로 활용폭이 큰 선수”라고 평가했다. 신본기는 2012년 롯데에서 프로로 데뷔해 통산 706경기에서 25홈런 207타점 234득점 타율 0.251을 작성했다. KT는 “멀티 포지션이 가능한 유틸리티 내야수로 안정적인 수비 능력과 팀 배팅 등 작전 수행 능력이 우수하다”고 평가했다. 박시영은 2008년부터 롯데에서 191경기에 등판해 6승 8패 11홀드 평균자책점 6.18을 기록한 중간계투 자원이다. 시속 140㎞ 후반대의 빠른 공과 포크볼을 가지고 있다. 롯데로 건너갈 최건은 신장 183㎝ 체중 92㎏의 건장한 체격을 가진 우완 강속구 투수다. 2019시즌 퓨처스 2군 리그에서 21경기에 등판해 6세이브 2홀드 평균자책점 1.73을 기록했다. 올해 초 군에 입대했다. 롯데는 불펜 자원으로서 최건의 가능성을 봤다.,https://sports.news.naver.com/news.nhn?oid=005&aid=0001387646
