20190601,세계,조선일보,크루즈 사고영상 추가공개…가해 선박 충돌 뒤 후진했다 전진 모습 확인돼,헝가리 유람선 업체들로 구성된 크루즈 동맹이 1일 현지시각 유람선 허블레아니호 추돌 사고와 관련한 추가 영상을 공개했다. 앞서 경찰이 지난달 30일 공개한 영상에서는 바이킹 시긴이 허블레아니를 가리면서 지나가 추돌 사고 상황을 정확히 볼 수 없지만 1일 추가 공개된 영상은 반대로 허블레아니 쪽에서 찍혔다. 두 배의 위치가 화면 오른쪽에서만 잡혀 경찰 영상과 마찬가지로 정확한 사고 원인을 확인하기는 쉽지 않지만 앞서 경찰이 발표한대로 바이킹 시긴이 후진했다가 다시 앞으로 가는 모습을 이 영상에서는 확인할 수 있다. index.hu 캡처 추가 공개된 이 영상에서 바이킹 시긴은 허블레아니를 들이받은 뒤 화면에서 사라졌다가 후진해 사고 지점까지 온 뒤 다시 앞으로 갔다. 영상을 확보한 헝가리 현지 매체 index.hu는 화면을 확대해서 보면 희미하지만 사고 직후 물에 빠진 5∼6명의 움직임을 볼 수 있고 바이킹 시긴 승무원들이 황급히 뛰어다니면서 구명조끼를 던지는 모습도 확인할 수 있다 고 했다.,https://news.naver.com/main/read.nhn?mode=LSD&mid=sec&sid1=104&oid=023&aid=0003450779
20190601,세계,YTN,알바니아에서 규모 5.3 지진...4명 부상,발칸반도의 서부의 알바니아에서 규모 5.3의 지진이 일어나 4명이 다쳤다고 AP통신이 보도했습니다. 현지 시각으로 오늘 오전 6시 26분쯤 알바니아의 수도 티라나에서 남동쪽으로 180㎞ 떨어진 코르차 지역에서 규모 5.3의 지진이 발생했습니다. 지진으로 주택이 무너지면서 4명이 다쳤고 가옥 100여 채가 파손됐다고 AP통신은 전했습니다. 알바니아는 인접한 그리스와 마찬가지로 지진대에 놓여 있어 잦은 지진에 시달리고 있습니다.,https://news.naver.com/main/read.nhn?mode=LSD&mid=sec&sid1=104&oid=052&aid=0001302017
20190601,세계,YTN,美 비건 北 김혁철 처형설에 모른다,스티븐 비건 미국 국무부 대북특별대표는 북미 실무협상 카운터파트였던 김혁철 북한 국무위원회 대미 특별대표의 처형설에 대해 모른다 고 말했다고 CNN방송이 보도했습니다. CNN은 싱가포르를 방문 중인 비건 대표가 김 대표의 처형 보도에 대한 질문에 이같이 말하며 사실 확인 중 이라는 마이크 폼페이오 국무장관의 발언을 상기시켰다고 전했습니다. 앞서 백악관은 같은 질의에 언급하지 않겠다. 상황을 지켜보고 있다 고 답했고 폼페이오 장관은 사실 확인을 위해 최선을 다하고 있다 고 했습니다.,https://news.naver.com/main/read.nhn?mode=LSD&mid=sec&sid1=104&oid=052&aid=0001302016
20190601,세계,YTN,헝가리 유람선 추돌 크루즈 선장 구속...법원 영장발부,헝가리 부다페스트 다뉴브 강에서 유람선 허블레아니와 추돌하는 사고를 낸 크루즈 선박 바이킹 시긴 호의 선장이 구속됐습니다. 헝가리 법원은 현지시각 1일 오후 부주의·태만으로 중대 인명 사고를 낸 혐의로 경찰과 검찰이 청구한 영장을 발부했습니다. 우크라이나 출신으로 알려진 바이킹 시긴 호 선장은 사고 직후 경찰에 구금돼 조사를 받아 왔습니다. 앞서 헝가리 경찰은 부주의·태만에 의한 인명 사고 혐의로 사고 이튿날 영장을 신청했습니다. 그러나 선장의 변호인은 수사 당국이 선장을 구금하자 그가 규정을 위반하지 않았고 범죄가 될 수 있는 행동을 하지 않았다고 반박했습니다. 선장의 구속 기간은 최고 한 달이며 구속을 피하기 위해서는 보석금 1천500만 포린트 약 5천900만 원을 내야 합니다.,https://news.naver.com/main/read.nhn?mode=LSD&mid=sec&sid1=104&oid=052&aid=0001302015
20190601,세계,뉴시스,헝가리 언론 강경화 북미 정상회담 때보다 화난 모습,한국 노후 선박 운용한 헝가리 비난 시신을 매장하는 문화…수색 매우 중요 서울 뉴시스 헝가리 ATV는 31일 현지시간 한국에 거주 중인 기고가 유지니아 S. 리와의 전화 인터뷰를 통해 다뉴브강 유람선 침몰 사건 이후 한국의 상황을 보도했다. 유지니아는 강경화 외무장관은 북미 정상회담이 실패로 돌아갔을 때도 이처럼 화난 모습을 보이지 않았다며 현재 한국의 분위기를 전했다. 사진 ATV 캡처 2019.06.01. 서울 뉴시스 양소리 기자 헝가리 언론사가 한국 사정에 밝은 헝가리 인사를 인용해 다뉴브강 유람선 침몰 사고 이후 한국이 헝가리 정부의 대처에 조바심을 나타내고 있다고 보도했다. 헝가리 ATV는 31일 현지시간 한국에 거주 중인 기고가 유지니아 S. 리와의 전화 인터뷰를 통해 헝가리와 한국은 근본적인 문화적 차이가 있다. 한국인들은 굉장히 빠른 속도로 살아간다 면서 한국은 참사가 발생했을 때 결과를 도출하기 위해 상당한 노력을 들인다 고 보도했다. 유지니아는 또 도널드 트럼프 대통령이 베트남 하노이에서 북한과의 정상회담을 성공적으로 이끌지 못했을 당시에도 강경화 외무장관은 이처럼 화가 난 모습을 보이진 않았다 고 말을 이었다. 그는 한국의 언론사들과 방송들은 아무런 결과를 보여주지 않는 헝가리 당국의 조치에 점점 더 조급함을 나타내는 상황이라고도 전했다. 그는 또 한국이 헝가리가 가난한 동유럽 국가임을 분명히 인지하게 됐다 며 단편적으로 한국 언론은 헝가리가 건조된 지 70년이 넘은 유람선을 운항하도록 방치한 것에 대해 지적하고 있다고 했다. 앞서 우리 언론들은 침몰한 유람선 허블레아니호가 70년 전 건조된 노후 선박이라고 보도한 바 있다. 유지니아는 그러나 한국도 현재 구조작업을 위한 환경이 제대로 마련돼 있지 않다는 것은 인지하고 있다 면서도 부다페스트에 도착한 47명의 신속대응팀의 역할에 큰 기대를 걸고 있다고 전했다. 그는 동아시아 문화권에서는 시신을 매장하는 문화가 있어 희생자들의 시신을 찾는 것은 매우 중요하다 고도 덧붙였다.,https://news.naver.com/main/read.nhn?mode=LSD&mid=sec&sid1=104&oid=003&aid=0009263511
20190601,세계,SBS,헝가리 유람선 침몰 순간 추가 영상 공개…선미 승객들 모습도,헝가리 부다페스트 다뉴브강에서 침몰한 유람선 허블레아니가 추돌 사고를 당할 때 모습이 찍힌 추가 영상이 공개됐습니다. 현지 유람선 업체들로 구성된 크루즈 얼라이언스 는 지난달 29일 밤 사고 발생 당시 머르기트 다리 인근에서 추돌 모습이 찍힌 영상을 공개했습니다. 사고를 당한 허블레아니의 소속 선사 파노라마 데크도 크루즈 얼라이언스 에 속해 있습니다. 앞서 경찰이 지난달 30일 공개했던 영상은 추돌 사고를 낸 크루즈 선박 바이킹 시긴이 허블레아니를 지나가면서 가리고 있지만 1일 공개된 영상은 반대로 허블레아니 쪽에서 찍혔습니다. 추가 공개된 영상에서 바이킹 시긴은 허블레아니를 들이받은 뒤 처음보다 느린 속도로 화면에서 사라졌다가 잠시 후 후진해 사고 지점으로 왔습니다. 사고 지점에서 잠시 멈춰 있는 듯했던 바이킹 시긴은 다시 앞으로 갔습니다. 경찰 영상과 마찬가지로 정확히 사고 원인을 파악하기는 쉽지 않지만 바이킹 시긴이 후진했다가 다시 앞으로 가는 모습이 공개된 것은 처음입니다. 그동안 바이킹 시진이 추돌 직후 그대로 직진한 것으로 알려졌으나 크루즈 선장과 승무원들이 사고를 인지했을 가능성이 높았던 것으로 보입니다. 추돌 당시 허블레아니 선미에서는 갑판 위에 있는 일부 승객들의 모습을 확인할 수 있습니다. 사고 순간 바이킹 시긴의 갑판 위 앞부분에도 승객들이 있는 모습이 포착됐습니다. 헝가리 현지 매체 index.hu는 화면 확대 분석 결과 희미하지만 사고 직후 물에 빠진 5∼6명의 움직임을 볼 수 있으며 바이킹 시긴 승무원들이 황급하게 뛰어다니면서 두 개의 구명조끼를 던지는 모습도 볼 수 있다고 전했습니다.,https://news.naver.com/main/read.nhn?mode=LSD&mid=sec&sid1=104&oid=055&aid=0000735663
20190601,세계,뉴시스,침몰 유람선 음파사진 추가 공개…하룻새 더 기울어,체코 구조팀 1일 오후 소나 장비로 수중촬영 전날 헝가리가 공공한 사진보다 더 기울어져 부다페스트 뉴시스 1일 현지시간 우리 정부 합동신속대응팀이 헝가리 부다페스트 다뉴브강에 가라앉은 수중 허블레아니호의 사진을 공개했다. 허블레아니호는 사진 속 수직선이 있는 위치에 보이는 흰색 물체다. 검정색 배 모양의 형체는 허블레아니호의 그림자다. 이 사진은 이날 오후 12시10분께 체코 측 구조팀이 소나 sonar·수중음향표정장치 를 통해 촬영했다. 2019.06.01 제공 정부합동신속대응팀 부다페스트 뉴시스 조인우 기자 헝가리 부다페스트 다뉴브강에 침몰한 허블레아니호의 물 속 모습이 공개됐다. 체코 측 구조팀이 촬영한 사진이다. 1일 이하 현지시간 우리 정부 합동신속대응팀이 제공한 사진에 따르면 허블레아니호는 좌현 쪽으로 살짝 기울어져 강 바닥에 가라앉아 있다. 선수는 강 상류를 향해 있다. 허블레아니호는 사진 속 수직선이 있는 위치에 보이는 흰색 물체다. 검정색 배 모양의 형체는 허블레아니호의 그림자라고 외교부 관계자는 설명했다. 이 사진은 이날 오후 12시10분께 소나 sonar·수중음향표정장치 를 통해 수중 촬영됐다. 부다페스트 AP 뉴시스 헝가리 해상구조대는 5월31일 현지시간 다뉴브강 바닥에 옆으로 누워 있는 침몰 유람선 영상을 공개했다. 사진을 오른쪽으로 돌려세우면 누워 있는 유람선의 모습이 쉽게 판별된다. 2019.06.01. 한국 측 현장지휘관으로 작전을 총괄하는 송순근 육군대령은 전날 헝가리 해상구조대가 찍어 공개한 수중 허블레아니호 사진 속 모습과 비교할 때 하루 사이 다소 방향이 틀어진 정도의 차이를 보인다고 했다.,https://news.naver.com/main/read.nhn?mode=LSD&mid=sec&sid1=104&oid=003&aid=0009263509
20190601,세계,연합뉴스,헝가리 유람선 침몰 순간 추가 영상 공개…선미 승객들 모습도,사고 낸 크루즈선 후진해서 잠시 멈췄다가 다시 전진 제네바 연합뉴스 이광철 특파원 헝가리 부다페스트 다뉴브강에서 침몰한 유람선 허블레아니가 추돌 사고를 당할 때 모습이 찍힌 추가 영상이 1일 현지시간 공개됐다. 현지 유람선 업체들로 구성된 크루즈 동맹 은 지난달 29일 밤 사고 발생 당시 머르기트 다리 인근에서 추돌 모습이 찍힌 영상을 공개했다. 사고를 당한 허블레아니의 소속 선사 파노라마 데크도 크루즈 동맹에 속해 있다. 앞서 경찰이 지난달 30일 공개했던 영상은 추돌 사고를 낸 크루즈 선박 바이킹 시긴이 허블레아니를 지나가면서 가리고 있지만 1일 공개된 영상은 반대로 허블레아니 쪽에서 찍힌 영상이다. 크루즈선 바이킹 시긴이 지난달 29일 밤 헝가리 부다페스트 다뉴브강에서 한국인 관광객이 탄 허블레아니와 추돌하는 순간 모습. 바이킹 시긴 뒤쪽 큰 배 앞에 허블레아니가 있다. index.hu 영상 캡처 추가 공개된 영상에서 바이킹 시긴은 허블레아니를 들이받은 뒤 화면에서 사라졌다가 후진해 사고 지점까지 온 뒤 다시 앞으로 갔다. 두 배의 위치가 화면 오른쪽에서만 잡혀 경찰 영상과 마찬가지로 정확히 사고 원인을 가리기는 쉽지 않지만 바이킹 시긴이 후진했다가 다시 앞으로 가는 모습이 공개된 것은 처음이다. 추돌 당시 허블레아니 선미 갑판 위에 있는 일부 승객들의 모습도 영상에 담겼다. 바이킹 시긴의 갑판 위에 있던 승객들이 사고 직후 소리를 지르는 듯한 모습도 있다. 헝가리 현지 매체 index.hu는 화면 확대 분석 결과 희미하지만 사고 직후 물에 빠진 5∼6명의 움직임을 볼 수 있으며 바이킹 시긴 승무원들이 황급하게 뛰어다니면서 두 개의 구명조끼를 던지는 모습도 볼 수 있다고 전했다. 경찰의 조사를 받은 바이킹 시긴 선장 64 은 1일 법원이 영장을 발부하면서 구속됐다. 경찰과 검찰은 선장에게 부주의 태만으로 인명 사고를 낸 혐의를 적용해 지난달 30일 영장을 청구했다.,https://news.naver.com/main/read.nhn?mode=LSD&mid=sec&sid1=104&oid=001&aid=0010862574
20190601,세계,한국경제TV,헝가리 유람선 추돌 크루즈 선장 구속...실종자는 어디에,한국경제TV 이영호 기자 지난달 29일 현지시간 밤 헝가리 부다페스트 다뉴브강에서 유람선 허블레아니와 추돌하는 사고를 낸 크루즈 선박 바이킹 시긴 호의 선장 64 이 1일 구속됐다. 헝가리 법원은 이날 부주의·태만으로 중대 인명 사고를 낸 혐의로 경찰과 검찰이 청구한 영장을 발부했다. 우크라이나 출신의 유리.C로 알려진 바이킹 시긴 호 선장은 사고 직후 경찰에 구금돼 조사를 받았다. 헝가리 경찰은 인적 물적 증거를 토대로 했을 때 부주의·태만에 의한 인명 사고 혐의가 충분히 인정된다며 사고 이튿날 영장을 신청했다. 선장의 변호인은 수사 당국이 선장을 구금하자 그가 규정을 위반하지 않았고 범죄가 될 수 있는 행동을 하지 않았다고 반박했다. 법원에 따르면 선장은 구속 기간은 최고 한 달이며 구속을 피하기 위해서는 보석금 1천500만 포린트 5천900만원 를 내야 한다. 풀려난 상태에서 추가 조사를 받더라도 재판이 끝날 때까지는 부다페스트를 벗어날 수 없다. 검찰이 보석 조건에 이의를 제기함에 따라 이 부분은 다음 주중 법원에서 다시 결정될 것으로 알려졌다. 그때까지 선장은 계속 구금 상태로 지내야 한다. 당시 사고로 허블레아니에 타고 있던 관광객과 가이드 등 한국인 33명 중 7명이 숨졌고 19명이 실종됐다. 함께 배에 탄 현지인 선장과 승무원도 실종됐다. 헝가리와 한국 당국은 실종자 수색 작업을 벌이고 있지만 앞서 내린 비로 수심이 평소보다 깊고 유속이 빨라 난항을 겪고 있다.,https://news.naver.com/main/read.nhn?mode=LSD&mid=sec&sid1=104&oid=215&aid=0000777882
20190601,세계,서울신문,헝가리 유람선 추돌사고 일으킨 크루즈 선장 구속,서울신문 29일 현지시간 저녁 헝가리 부다페스트 다뉴브강에서 한국인 관광객들이 탑승한 유람선이 침몰해 구조 및 수색 작업이 진행되고 있다. EPA 연합뉴스 지난달 29일 현지시간 밤 헝가리 부다페스트 다뉴브강에서 유람선 허블레아니와 추돌사고를 낸 크루즈 선박 바이킹 시긴 호의 선장이 1일 구속됐다. 헝가리 법원은 이날 부주의·태만으로 중대 인명 사고를 낸 혐의로 영장을 발부했다. 앞서 사고 이튿날 헝가리 경찰은 부주의와 태만에 의한 인명사고 혐의가 인정된다며 영장을 신청했다. 우크라이나 출신의 유리.C로 알려진 바이킹 시긴 호 선장은 경찰에 구금돼 조사를 받았다. MobileAdNew center 법원에 따르면 선장의 구속 기간은 최고 한 달이다. 만약 보석금 1500만 포린트 5천900만원 를 내고 풀려나 추가 조사를 받더라도 재판이 끝날 때까지는 부다페스트를 벗어날 수 없다. 다만 검찰이 보석 조건에 이의를 제기했기 때문에 이와 관련해선 다음 주 결정될 것으로 알려졌다. 이번 추돌사고로 허블레아니에 타고 있던 관광객과 가이드 등 한국인 33명 중 7명이 숨졌고 19명이 실종 상태다.,https://news.naver.com/main/read.nhn?mode=LSD&mid=sec&sid1=104&oid=081&aid=0003003493
20190601,세계,헤럴드경제,헝가리 유람선 사고 크루즈 선장 ‘구속’…법원 영장 발부,헝가리 부다페스트 다뉴브강에서 한국인 관광객 33명이 탑승한 유람선이 침몰하는 사고 당시 영상이 공개됐다. 사고 영상을 보면 대형 유람선 ‘바이킹 크루즈’ 오른쪽 가 사고 유람선 ‘허블레아니’를 추돌하고 있는 모습 노란 선 원내 . 연합뉴스TV 캡처 헤럴드경제 이운자 기자 지난달 29일 밤 헝가리 부다페스트에서 유람선 허블레아니와 추돌하는 사고를 내 7명이 사망하고 19명이 실종되는 참사를 일으킨 크루즈 선박 ‘바이킹 시긴’호 號 의 선장이 1일 현지시간 구속됐다. 헝가리 법원은 이날 부주의·태만으로 중대 인명 사고를 낸 혐의로 경찰과 검찰이 청구한 영장을 발부했다. 우크라이나 출신의 유리.C 64 로 알려진 바이킹 시긴 호 선장은 사고 직후 경찰에 구금돼 조사를 받았다. 헝가리 경찰은 인적 물적 증거를 토대로 했을 때 부주의·태만에 의한 인명 사고 혐의가 충분히 인정된다며 사고 이튿날 영장을 신청했다. 선장의 변호인은 수사 당국이 선장을 구금하자 그가 규정을 위반하지 않았고 범죄가 될 수 있는 행동을 하지 않았다고 반박했다. 법원에 따르면 선장은 구속 기간은 최고 한 달이며 구속을 피하기 위해서는 보석금 1500만 포린트 5900만원 를 내야 한다. 풀려난 상태에서 추가 조사를 받더라도 재판이 끝날 때까지는 부다페스트를 벗어날 수 없다. 검찰이 보석 조건에 이의를 제기함에 따라 이 부분은 다음 주중 법원에서 다시 결정될 것으로 알려졌다. 그때까지 선장은 계속 구금 상태로 지내야 한다. 당시 사고로 허블레아니에 타고 있던 관광객과 가이드 등 한국인 33명 중 7명이숨졌고 19명이 실종됐다.,https://news.naver.com/main/read.nhn?mode=LSD&mid=sec&sid1=104&oid=016&aid=0001541956
20190601,세계,SBS,헝가리 유람선 추돌 크루즈 선장 구속…법원 영장 발부,헝가리 부다페스트 다뉴브강에서 유람선 허블레아니와 추돌하는 사고를 낸 크루즈 선박 바이킹 시긴 호의 선장이 구속됐습니다. 헝가리 법원은 이날 부주의·태만으로 중대 인명 사고를 낸 혐의로 경찰과 검찰이 청구한 영장을 발부했습니다. 우크니라이나 출신의 유리.C로 알려진 바이킹 시긴 호 선장은 사고 직후 경찰에 구금돼 조사를 받았습니다. 헝가리 경찰은 인적 물적 증거를 토대로 했을 때 부주의·태만에 의한 인명 사고 혐의가 충분히 인정된다며 사고 이튿날 영장을 신청했습니다. 선장의 변호인은 수사 당국이 선장을 구금하자 그가 규정을 위반하지 않았고 범죄가 될 수 있는 행동을 하지 않았다고 반박했습니다. 법원에 따르면 선장은 구속 기간은 최고 한 달이며 구속을 피하기 위해서는 보석금 1천500만 포린트 5천900만원 를 내야 합니다. 풀려난 상태에서 추가 조사를 받더라도 재판이 끝날 때까지는 부다페스트를 벗어날 수 없습니다. 검찰이 보석 조건에 이의를 제기함에 따라 이 부분은 다음 주중 법원에서 다시 결정될 것으로 알려졌습니다. 당시 사고로 허블레아니에 타고 있던 관광객과 가이드 등 한국인 33명 중 7명이 숨졌고 19명이 실종됐습니다.,https://news.naver.com/main/read.nhn?mode=LSD&mid=sec&sid1=104&oid=055&aid=0000735660
20190601,세계,YTN,속보 헝가리 유람선 추돌 크루즈 선장 구속...법원 영장발부,유람선 추돌 크루즈 선장 구속영장 발부 ◇ 자세한 뉴스는 곧 이어집니다.,https://news.naver.com/main/read.nhn?mode=LSD&mid=sec&sid1=104&oid=052&aid=0001301989
20190601,세계,조선일보,헝가리 유람선 추돌 크루즈 선장 구속…과실 확인,우리 국민 33명이 탑승한 유람선 ‘허블레아니’ 호를 추돌해 침몰시킨 혐의로 체포된 크루즈선 ‘바이킹 시긴’ 호의 선장이 구속됐다. 31일 현지시각 외신들에 따르면 헝가리 법원은 바이킹시긴 호 선장의 과실이 확인돼 구속영장을 발부했다고 밝혔다. 헝가리 경찰 대변인은 영상을 포함한 물적 증거를 통해 태만과 부실 등 크루즈 선장의 과실이 확인됐다 면서 철저히 조사해 엄중하게 조치할 계획 이라고 말했다. 다만 구체적인 과실은 무엇인지 밝히지 않았다. 헝가리 경찰이 2019년 5월 29일 부다페스트 다뉴브강에서 일어난 유람선 ‘허블레아니’호 왼쪽 와 크루즈선 ‘바이킹 시긴’호의 추돌 당시 영상을 공개했다. 바이킹 시긴 호가 허블레아니호를 뒤에서 추돌하고 있다. 헝가리 경찰 앞서 헝가리 경찰은 바이킹 시긴 호 선장 유리를 용의자 신분으로 조사하고 구금한 후 체포영장을 신청했다. 하지만 선장의 변호인인 빌라즈 M. 토스는 체포영장 신청 소식이 전해진 뒤 성명을 내고 수사 당국이 제기한 의혹은 현재 하나의 이론에 불과하다 며 지금 알려진 정보만으로 혐의를 확실히 밝힐 수 없다 고 말했다. 허블레아니호는 바이킹 시긴 호에 추돌당한 후 7초 만에 가라앉았다. 허블레아니호에는 관광객과 여행사 직원 현지 가이드 등 한국인 33명과 헝가리인 승무원 2명 등 총 35명이 타고 있었다. 이 사고로 한국인 탑승객 중 7명이 사망하고 7명이 구조됐다. 나머지 21명은 아직 실종 상태다.,https://news.naver.com/main/read.nhn?mode=LSD&mid=sec&sid1=104&oid=023&aid=0003450778
20190601,세계,헤럴드경제,헝가리 유람선 사고 크루즈 선장 ‘구속’,헝가리 부다페스트 다뉴브강에서 한국인 관광객 33명이 탑승한 유람선이 침몰하는 사고 당시 영상이 공개됐다. 사고 영상을 보면 대형 유람선 ‘바이킹 크루즈’ 오른쪽 가 사고 유람선 ‘허블레아니’를 추돌하고 있는 모습 노란 선 원내 . 연합뉴스TV 캡처 헤럴드경제 이운자 기자 헝가리 부다페스트에서 유람선 허블레아니와 추돌하는 사고를 내 7명이 사망하고 19명이 실종되는 참사를 일으킨 바이킹 시긴 크루즈의 선장이 구속됐다. 헝가리 법원은 바이킹 시긴 크루즈의 우크라이나인 선장에 대해 경찰이 요청한 구속영장을 발부했다. 헝가리 경찰은 수사 결과 우크라이나인 선장의 ‘태만과 부주의’가 인정된다며 구속영장을 신청했다.,https://news.naver.com/main/read.nhn?mode=LSD&mid=sec&sid1=104&oid=016&aid=0001541955
20190601,세계,MBC,헝가리 유람선 추돌 크루즈 선장 구속…법원 영장발부,헝가리 법원이 한국인 승객 33명이 타고 있던 유람선 허블레아니 호에 추돌한 크루즈 바이킹 시긴 호의 선장을 구속했습니다. 헝가리 법원은 오늘 1일 영장 심사를 거쳐 우크라이나 출신인 크루즈 선장 64살 유리 씨에 대한 구속영장을 발부했습니다. 현지 언론에 따르면 구속된 선장은 피해자와 유족들에게 애도의 뜻을 전하면서도 경찰이 제기한 과실과 부주의로 인한 추돌 혐의는 모두 부인하고 있는 것으로 전해졌습니다.,https://news.naver.com/main/read.nhn?mode=LSD&mid=sec&sid1=104&oid=214&aid=0000953039
20190601,세계,연합뉴스,헝가리 유람선 추돌 크루즈 선장 구속…법원 영장 발부,제네바 연합뉴스 이광철 특파원 지난달 29일 현지시간 밤 헝가리 부다페스트 다뉴브강에서 유람선 허블레아니와 추돌하는 사고를 낸 크루즈 선박 바이킹 시긴 호의 선장 64 이 1일 구속됐다. 헝가리 법원은 이날 부주의·태만으로 중대 인명 사고를 낸 혐의로 경찰과 검찰이 청구한 영장을 발부했다. 우크라이나 출신의 유리.C로 알려진 바이킹 시긴 호 선장은 사고 직후 경찰에 구금돼 조사를 받았다. 한국 관광객 유람선 추돌 추정 크루즈 부다페스트 연합뉴스 홍해인 기자 한국인 관광객들이 탑승한 유람선 허블레아니 헝가리어로 인어 와 추돌한 것으로 추정되는 바이킹 크루즈가 30일 오전 부다페스트 다뉴브강에 정박해 있다.2019.5.30 hihong yna.co.kr 헝가리 경찰은 인적 물적 증거를 토대로 했을 때 부주의·태만에 의한 인명 사고 혐의가 충분히 인정된다며 사고 이튿날 영장을 신청했다. 선장의 변호인은 수사 당국이 선장을 구금하자 그가 규정을 위반하지 않았고 범죄가 될 수 있는 행동을 하지 않았다고 반박했다. 법원에 따르면 선장은 구속 기간은 최고 한 달이며 구속을 피하기 위해서는 보석금 1천500만 포린트 5천900만원 를 내야 한다. 풀려난 상태에서 추가 조사를 받더라도 재판이 끝날 때까지는 부다페스트를 벗어날 수 없다. 검찰이 보석 조건에 이의를 제기함에 따라 이 부분은 다음 주중 법원에서 다시 결정될 것으로 알려졌다. 그때까지 선장은 계속 구금 상태로 지내야 한다. 당시 사고로 허블레아니에 타고 있던 관광객과 가이드 등 한국인 33명 중 7명이 숨졌고 19명이 실종됐다.,https://news.naver.com/main/read.nhn?mode=LSD&mid=sec&sid1=104&oid=001&aid=0010862554
20190601,세계,서울신문,속보 헝가리 유람선 추돌사고 크루즈 선장 구속…영장 발부,서울신문 29일 현지시간 저녁 헝가리 부다페스트 다뉴브강에서 한국인 관광객들이 탑승한 유람선이 침몰해 구조 및 수색 작업이 진행되고 있다.,https://news.naver.com/main/read.nhn?mode=LSD&mid=sec&sid1=104&oid=081&aid=0003003492
20190601,세계,YTN,헝가리 경찰 추돌사고 크루즈 선장 과실 있었다,앵커 한국인 26명이 숨지거나 실종된 헝가리 유람선 사고가 대형 크루즈선 선장의 과실에서 비롯된 것으로 헝가리 경찰 조사에서 파악됐습니다. 한영규 기자가 보도합니다. 기자 한국인 관광객 26명이 사망하거나 실종된 헝가리 유람선 사고가 크루즈선의 과실로 밝혀지고 있습니다. 갈 크리스토프 헝가리 경찰 대변인은 한국 관광객이 탄 유람선을 추돌한 바이킹 시긴호 의 우크라이나인 선장의 과실이 법원 구속 심사에서 확인됐다 고 밝혔습니다. 그러나 크루즈선 선장의 과실 이 무엇인지는 자세히 밝히지는 않았습니다. 강경화 외교부 장관은 헝가리 외교 장관과의 공동 기자회견에서 헝가리 경찰이 이번 사건을 철저하게 조사해 엄중 조치해 나갈 계획임을 밝혔다고 말했습니다. 강경화 외교부 장관 헝가리 경찰이 영상을 확보하고 있어서 이번 사건을 철저히 조사하고 엄중하게 조치해 나갈 것이라고 설명해 주셨습니다. 길이가 145m에 이르는 대형 크루즈선 바이킹 시긴 호의 선장은 29일 밤 한국인 33명이 타고 있던 소형 유람선 허블레아니 를 들이받은 혐의로 경찰 조사를 받았습니다. 구조된 탑승객들은 바이킹 시긴이 허블레아니를 들이받은 뒤 구조하지 않고 그대로 운항했다고 진술했습니다. 현지 언론은 경찰 수사에서 우쿠라이나인 선장의 태만과 부주의 혐의가 드러났다고 보도했습니다. 헝가리 경찰은 한국인 관광객이 탄 유람선의 위법 사항이나 과실 유무도 계속 조사 중입니다. 헝가리 법령에 따르면 다뉴브강 유람선은 구명조끼를 갖춰야 하지만 투어 승객에게 착용을 강제할 의무는 없습니다. YTN 한영규입니다.,https://news.naver.com/main/read.nhn?mode=LSD&mid=sec&sid1=104&oid=052&aid=0001301984
20190601,세계,YTN,두 명을 구했습니다...긴박했던 구조 당시 교신,헝가리 유람선 침몰 사고가 날 당시 주변에 있던 선박들도 놀라 구조대에 급하게 도움을 요청했습니다. 자신이 물에 빠진 사람을 구했다며 구조대에 연락한 배도 있었습니다. 당시 구조대와 선박들이 나눈 교신 내용 직접 들어보겠습니다. 럽소디어 사고 당시 주변 선박 여기는 럽소디어 수상구조대를 찾습니다. 수상구조대 관계자 수상구조대입니다. 죄송합니다. 다른 전화를 받느라 답이 늦었습니다. 무슨 일인지는 들었습니다. 어디 누구신가요 럽소디어 사고 당시 주변 선박 럽소디어 호가 전화했습니다. 우리 선원 한 명이 구조대가 체인 브리지에서 사람을 구하는 걸 봤습니다. 수상구조대 관계자 지금 호흡이 없는 한 사람을 구조해서 살리려고 하고 있습니다. 그리고 또 한 사람은 살아 있습니다. 그 사람이 크루즈선 옆에 있던 사람인가요 럽소디어 사고 당시 주변 선박 네 그 사람이 맞습니다. 수상구조대 관계자 네 우리가 그 사람을 구했습니다. 또 누가 보이나요 훌람 사고 당시 주변 선박 수상구조대 여기는 훌람입니다. 수상구조대 관계자 수상구조대입니다. 훌람 사고 당시 주변 선박 안녕하세요. 우리도 두 명을 건져 올렸습니다.,https://news.naver.com/main/read.nhn?mode=LSD&mid=sec&sid1=104&oid=052&aid=0001301983
20190601,세계,YTN,강경화 유람선 생존자 당장 퇴원하기 힘든 상황,헝가리 다뉴브강 유람선 사고에서 극적으로 구조돼 입원한 60대 생존자는 당분간 병원 치료를 더 받아야 하는 상태라고 강경화 외교장관이 전했습니다 강 장관은 오늘 병원을 방문해 생존자 이 모 씨를 만난 뒤 취재진에게 이 씨가 많이 쇠약해진 상태라며 언제쯤 퇴원할 수 있을지 말하기가 어려운 상황이라고 말했습니다. 의료진은 이 씨의 상태가 안정적이지만 퇴원과 비행기 여행을 감당할 수 있을 정도로 회복되지는 않았다고 밝혔습니다.,https://news.naver.com/main/read.nhn?mode=LSD&mid=sec&sid1=104&oid=052&aid=0001301982
20190601,세계,뉴시스,강경화 헝가리 사고 1박2일 현장 지휘 마무리하고 귀국종합2보,강 장관 31일부터 이틀간 사고 현장 찾아 지휘 헝가리 외무·내무장관과 회담 갖고 수습 방안 논의 피해자 가족·구조자 만나 위로…건강상태 확인 인양·수색작업 신속히 진행되도록 정부 총력 부다페스트 헝가리 뉴시스 추상철 기자 강경화 외교부 장관이 1일 오전 현지시각 헝가리 부다페스트 다뉴브강 유람선 사고 생존자가 머물고 있는 병원을 방문하고 있다. 2019.06.01. scchoo newsis.com 부다페스트 뉴시스 강수윤 기자 헝가리 다뉴브강 유람선 침몰 현장을 지휘하기 위해 이틀 동안 부다페스트에 머물렀던 강경화 장관이 모든 일정을 마치고 1일 오후 귀국했다. 강 장관은 이날 오후 9시10분 현지시간 2시10분 부다페스트 공항에 도착해 오후 9시40분 현지시간 2시40분 출국했다. 강 장관은 1박2일 일정으로 부다페스트를 머물면서 허베이아니 호 침몰 사고 현장을 방문하고 헝가리 정부에 신속한 수색을 요청하는 한편 구조자와 피해자 가족을 만나 위로하는 등 바쁜 일정을 소화했다. 앞서 강 장관은 지난달 31일 오후 3시 현지시간 8시10분 부다페스트 공항에 도착했다. 그는 공항에 도착하자마자 곧바로 다뉴브강 유람선 침몰 사고 현장으로 이동해 수색 작업 진행 상황을 보고 받았다. 이어 강 장관은 이날 오후 4시40분 현지시간 오전 9시40분 페테르 시야르토 헝가리 외무장관과 만나 사고의 수습 방안을 논의했다. 강 장관은 이 자리에서 헝가리 당국에 실종자 수색 작업이 신속하게 진행되고 실종자 수색 조속한 선체 인양 시신 유실 방지 수색 범위 확대 등 관련 협조를 요청했다. 그는 또 샨도르 핀테르 내무장관과도 양자회담을 갖고 침몰하는 유람선과 충돌한 혐의로 체포된 크루즈 선장에 대해 철저한 조사와 함께 엄중한 처벌을 요청했다. 강 장관은 회담 직후 한국문화원에서 기자회견을 열고 핀테르 내무장관과의 회담 결과를 설명한 뒤 수색 작업에 최대한 노력을 기울이고 헝가리 측의 철저한 조사 결과 발표를 독려할 것이라고 거듭 강조했다. 특히 강 장관은 헝가리 방문 이틀 동안 호텔과 병원을 직접 찾아가 생존자와 희생자 가족들을 만나 위로의 뜻을 전달하고 건강 상태를 직접 확인하기도 했다. 부다페스트 AP 뉴시스 강경화 가운데 외교부 장관이 31일 현지시간 헝가리 부다페스트 다뉴브강 유람선 침몰 현장에 도착해 페테르 시야르토 헝가리 외무장관의 설명을 들으며 현장을 둘러보고 있다. 2019.05.31. 강 장관은 31일에는 공식 일정 대신 구조자와 피해자 가족들을 만나는 데 집중했다. 오후 4시 현지시간 오전 9시 와 오후 5시 현지시간 오전 10시 허블레아니호 침몰사고 피해 가족들이 머물고 있는 호텔 두 곳을 잇따라 방문했다. 강 장관은 전날 저녁 2차로 부다페스트에 도착한 허블레아니호 침몰사고 피해자 가족들을 만나 애도를 표하고 함께 실종자 수색 작업에 정부가 총력을 다하겠다는 입장을 전달했다. 이어 오후 6시 현지시간 오전 11시 에는 현지 병원에 입원해있는 구조자 1명을 만나 위로의 뜻을 전달했다. 강 장관은 현지 종합병원에 입원해 있는 구조자 병문안을 마친 뒤 취재진과 만나 지금 병원에 계신 생존자가 한분이지만 가족들과 협의해서 원하는대로 지원될 수 있도록 최대한 노력을 아끼지 않겠다 고 약속했다. 강 장관은 전날에도 사고 후유증으로 고통을 겪고 있는 생존자들을 만나 위로하고 이들의 건의사항을 청취했다. 생존자들은 폭우로 유속이 빨라지고 다뉴브강 수위가 높아져 난항을 겪고 있는 인양과 수색작업이 하루 빨리 신속하게 진행될 수 있게 해달라고 강 장관에게 건의한 것으로 알려졌다. 한편 지난 29일 오후 9시께 헝가리 부다페스트 다뉴브강에서 한국인 33명이 탑승한 유람선 허블레아니호가 크루즈선과 추돌해 침몰했다. 이 사고로 현재까지 7명이 숨졌고 7명이 구조됐지만 19명이 실종된 상태다. 유람선 침몰사고가 발생한지 사흘이 지났지만 연이어 내린 비로 불어난 강물과 빠른 물살로 수색작업이 난항을 겪으면서 실종자 수는 19명에서 제자리를 걷고 있다. 부다페스트 헝가리 뉴시스 추상철 기자 1일 오후 현지시각 헝가리 부다페스트 다뉴브강 유람선 사고현장에서 노르웨이 체코 헝가리 등 합동 구조대가 첨단장비를 이용해 실종자 수색작업을 하고 있다.,https://news.naver.com/main/read.nhn?mode=LSD&mid=sec&sid1=104&oid=003&aid=0009263504
20190601,세계,헤럴드경제,알바니아 규모 5.3 지진 ‘악몽의 아침’…4명 부상ㆍ가옥 100여 채 파손,알바니아 코츠처 지역에서 1일 현지시간 규모 5.3의 지진이 발생 4명이 다치고 가옥 100여 채가 파손됐다고 AP통신이 보도했다. 사진은 기사 내용과 직접적 관련 없음. SNS캡처 헤럴드경제 이운자 기자 발칸반도의 서부에 위치한 알바니아에서 1일 현지시간 규모 5.3의 지진이 발생해 4명이 다치고 가옥 100여 채가 파손됐다고 외신이 보도했다. 연합뉴스에 따르면 AP통신은 이날 오전 6시26분 수도 티라나에서 남동쪽으로 180㎞ 떨어진 코르처 지역에서 규모 5.3의 지진이 발생해 이 같은 피해가 보고됐다고 전했다. 진앙은 지표 14㎞ 아래로 관측됐다. 지진 당시 무너져 내린 주택과 건물의 파편 등에 맞아서 다친 부상자들은 인근 병원으로 옮겨져 치료를 받고 있다. 재난 당국은 지진 발생 지역에 구호텐트를 설치하고 주민들에게 음식을 나눠주면서 여진에 대비하고 있는 것으로 전해졌다. 알바니아는 인접한 그리스 등은 아프리카 판과 유라시아 판의 잦은 충돌로 인한 영향으로 지진재해가 많은 나라로 꼽힌다.,https://news.naver.com/main/read.nhn?mode=LSD&mid=sec&sid1=104&oid=016&aid=0001541954
20190601,세계,YTN,헝가리 구조대 침몰 유람선 수중 음파 사진 공개,헝가리 다뉴브 강에서 침몰한 유람선 허블레아니의 수중 모습이 담긴 음파 사진이 공개됐습니다. 헝가리 수상 구조대는 현재 침몰한 허블레아니 상태를 찍은 수중 자료라면서 음파 사진을 언론에 공개했습니다. 공개된 사진을 보면 배 한 척이 옆으로 넘어져서 강바닥에 누워있는 모습입니다. 충돌 충격이 커 크게 파손됐을 것이란 추정도 있었지만 사진상으로는 침몰 전 외형의 모습을 거의 유지하고 있는 것으로 보입니다. 현지에 파견된 정부 합동 신속대응팀도 수중 음파 사진을 추가로 공개했습니다. 사진을 보면 선체의 길이를 측정해 표시했는데 정부 대응팀은 노르웨이나 오스트리아가 촬영한 것이라고 밝혔습니다.,https://news.naver.com/main/read.nhn?mode=LSD&mid=sec&sid1=104&oid=052&aid=0001301980
20190601,세계,YTN,수중 드론 투입 실패...수심 최대 9.3m,한국과 헝가리 당국이 유람선이 침몰한 다뉴브 강 물속 상황을 살펴보려고 수중 드론을 투입하려고 했지만 실패했습니다. 사고 지점 수심도 기존에 알려진 것보다 깊은 것으로 확인됐습니다. 현장에 투입된 정부 합동 신속대응팀 브리핑 내용 들어보겠습니다. 송순근 주헝가리 한국대사관 국방무관 인접 국가인 오스트리아 체코 노르웨이에서 2대의 수중음파탐지기와 1개의 수중드론을 가지고 와서 아침부터 설치했는데 지금 유속이 너무 빨라서 지금까지는 수중드론은 유속 때문에 실패했습니다. 설치를 못 했고요. 지금 헝가리 수자원관리국에서 측정한 수심은 5.62m가 나왔는데 우리 요원이 오늘 휴대용 수심 측정기로 저 현장에 가서 지금 측정한 결과는 8.1m에서 최대 9.3m까지 나오고 있습니다. 그러니까 어제까지 우리가 생각했던 6m보다도 수심이 저 현장은 더 깊게 나오고 있습니다. 특히 다뉴브 강은 비가 많이 내려서 거의 시계가 제로예요. 그래서 들어가서 볼 수가 없어서 그게 더 그때보다 더 어렵다는 겁니다.,https://news.naver.com/main/read.nhn?mode=LSD&mid=sec&sid1=104&oid=052&aid=0001301979
20190601,세계,헤럴드경제,헝가리 입원 생존자 만난 강경화 장관 “안정적이나 쇠약…병원치료 더 필요”,다뉴브강 유람선 침몰 나흘째인 1일 현지시간 헝가리 부다페스트 머르기트 다리 위에 희생자들을 추모하는 조기 붉은 원내 가 걸려 있다. 이 조기는 이날 오전 부다페스트 시청에서 추모의 의미로 머르기트 다리 위에만 게양한 것으로 알려졌다. 연합 헤럴드경제 이운자 기자 헝가리 부다페스트 다뉴브강 유람선 사고에서 극적으로 구조된 후 입원한 60대 생존자의 귀국이 당분간은 어려울 것으로 보인다고 강경화 외교장관이 밝혔다. 1일 현지시간 강경화 외교부 장관은 생존자 이모 66 씨가 입원해 있는 병원을 방문해 그를 격려했다. 이 씨는 강 장관에게 조기 퇴원과 귀국을 희망한다는 뜻을 나타냈다. 현지 의료진에 따르면 이 씨의 상태는 안정적이지만 퇴원과 비행기 여행을 감당할 수 있을 정도로 회복되지는 않았다. 이 씨를 만난 후 강 장관은 취재진에 “언제쯤 퇴원할 수 있을지를 말하기는 어려운 상태”라고 말했다. 강 장관은 “장기간 여행과 사고로 신체가 많이 쇠약해진 상태”라면서 “거의 말씀을 못 하실 정도였다”고 설명했다. 다만 한국에서 도착한 가족의 보살핌으로 정신적으로 안정을 찾고 있는 것으로 전해졌다. 강 장관은 “구조된 분들과 가족이 원하는 대로 지원이 이뤄지게끔 최선을 다하겠다고 말씀드렸다”고 했다. 입원 생존자 방문에 앞서 실종자 가족들을 만나 위로한 강 장관은 이날 오후 항공편으로 귀국한다. 이 씨 등 한국인 관광객 30명과 가이드 3명 등을 태운 유람선 ‘허블레아니 호 號 ’는 지난달 29일 밤 9시 5분께 뒤따르던 크루즈 선 ‘바이킹 시긴’으로부터 추돌을 당한 후 순식간에 전복된후 침몰했다. 사고를 낸 크루즈 선은 이후 생존자 구조 등의 구호 조치없이 배를 정상 운항한 것으로 드러났다. 이 사고로 현재까지 한국인 7명이 숨지고 19명이 실종됐으며 7명만 구조됐다. 함께 배를 탄 헝가리인 선장과 승무원등 2명도 실종된 상태다.,https://news.naver.com/main/read.nhn?mode=LSD&mid=sec&sid1=104&oid=016&aid=0001541953
20190601,세계,뉴시스,이탈리아 재무 EU 재정 지침 존중...지출 검토하겠다,EU 이탈리아에 부채감축 실패 해명 요구 살비니 EU 조치 염려하지 않는다 배짱 파리 AP 뉴시스 조반니 트리아 이탈리아 재무장관은 유럽연합 EU 집행위에 서한을 보내 2020년 예산안은 EU의 안정 및 성장에 관한 협약 SGP 을 준수할 것 이라고 밝혔다. 사진은 지난달 7일 프랑스 파리에서 열린 파리 포럼에 참석한 트리아 장관. 2019.06.01. 서울 뉴시스 양소리 기자 이탈리아 정부가 부채 감축을 경고한 유럽연합 EU 에 세금 체계와 공공 지출 등에 대한 유럽연합 EU 의 재정 지침을 존중하겠다고 약속했다. 31일 현지시간 블룸버그에 따르면 조반니 트리아 이탈리아 재무장관은 EU 집행위에 서한을 보내 2020년 예산안은 EU의 안정 및 성장에 관한 협약 SGP 을 준수할 것 이라고 밝혔다. 트리아 장관은 또 2018년 하반기 세계 무역과 제조업 활동 축소로 인해 이탈리아 정부는 EU의 부채 축소 요구를 이행하지 못했다고 설명했다. 트리아 장관의 이번 서한은 지난달 29일 EU 집행위가 이탈리아의 부채 감축 실패를 비난하며 이에 대한 해명을 촉구한 가운데 나왔다. EU는 지침을 위반한 혐의로 이탈리아에 수십 억 유로의 과징금을 부과할 것을 검토하고 있다. 트리아 장관은 새로운 정부는 책임감 있고 신중한 접근을 했다고 생각한다 며 이탈리아가 높은 실업률을 유지하고 디플레이션에 가까운 경제 상황임을 감안했을 때 EU의 긴축 조치는 역효과를 낳았을 것 이라며 정부의 조치를 옹호했다. 이탈리아는 작년 말에도 확장 예산안을 편성하며 EU와 갈등을 빚었다. 당시 EU는 예산편성 지침 위반을 이유로 이탈리아에 국내총생산 GDP 의 최대 0.2%에 달하는 과징금을 부과하겠다고 밝혔다. 당시 이탈리아는 재정지출 규모를 GDP의 2.4%에서 2.04%로 축소하며 EU와 합의점을 찾았다. 안사 통신에 따르면 마테오 살비니 부총리 겸 내무장관은 이날 EU의 조치에 대해 염려하지 않는다 며 이탈리아 경제에 긍정적인 신호가 있다. 유럽은 우리의 성장과 감세 조치에 대한 의지를 존중하게 될 것이다 며 여유를 나타냈다. 2017년 GDP의 131.4%에 달하던 이탈리아의 국가 부채는 지난해 GDP의 132.2%까지 증가했다. EU는 올해 이탈리아의 부채비율이 133.7% 2020년에는 135.2%까지 확대될 것으로 전망했다.,https://news.naver.com/main/read.nhn?mode=LSD&mid=sec&sid1=104&oid=003&aid=0009263503
20190601,세계,KBS,추돌 크루즈 선장 구속…법원 영장발부,헝가리 다뉴브강에서 침몰한 유람선 허블레아니와 추돌 사고를 일으킨 크루즈선 선장이 구속됐습니다. 헝가리 현지 법원은 오늘 1일 영장 심사를 거쳐 선장의 구속 영장을 발부했습니다. 우크라이나 출신의 유리.C로 알려진 크루즈선 선장은 사고 직후 헝가리 경찰에 구금돼 조사를 받아왔습니다. 경찰은 침몰 사고 이튿날 부주의와 태만 과실 혐의 등으로 추돌 크루즈선 선장에 대해 구속 영장을 신청했습니다. 선장의 변호인 측은 크루즈선은 항로를 이탈하는 등의 잘못을 저지른 게 없다며 무죄를 다퉜지만 받아들여지지 않았습니다. 선장의 구속 기간은 최장 한 달이고 구속을 피하려면 보석금으로 1 500만 포린트 우리 돈 5 900만 원을 내야 합니다. 보석금을 내 석방되더라도 재판이 끝날 때까지 부다페스트를 벗어날 수 없게 됩니다. 헝가리 검찰은 이 같은 보석 조건에 이의를 제기해 법원이 다음 주 중 조건을 변경할지를 다시 판단할 것으로 알려졌습니다. 크루즈선 선장은 그때까지 일단 구금 상태로 지내게 됩니다.,https://news.naver.com/main/read.nhn?mode=LSD&mid=sec&sid1=104&oid=056&aid=0010707735
20190601,세계,서울신문,야속한 다뉴브강의 유속 “1·2차 잠수작전 실패…내일까진 어려워”,서울신문 “헝가리 잠수 요원 위험 상황 처하기도” “밀물·썰물없는 강이라 작업 더 어려워” 수상 수색 집중…3일 아침 잠수 여부 결정키로 헝가리 부다페스트의 시민들이 1일 현지시간 다뉴브강 머르키트 다리 위에서 구조대의 수색작업을 지켜보고 있다.부다페스트 이하영 기자 hiyoung seoul.co.kr “우리 서해는 밀물과 썰물이 있어 물이 빠지면 유속이 줄고 수위가 낮아지는데 여기는 강이라 유속이 일정하고 교각 사이에서는 더 빨라집니다. 세월호 작전 때보다 더 힘든 상황입니다.” 정부 합동신속대응팀 현장 지휘관인 송순근 육군 대령 주헝가리 대사관 소속 무관 은 1일 현지시간 유람선 침몰사고 대책본부가 마련된 헝가리 부다페스트 다뉴브강의 머르기트섬에서 브리핑을 열고 이렇게 말했다. 부다페스트는 이날도 전날에 이어 화창한 날씨를 보였다. 하지만 속도를 낮추지 않는 유속이 구조작업을 지연시켜 애 태우게 했다. 또 수심도 평소 때보다 크게 높아진 6.3m까지 불어나 어려움을 더했다. MobileAdNew center 송 대령은 “헝가리 구조대 25명이 어제 오전에 1차로 전투함에서 잠수를 시도했고 오후에 2차 시도를 했는데 두번 다 실패했다”면서 “수심이 깊고 유속 빨라서 2차 시도했던 요원은 위험한 상황에 갔었다”고 말했다. 소방·해경·해군 등 베테랑 요원으로 구성된 우리 신속대응팀도 현지 도착했지만 헝가리 구조당국과 협의한 결과 수심이 내려갈 가능성이 있는 3일 아침까지는 잠수 작전을 하지 않기로 했다. 송 대령은 “월요일 3일 아침 7시에 양측이 회의해 수심과 유속을 확인한 뒤 잠수 여부를 판단할 것”이라고 말했다. 신속대응팀은 대신 이날 헬기와 보트 경비정 등을 활용해 수상 수색 위주로 구조 작업을 했다. 헝가리 재난관리청 소속 헬기에 우리 요원도 탑승해 사고 지점에서 50㎞ 떨어진 곳까지 내려가면서 강변 나뭇가지에 실종자의 옷가지 등이 걸려 있지 않은지 살펴봤다. 하지만 송 대령은 “현재까지는 결과가 없다”고 전했다. 또 헝가리 측은 수중 드론 투입도 시도했으나 빠른 유속 탓에 실패한 것으로 확인됐다. 송 대령은 “ 선내 수색을 위해 오스트리아 체코 노르웨이에서 소나 수중음향표정장치 두 대와 수중 드론 한 대를 가져왔는데 수중 드론은 유속이 너무 빨라서 투입에 실패했다”고 말했다. 소나 수중음향 표정장치 로 찍은 침몰 유람선 형상. 사진 오른쪽 노란 원 안에 길게 나타난 부분이 유람선의 모습.정부합동신속대응팀 제공 체코 구조팀 촬영 전날 현지에 도착한 실종자 가족들은 구조 소식을 기다리며 애태우고 있다. 송 대령은 “ 실종자 가족들이 두가지를 특히 걱정하신다”면서 “하나는 침몰한 배 안에 실종된 가족 몇명이나 있는지 확인할 수단이 있느냐는 것이고 다른 하나는 유속을 고려할 때 500 600㎞ 이상 떠내려 가 헝가리가 아닌 인근 세르비아 국경 등으로 갔을 수도 있는데 이 나라와 협조해서 발견될 수 있도록 노력해달라는 것”이라고 말했다. 그는 “세르비아와 루마니아 불가리아 등 접경 지역에서도 수색 중”이라고 말했다. 전날 우리 정부는 헝가리 측에 “침몰 지역 주변에 유실 방지망을 설치해달라”는 요청했지만 현지 사정상 설치가 쉽지 않아 고민 중인 것으로 나타났다. MobileAdNew center 한편 다뉴브강 유람선 사고에서 극적으로 구조된 후 입원한 생존자 이모 66 씨는 당분간 병원 치료를 더 받아야 하는 상태라고 강경화 외교장관이 전했다. 강 장관은 이날 이씨가 치료를 받는 병원을 방문해 그를 격려했다. 이씨는 강 장관에게 조기 퇴원과 귀국을 희망한다는 뜻을 나타냈다. 의료진에 따르면 이씨의 상태는 안정적이지만 퇴원과 비행기 여행을 감당할 수 있을 정도로 회복되지는 않았다. 강 장관은 “장기간 여행과 사고로 신체가 많이 쇠약해진 상태”라면서 “거의 말씀을 못 하실 정도였다”고 설명했다.,https://news.naver.com/main/read.nhn?mode=LSD&mid=sec&sid1=104&oid=081&aid=0003003491
20190601,세계,연합뉴스,정경두 5월 4 9일 北발사체는 같은 종류 단거리미사일,샹그릴라대화 참석계기 기자간담회서 밝혀…탄도미사일 여부는 분석중 정경두 장관 아시아안보회의 연설 서울 연합뉴스 정경두 국방부 장관이 1일 싱가포르에서 열린 제18차 아시아안보회의 일명 샹그릴라 대화 에서 한반도 안보와 다음 단계 를 주제로 본회의 연설을 하고 있다. 2019.6.1 국방부 제공. 재판매 및 DB 금지 photo yna.co.kr 싱가포르 연합뉴스 이준삼 기자 싱가포르에서 열리고 있는 아시아안보회의 샹그릴라 대화 에 참석 중인 정경두 국방부 장관은 지난달 4일과 9일 잇달아 발사된 북한의 단거리 발사체에 대해 같은 종류의 단거리미사일로 보고 있다 고 말했다. 정 장관은 1일 열린 동행기자단 간담회에서 지난달 4일과 9일 발사한 발사체를 같은 종류로 보고 있느냐 는 질문에 완전히 동일하다고 보는 것은 아니라면서도 차륜형과 궤도형의 차이도 있는 등 분석하고 있는 단계인데 거의 유사한 종류이지 않을까라고 본다 고 설명했다. 그동안 정부는 북한이 지난달 4일과 9일 발사한 단거리 발사체에 대해 각각 신형전술유도무기 단거리 미사일 추정 발사체 등으로 표현해왔다. 정 장관은 이 단거리 미사일이 탄도미사일인지에 대해서는 분석 중 이란 기존 입장을 재차 밝혔다. 정 장관은 여러 가지 분석을 하고 있다 며 언론에서 러시아 이스칸데르 미사일과 같은 종류라고 보고 있고 많이 유사한 부분도 있지만 일부 차이가 있는 부분도 분명히 있다는 것을 말씀드린다 고 설명했다. 정 장관은 이날 오전 한반도 안보와 다음 단계 라는 주제로 행한 연설에서 북한은 5월에 두 차례 단거리 미사일을 발사하고 비핵화 협상에서 이탈해 과거로 되돌아갈 수 있음을 위협하고 있다 며 단거리 미사일 이라는 표현도 사용했다. 북한의 군사적 위협에 대해 한미일의 평가가 다른 거 아니냐 는 질문에는 기본적으로 북한의 핵과 탄도미사일 위협에 대해선 당연히 위협은 있는 것 이라며 섀너핸 대행의 발언은 큰 틀에서 기본적으로 북한의 그런 핵과 미사일에 대한 위협 부분을 얘기한 것 이라고 설명했다. 패트릭 섀너핸 미 국방부 장관 대행은 이날 오전 샹그릴라대화 본회의 연설에서 북한의 핵·미사일 위협과 관련 미국과 동맹국을 위협할 수준 이라고 표현했다. 정 장관은 작년 9월 남북간에 이뤄진 군사합의에 대한 준수는 확실히 지켜지고 있다는 측면에서 직접적인 군사적 긴장도가 높다는 위협은 없다 고 말했다.,https://news.naver.com/main/read.nhn?mode=LSD&mid=sec&sid1=104&oid=001&aid=0010862547
20190601,세계,연합뉴스,PRNewswire Football for Friendship 세계 신기록 달성,축구 훈련 세션에 가장 다양한 국적의 사람들이 참여 마드리드 2019년 6월 1일 PRNewswire 연합뉴스 211개 국가와 지역에서 온 참가자가 하나로 뭉친 가스프롬 Gazprom 의 국제 아동사회 프로그램 Football for Friendship의 시즌 7 행사가 진행되는 가운데 5월 31일에는 마드리드에서 세계에서 가장 다양한 국적의 사람들이 참가한 축구 훈련이 열렸다. 훈련이 끝난 후 Football for Friendship은 공식 기네스 세계 기록 R 인증서를 받았다. 바르셀로나 유소년 축구학교 CEO Miquel Puig와 전 FC 바르셀로나 유소년팀 코치였던 Josep Gambau가 이 훈련을 진행했다. 이 훈련에는 57개 국적을 대표하는 사람들이 참가했다. 이들은 유소년 축구 선수들이 Football for Friendship 세계 챔피언십 결승전 전에 몇 가지 새로운 기술을 익히도록 도왔다. 이 기록을 세운 것은 Football for Friendship 프로그램에 있어 기념비적인 일이다. Football for Friendship은 모든 문화와 국적 간에 평등이라는 가치를 목표로 하기 때문이다. Football for Friendship은 7년 만에 전 세계적으로 50만 명에 달하는 지지자를 얻고 211개국에서 온 6천 명의 참가자를 하나로 뭉치게 만들었다. 바르셀로나 유소년 축구학교 CEO Miquel Puig는 앞으로 F4F 프로젝트가 수많은 훌륭한 승리를 거둘 것으로 확신한다 라고 말했다. 훈련이 끝나고 가스프롬 이사회 의장 Viktor Zubkov가 기네스 세계 기록 R 대표로부터 공식 타이틀 인증서를 받았고 새로운 국제적 승리를 거둔 Football for Friendship 어린이 참가자들을 축하했다. Football for Friendship의 핵심 행사 중 하나는 Football for Friendship 월드 챔피언십이다. 전통적으로 국적 성별 및 신체 능력이 다른 12세 선수들이 하나가 되는 국제 Friendship 팀들이 이 대회에 출전한다. 월드 챔피언십 결승전은 이달 1일 Plaza Mayor의 UEFA Pitch에서 열린다. 가스프롬의 국제 아동사회 프로그램 Football for Friendship 시즌 7의 마지막 행사는 5월 28일부터 6월 2일까지 마드리드에서 진행된다. 1일에는 프로그램 참가자들이 Metropolitano Stadium에서 열리는 2019 UEFA 챔피언스 리그를 관람한다. Football for Friendship 공식 인터넷 자원 매체용 사진과 영상 자료 hp media.footballforfriendship.com 공식 페이스북 계정 hps www.facebook.com FootballForFriendship 공식 유튜브 채널 hps www.youtube.com user FOOTBALL4FRIENDSHIP 공식 위키피디아 페이지 hps en.wikipedia.org wiki Football for Friendship 공식 트위터 계정 hps twier.com football4f 공식 웹사이트 hps www.gazprom football.com en home.htm 사진 hps mma.prnewswire.com media 895983 Gazprom Football for Friendship.jpg Football for Friendship sets new world record 로고 hps mma.prnewswire.com media 837140 Gazprom Football for Friendship Logo.jpg Gazprom Football for Friendship Logo 출처 Gazprom Football for Friendship Football for Friendship Sets New World Record Most Nationalities in Football Soccer Training Session MADRID May 31 2019 PRNewswire Within the framework of the events of the Seventh Season of the Gazprom International Children s Social Programme Football for Friendship uniting participants from 211 countries and regions a football training with the most nationalities in the world took place on May 31 in Madrid. At the end of the training Football for Friendship received an official GUINNESS WORLD RECORDS R certificate. Miquel Puig the CEO of the Soccer Barcelona Youth Academy and Josep Gambau the ex coach of the FC Barcelona youth team conducted the training in which participated representatives of 57 nationalities. They helped Young Players master several new tricks before the Football for Friendship World Championship Final. Achieving this record is a landmark event for the Football for Friendship programme that has the goal of promoting the values of equality of all cultures and nationalities. In just 7 years the programme has gained 5 million supporters around the world and united 6 thousand participants from 211 countries. I have no doubt that there are many wonderful victories ahead for the F4F project says the CEO of Soccer Barcelona Youth Academy Miquel Puig. At the end of the training Gazprom Chairman of the Board of Directors Viktor Zubkov has received the official certificate of obtaining the title from the GUINNESS WORLD RECORDS R representative and congratulated Young Participants of Football for Friendship on the new global victory. One of the key events of the programme is the Football for Friendship World Championship. Traditionally the International Teams of Friendship uniting athletes aged 12 of different nationalities gender and physical abilities participate in the competition. The Final of the World Championship will take place on the UEFA Pitch in Plaza Mayor on June 1. The final events of the Seventh Season of the Gazprom International Children s Social Programme Football for Friendship take place in Madrid from May 28 to June 2. On June 1 the participants of the programme will visit the 2019 UEFA Champions League at the Metropolitano Stadium. Programme s official Internet resources Photos and video materials for the media hp media.footballforfriendship.com Official Facebook account hps www.facebook.com FootballForFriendship Official YouTube channel hps www.youtube.com user FOOTBALL4FRIENDSHIP Official Wikipedia page hps en.wikipedia.org wiki Football for Friendship Official Twier account hps twier.com football4f Official website hps www.gazprom football.com en home.htm Photo hps mma.prnewswire.com media 895983 Gazprom Football for Friendship.jpg Football for Friendship sets new world record Logo hps mma.prnewswire.com media 837140 Gazprom Football for Friendship Logo.jpg Gazprom Football for Friendship Logo Source Gazprom Football for Friendship 편집자 주 본고는 자료 제공사에서 제공한 것으로 연합뉴스는 내용에 대해 어떠한 편집도 하지 않았음을 밝혀 드립니다.,https://news.naver.com/main/read.nhn?mode=LSD&mid=sec&sid1=104&oid=001&aid=0010862546
20190601,세계,연합뉴스,사고 나서야…부다페스트 대형 크루즈 선착장 이전 검토,부다페스트 시장 관계 당국과 논의 시작…소형 유람선 안전성 조사 다뉴브강 침몰 유람선 추돌한 크루즈선 바이킹 시긴 EPA 연합뉴스 베를린 연합뉴스 이광빈 특파원 헝가리 당국이 다뉴브강 유람선 침몰 사고가 발생하고 나서야 뒤늦게 안전 문제 등을 이유로 대형 크루즈 선박의 도심 선착장 이전을 검토하고 나섰다. 1일 헝가리 언론과 독일 일간 디벨트에 따르면 이슈타반 타를로스 부다페스트 시장은 도심에 있는 호텔 선박 선착장의 이전 필요성을 언급했다. 그는 관련 업체들과 협의가 이뤄져야 한다 면서 현재 선착장의 위치와 관련해 사업적인 측면을 이해하지만 다뉴브강의 선박 운행량과 안전 문제를 고려해 선착장이 이동되어야 한다 고 강조했다. 다만 타를로스 시장은 다뉴브강의 교통 관련 권한은 부다페스트 시에 있지 않다 면서 내각의 관련 장관과 협의 중이라고 설명했다. 이어 타를로스 시장은 다뉴브강의 소형 유람선을 대상으로 안전성 검사에 착수할 것을 지시했다고 밝혔다. 디벨트는 일어나지 말았어야 할 사고 라는 제목의 기사에서 부다페스트 시내 유람선 코스가 큰 인기를 끌자 몇 년 전부터 대형 크루즈선들도 운영됐다 면서 이에 관광업계 전문가들은 이전부터 대형사고가 일어날 것을 예상했다 고 지적했다. 또 전문가들은 당국에 사고 예방조치를 요구했었다 면서 관련 안전 규정의 미비가 이번 사고의 문제점으로 꼽히고 있다 고 강조했다. 그러면서 디벨트는 부다페스트는 시장 선거를 수개월 앞두고 있다 면서 이번 사고가 당국의 실수로 인한 것으로 밝혀지거나 사건 경위를 조사하는 과정에서 경찰의 실수가 드러난다면 타를로스 시장 역시 타격을 피할 수 없다 고 했다. 지난달 29일 발생한 다뉴브강 유람선 침몰사고는 크루즈선에 추돌당해 발생했다. 유람선에는 관광객 30명과 인솔자·가이드 등 한국인 33명이 탑승해 있었다. 이 중 7명은 사망했고 7명은 구조됐으며 19명은 실종상태다. 함께 배에 탄 현지인 선장과 승무원도 실종됐다. 헝가리와 한국 당국은 실종자 수색 작업을 벌이고 있지만 앞서 내린 비로 수심이 평소보다 깊고 유속이 빨라 난항을 겪고 있다.,https://news.naver.com/main/read.nhn?mode=LSD&mid=sec&sid1=104&oid=001&aid=0010862545
