611최서우R..판교 분양가 막판 진통,if deployPhase local deployPhase dev nhn.rmcnmv.BUILD PHASE dev var videoId 0337A538FC6B825BFDBDC03645CAFBAB0EAE var rmcPlayer 0337A538FC6B825BFDBDC03645CAFBAB0EAE new nhn.rmcnmv.RMCVideoPlayer 0337A538FC6B825BFDBDC03645CAFBAB0EAE V122a42446b9ee66774d4c2262953fcca04ad097d809498a1baa1576021d9b87abfa2c2262953fcca04ad 0 0 2006 nhn.rmcnmv.RMCVideoPlayer.type.AUTO rmcPlayer 0337A538FC6B825BFDBDC03645CAFBAB0EAE.properties.autoPlay true rmcPlayer 0337A538FC6B825BFDBDC03645CAFBAB0EAE.properties.coverImageURL hp imgnews.naver.net image 215 2006 03 23 A200603230002.jpg rmcPlayer 0337A538FC6B825BFDBDC03645CAFBAB0EAE.properties.skinName tvcast white rmcPlayer 0337A538FC6B825BFDBDC03645CAFBAB0EAE.properties.hasRelativeMovie true rmcPlayer 0337A538FC6B825BFDBDC03645CAFBAB0EAE.properties.controlBarMovable true rmcPlayer 0337A538FC6B825BFDBDC03645CAFBAB0EAE.properties.wmode transparent rmcPlayer 0337A538FC6B825BFDBDC03645CAFBAB0EAE.displayRMCPlayer 앵커 판교신도시 분양가를 놓고 성남시와 건설업체간의 분양가 조율이 막판까지 진통을 겪고 있어 분양 일정에 차질이 우려되고 있습니다. 최서우 기자가 보도합니다.,https://sports.news.naver.com/news.nhn?oid=215&aid=0000000001
판교특집판교신도시 최종 입주 전략,if deployPhase local deployPhase dev nhn.rmcnmv.BUILD PHASE dev var videoId 89FF45015919520C0A1113182BE74C626B55 var rmcPlayer 89FF45015919520C0A1113182BE74C626B55 new nhn.rmcnmv.RMCVideoPlayer 89FF45015919520C0A1113182BE74C626B55 V121f21a3d64d765a7d90062e833f97b7da2ed839bfd50b19d35e5cb27a0c93bc90c4062e833f97b7da2e 0 0 2006 nhn.rmcnmv.RMCVideoPlayer.type.AUTO rmcPlayer 89FF45015919520C0A1113182BE74C626B55.properties.autoPlay true rmcPlayer 89FF45015919520C0A1113182BE74C626B55.properties.coverImageURL hp imgnews.naver.net image 215 2006 03 24 A200603240003.jpg rmcPlayer 89FF45015919520C0A1113182BE74C626B55.properties.skinName tvcast white rmcPlayer 89FF45015919520C0A1113182BE74C626B55.properties.hasRelativeMovie true rmcPlayer 89FF45015919520C0A1113182BE74C626B55.properties.controlBarMovable true rmcPlayer 89FF45015919520C0A1113182BE74C626B55.properties.wmode transparent rmcPlayer 89FF45015919520C0A1113182BE74C626B55.displayRMCPlayer 앵커 지금까지 주택공사와 민간건설사가 분양하는 판교 모델하우스를 TV 동영상으로 살펴보셨는데요. 이번 순서는 VCR화면을 통해 소개 안된 부분까지 자세히 알려드리는 시간을 마련했습니다. 건설교통부 출입기자인 권영훈기자가 함께 자리했습니다. 질문 판교신도시를 얘기할 때 강남 대체 주거지역이란 말을 하는데요. 그만큼 입지가 우수하다는 것을 반증하는 것입니다. 하지만 청약수요자들의 경우 장단점을 두루 살펴봐야할 것 같은데요. 판교신도시 입지에 따른 청약전략을 설명해주시죠. 기자 예비 청약자들께선 판교신도시 청약에 있어 무엇보다 입지를 확인할 필요가 있습니다. 판교신도시는 경부고속도로를 축으로 동쪽을 동판교 서쪽을 서판교라고 합니다. 이번 판교 공급물량 가운데 동판교의 경우 풍성주택과 이지건설 그리고 주택공사 4개블럭이 여기에 해당되고 나머지 건설사들은 모두 서판교에 들어섭니다. 두 지역의 입지환경을 결론적으로 말씀드리면 동판교는 교통과 편익시설. 서판교는 녹지나 환경으로 요약할 수 있습니다. 동판교는 기존 분당선과 추가 개발될 신분당선 그리고 분당 수서간 고속화도로 등을 이용할 수 있어 대중 교통망이 비교적 넉넉한 편입니다. 그러나 쓰레기소각장이나 하수종말처리장 납골당이나 열병합발전소 등 4대 주민 혐오시설이 실제 동판교 쪽으로 들어설 경우 향후 집값에도 적지 않은 영향을 미칠 것으로 보입니다. 이에 반해 서판교는 교통은 동판교보다 취약하지만 금토산아래 운중천이 흐르는 등 배산임수의 조건을 갖춰 주거환경이 뛰어나다는 평갑니다. 그러나 상대적으로 동판교보다 편익시설이 적고 학교 여건도 뒤떨어지는 단점을 안고 있습니다. 동판교와 서판교 중 어디를 선택할 지가 이번 판교 청약의 첫 단추라고 해도 과언이 아닙니다. 질문 앞서 TV를 통해 모델하우스를 봤는데요. 수요자들을 위해 실제 모델하우스와 TV모델하우스를 비교해 유의사항을 알려주시죠. 기자 청약 희망자들이라면 누구나 실제 모델하우스를 방문해 직접 마감재 재질이나 촉감을 느껴보고 일일히 옵션을 확인하는 게 최선일텐데요. 당첨자에 한해서만 모델하우스를 공개하는 것 만큼 그 대안인 TV 모델하우스를 꼼꼼히 살펴보셔야 할 것 같습니다. 솔직히 모델하우스의 동영상만 보고 실물을 유추하는 데는 한계가 없지 않습니다. 동영상만으로는 폭이나 너비 등 공간감을 정확하게 알기 어렵고 업체 간 비교도 어려운 게 사실입니다. 또 모델하우스는 동영상이든 실제모습이든 기본적으로 수천만원 규모의 옵션이 들어가 있다는 점도 간과해선 안될 것 같습니다. 분양가 상한제가 적용된 탓에 마감재는 대부분 평이하며 가전제품과 비데 붙박이장 바닥재 등 은 대부분 선택 품목으로 따로 돈을 내야 합니다. 특히 이번 판교분양에선 주택공사를 포함해 건설사 모두가 발코니 공간을 늘려 모델하우스를 내놓았습니다. 때문에 수요자들의 선택에 따라 발코니를 트지 않을 경우 천장 모양이나 조명기구 거실 벽 등 인테리어 내용이 달라지게 됩니다. 실제로 주공아파트의 경우 33평 일부에 한해 포켓발코니를 진원E C는 가변형벽체 등을 선보일 예정입니다. 하지만 발코니를 확장하려면 평균 1500만원내외의 추가부담금이 필요합니다. 또 확장이 전제되다 보니 발코니를 트지 않으면 집 모양 이 이상하거나 공간 활용도가 떨어져 울며 겨자 먹기 로 확장을 해야 하는 곳도 있습니다. 질문 끝으로 판교 청약희망자들이 이 부분만큼은 꼭 챙길 필요가 있다면 말씀해주시죠. 기자 수요자들의 경우 가장 궁금해 하실 부분이 분양가 일텐데요. 지금까지 분양가가 확정된 곳은 주택공사 한 곳인데요. 주공 아파트의 분양가는 평당 평균 1099만2천원으로 결정됐습니다. 특히 전용면적 18평 이하인 A18－1블록의 24평형 분양가는 평당 946만원으로 가장 낮게 책정됐습니다. 신분당선 판교역을 끼고 있는 A22－1블록의 33평형은 평당 1133만원으로 가장 높습니다. 중간층을 기준으로 한 총 분양가격은 2억2720만 24평형 3억8180만원 33평형 으로 분석됐다. 이는 민간 건설업체들이 제시하고 있는 평당 분양가 1190만원보다 평당 70만원 이상 저렴한 가격입니다. 임대아파트의 경우 21평형은 임대보증금 4504만원에 월 31만2000원 24평형은 보증금 5664만원에 월 39만4000원을 받기로 했습니다. 가장 큰 34평형은 보증금 1억4114만원에 월 58만2000원씩 받을 예정입니다. 주공은 오는 29일 성남시 거주자 중 청약저축 통장을 갖고 있는 5년 이상 무주택 세대주를 시작으로 다음 달 13일까지 청약을 받는다. 다음은 이번 판교분양부터 새롭게 적용된 인터넷 청약에 대해 주의점을 알려드리겠습니다. 판교는 모든 주택을 인터넷을 통해 청약해야 하는데요. 전자공인인증서를 발급받아야 인터넷 청약에 나서야 하며 접수 마감시간을 꼭 지켜야 합니다. 인터넷 청약이 어려운 분들을 위해 전화로 청약하는 텔레뱅킹과 창구접수도 병행실시합니다. 텔레뱅킹은 국민은행 콜센터인 1588 9999번과 금융결제원 ARS 번호 1369 번을 누르면 전화로 청약할 수 있습니다. 인터넷청약을 취소할 경우 청약당일 신청취소도 가능합니다. 신청내역을 고치기 위해서는 인터넷의 신청내역 확인 코너로 들어가 취소 를 선택한 뒤 새롭게 청약신청서를 작성하면 됩니다. 질문 민간 건설사 분양가는 아직 미확정된 상태죠 기자 네...판교신도시에 참여하는 10개 민간건설업체 분양가는 아직 결정되지 않았습니다. 성남시와 건설사간 분양가를 두고 줄다리기가 이어지고 있기 때문입니다. 분양값 결정이 진통을 겪고 있는 것은 성남시와 건설업체들 사이에 적정 분양가에 대한 시각차가 크기 때문입니다. 성남시는 무주택 서민들이 받아들일 수 있는 적정 분양값이 평당 1100만원 이하라고 못박고 있는 데 반해 민간업체들은 현실을 무시한 처사라고 맞서고 있습니다. 판교 분양값의 적정선을 둘러싼 논란은 가산비용을 놓고 벌어지고 있는데요. 성남시는 가산비용을 평당 190만원선 이하로 잡고 있는 반면 민간업체는 지난 17일 성남시에 분양승인을 신청할 때 평당 313만 328만원을 제시했습니다. 분양승인이 미뤄지자 민간업체들은 성남시의 거듭된 분양가 인하 요구에 평당 1180만 1190만원까지는 양보할 수 있다는 입장입니다. 이는 민간업체들이 처음 제시했던 평당 1240만 1250만원에서 평당 60만원 정도 내린 것입니다. 조만간 성남시의 협의를 거쳐 판교신도시 민간건설사의 분양가가 나오면 한국경제TV에서 자세히 알려드리겠습니다.,https://sports.news.naver.com/news.nhn?oid=215&aid=0000000002
판교특집 판교청약 Q  A 사계명,if deployPhase local deployPhase dev nhn.rmcnmv.BUILD PHASE dev var videoId 37B4C65D1CDCA8EB7528834555A5FC9FD7C8 var rmcPlayer 37B4C65D1CDCA8EB7528834555A5FC9FD7C8 new nhn.rmcnmv.RMCVideoPlayer 37B4C65D1CDCA8EB7528834555A5FC9FD7C8 V123fab2ce53d38197e39356c8264feec1cbb33efef488e6aefd44db127c6318bb6b6356c8264feec1cbb 0 0 2006 nhn.rmcnmv.RMCVideoPlayer.type.AUTO rmcPlayer 37B4C65D1CDCA8EB7528834555A5FC9FD7C8.properties.autoPlay true rmcPlayer 37B4C65D1CDCA8EB7528834555A5FC9FD7C8.properties.coverImageURL hp imgnews.naver.net image 215 2006 03 24 A200603240004.jpg rmcPlayer 37B4C65D1CDCA8EB7528834555A5FC9FD7C8.properties.skinName tvcast white rmcPlayer 37B4C65D1CDCA8EB7528834555A5FC9FD7C8.properties.hasRelativeMovie true rmcPlayer 37B4C65D1CDCA8EB7528834555A5FC9FD7C8.properties.controlBarMovable true rmcPlayer 37B4C65D1CDCA8EB7528834555A5FC9FD7C8.properties.wmode transparent rmcPlayer 37B4C65D1CDCA8EB7528834555A5FC9FD7C8.displayRMCPlayer 앵커 판교 청약을 앞두고 시청자 여러분께서 가장 궁금해하시는 질문들을 모아 명쾌하게 풀어봤습니다. 리포터 오늘 드디어 판교 입주자 모집공고가 나왔습니다. 이제부터 사실상 판교 입성 레이스가 본격적으로 시작됐다고 할 수 있습니다. 신문을 봐도 방송을 봐도 너무나 어려운 판교 청약. 청약 개시 사흘을 앞두고 청약에 있어 무엇을 유의해야 하는지 짚어봤습니다. 스탠딩 판교 로또라 불리며 온 국민의 뜨거운 관심을 받고 있는 판교. 그동안 수차례 청약제도 손질을 거치면서 더욱 복잡해진 판교 청약을 한국경제TV가 손쉽게 풀어드립니다. 판교청약 이것만은 꼭 알고하자. 시민 인터뷰1 “부적격 당첨자는 상당한 불이익을 본다는데 자격 요건이 맞는지 불안하다.” 시민 인터뷰2 “인터넷 청약만 된다는데 어떻게 해야하는지 혹은 다운되지 않을까 걱정이다.” 시민 인터뷰3 “실제로 모델하우스를 보지 않고 청약하려니 어떤 옵션이 들어가는지 마감재는 어떤 것을 사용했는지 궁금하다. 시민 인터뷰4 “당첨되어도 중도금 등 자금조달이 걱정이다.” 리포터 판교 청약자들이 가장 궁금해하는 직접 들어봤는데요. 그럼 지금부터 판교 청약의 궁금증을 하나 하나 풀어드리겠습니다. 청약자격 점검 “부적격 당첨 피해야” 올해부터 청약 절차 간소화로 당첨후에 주민등록등본과 인감 등 관련 서류 제출이 가능해졌습니다. 하지만 청약이 간편해진 만큼 자격요건 착오로 인한 부적격 당첨 가능성도 어느 때보다 높아진 상황인데요. 부적격 당첨자는 당첨이 무효가 될 뿐만 아니라 청약통장의 재사용 그리고 앞으로 10년간 어떠한 청약도 금지되는 등 상당한 불이익을 받게됩니다. 인터뷰 임도연 우리은행 주택금융사업단 차장 우선 청약 순위를 통장 가입은행에서 확인하고 무주택기간은 대한민국 전자정부에서 초본과 등본을 출력해 산정하시면 된다. 그리고 과거 5년간 당첨여부도 확인도 금융결재원에서 가능하며 무엇보다 본인도 미처 알지 모르는 재건축 조합원 지분이나 3순위 당첨을 보다 세세하게 살펴봐야 한다. 부적격 당첨을 방지하기 위해 자신의 자격 요건 확인은 필수. 그리고 인터넷 청약에 따른 착오도 줄이려면 사전에 모의청약을 통해 철저히 연습하고 모집공고일에 게재된 청약자격별 접수날짜를 꼼꼼하게 확인하는 준비가 필요합니다. 한번의 실수로 판교 입성의 꿈을 포기해야 될지도 모르는 부적격 당첨 조금 귀찮더라도 사전에 챙길 것은 미리 챙겨야겠죠 청약방법 점검 전화 ARS 청약도 가능 인터넷 취약 계층과 거동인 불편한 노약자에 한해 창구 접수를 허용하고 있지만 판교 청약은 원칙적으로 인터넷 청약만 가능합니다. 인터넷 청약을 위해서는 사전에 청약통장 가입은행에 찾아가 인터넷 뱅킹 신청을 해야합니다. 인터넷 뱅킹 신청 후 공인인증서를 해당 은행 홈페이지에서 다운받아 가정이나 직장 컴퓨터에 저장하면 됩니다. 인터뷰 임도연 우리은행 주택금융사업단 차장 폰뱅킹 가입자 한해 일반 청약자까지 전화 ARS로 판교 청약이 가능하다. 폰뱅킹 가입자에 한해 전화 ARS로 판교 청약이 가능하다는데요. 제가 한번 직접 전화 청약을 시도해보겠습니다. 우선 전자금융공동망 전화 ARS 번호인 국번 없이 1369 국민은행 1588 9999 를 누릅니다. 그리고 전화청약 서비스 코드인 5 를 누르고 안내음성 서비스에 따라 차례로 입력하면 됩니다. 인터넷 사용이 힘든 나이 많은 어르신께서는 인터넷보다 전화 청약이 보다 손쉽게 느껴지실텐데요. 하지만 전화 ARS 청약은 사전에 주택관리번호를 확인해야하고 버튼을 잘못 누를 가능성도 커 직접 눈으로 보면서 청약할 수 있는 인터넷 청약이 보다 유용할 것 같습니다. 전화 ARS 청약은 만약을 대비한 팁 정도로만 알아주세요. 청약시 유의사항 옵션 포함 실분양가 염두 평당 분양가 1100만원에 달하는 판교. 작은 물건을 살 때도 직접 눈으로 보고 고르는데 집을 사면서 인터넷과 TV로만 선택해야 하니 많은 분들이 불안해하십니다. 그런 만큼 작은 부분까지 세심하게 확인해야 하는데요. 특히 청약에 앞서 분양가외에도 각 단지별 옵션 품목들은 반드시 살펴봐야 합니다. 각 단지별 옵션 항목을 살펴보면 임대단지의 경우 진원과 모아건설 단지는 화장대와 드레스룸장 그리고 보조주방 가구가 옵션품목이구요. 가전제품도 가스오븐레인지와 욕실 비데가 공통 옵션사항인 가운데 대방과 진원이앤시의 경우 디지털 도어룩도 선택으로 포함되어 있습니다. 분양단지의 경우 대부분 보조주방과 가스오븐레인지가 옵션사항으로 건영의 경우 화장대와 드레스룸장 식기세척기 등 상당부분의 마감재가 옵션품목으로 지정되어 있습니다. 선택사항인 발코니 확장도 청약시 유의해야 합니다. 전 건설사가 발코니 확장을 옵션을 지정했지만 모델하우스에서는 발코니 확장형으로 지어져 확장을 하지 않을 경우 전혀 다른 구조가 나옵니다. 따라서 청약자들은 모델하우스 발코니 확장 구조에 현혹되지 말고 확정 전 구조를 반드시 확인해야 합니다. 분양업체들이 무리해서 분양가를 낮추다보니 추가적으로 옵션 품목이 늘어날 가능성도 큰데요. 그럴 경우 이런 옵션 품목을 감안하면 실제 부담 가격은 분앙가보다 더욱 높아질 수 있어 청약자들의 보다 세심한 주의가 요구되고 있습니다. 당첨후 유의사항 “중도금 등 자금조달 염두” 판교는 로또라 할 만큼 많은 사람의 관심을 끌고 있지만 막상 당첨이 되고 나서도 걱정이 아닐 수 없습니다. 결코 적지 않은 분양가 때문인데요. 판교 청약 전에 계약금과 중도금 그리고 잔금까지 자본조달에 대한 철저한 포토폴리오 구성이 필요합니다. 특히 각 단지별로 중도금 납부시기와 회차 대출금액도 다른 만큼 사전에 반드시 알아둬야 합니다. 일반적으로 계약금은 당첨직후 납부해야 합니다. 분양아파트 6개 단지의 계약금은 분양가의 20%를 한꺼번에 내야 합니다. 임대아파트 역시 계약금이 보증금의 20%지만 4개 단지 모두 10%씩 두 번 나눠 낼 수 있습니다. 중도금은 아파트 공정률에 따라 납부하게 됩니다. 중도금 납부회차는 분양의 경우 6개단지 모두 10%씩 여섯 번 내야 합니다. 반면에 임대의 경우 전체 보증금의 40%로 4개 단지 모두 10%씩 네 번에 걸쳐 분납하면 됩니다. 인터뷰 임도연 우리은행 주택금융사업단 차장 판교의 경우 10년간 전매제한이 있기 때문에 전체 분양가에서 자기자본이 70% 대출이 30%로 잡고 월상환금 역시 월소득의 30%로 구상하는 보수적인 포토폴리오가 필요하다. 결국 추가 비용에 대해 대출을 받아야 하는데요. 일단 분양 업체가 알선해주는 대출을 살펴보겠습니다. 중도금 대출은 단지별로 다소 차이가 있습니다. 중도금 대출은 분양과 임대 모두 분양가 40%로 제한되어 있습니다. 이 가운데 단지별로 회차별 대출이 다르거나 임대의 경우 최대 50%까지 대출을 계획하는 곳도 있어 사전에 철저한 확인이 필요합니다. 이밖에 분양업체의 집단대출외에 당장에 목돈이 필요하거나 장기주택대출이 필요하다면 한국주택금융공사의 모기지론도 한 방법이 될 수 있습니다. 인터뷰 김남혁 한국주택금융공사 유동화사업부 과장 판교는 투기과열지구로 지정되어 있어 담보비율이 40%로 제한 받지만 금융공사의 모기지론은 70%까지 대출이 가능하다. 따라서 당장 목돈이 필요하거나 장기대출을 원한다면 공사의 모기지론도 괜찮을 것이다.,https://sports.news.naver.com/news.nhn?oid=215&aid=0000000003
전화연결금융MA테마 형성되나일제히 급등,if deployPhase local deployPhase dev nhn.rmcnmv.BUILD PHASE dev var videoId 1E0F980F5AAA49E48F0A6ECBEE95D142E009 var rmcPlayer 1E0F980F5AAA49E48F0A6ECBEE95D142E009 new nhn.rmcnmv.RMCVideoPlayer 1E0F980F5AAA49E48F0A6ECBEE95D142E009 V12944cea4567263f5707da0b300a64198f86a26055f5182ec4b2e6fcba02b8211175da0b300a64198f86 0 0 2006 nhn.rmcnmv.RMCVideoPlayer.type.AUTO rmcPlayer 1E0F980F5AAA49E48F0A6ECBEE95D142E009.properties.autoPlay true rmcPlayer 1E0F980F5AAA49E48F0A6ECBEE95D142E009.properties.coverImageURL hp imgnews.naver.net image 215 2006 03 24 A200603240006.jpg rmcPlayer 1E0F980F5AAA49E48F0A6ECBEE95D142E009.properties.skinName tvcast white rmcPlayer 1E0F980F5AAA49E48F0A6ECBEE95D142E009.properties.hasRelativeMovie true rmcPlayer 1E0F980F5AAA49E48F0A6ECBEE95D142E009.properties.controlBarMovable true rmcPlayer 1E0F980F5AAA49E48F0A6ECBEE95D142E009.properties.wmode transparent rmcPlayer 1E0F980F5AAA49E48F0A6ECBEE95D142E009.displayRMCPlayer 앵커 오늘 오후들어 중소형 증권사등 M A테마가 있는 금융주들이 일제히 급등세를 보여 큰 관심을 끌었는데요 현장 취재기자 연결합니다. 기자 오후들어 금융계에 M A테마가 급속히 확산되면서 국민은행 LG카드를 비롯해 중소형 증권사들이 일제히 초강세를 보였습니다. 오후 1시반정도부터 국민은행이 오름폭을 넓혀가면서 시작된 이러한 금융M A테마는 2시부터 LG카드와 중소형 증권사들이 10%남짓 급등하면서 금융계 전반에 걸쳐 강력한 테마를 형성했습니다. 중소형 증권사의 경우 태광그룹으로부터 피 인수설이 돈 서울증권 대주주인 SK네트웍스가 정상화됐긴 했지만 아직 M A가능성이 언제든 잔존해있는 SK증권을 비롯해 대주주인 골든브릿지의 일부 지분 매각 가능성이 제기되고 있는 브릿지증권등 M A재료가 있는 증권사들이 강한 상승세를 시현했습니다. 이들 3개 증권사가 오르자 최근 농협에 인수된 NH증권 최근 주가 낙폭이 상대적으로 컸고 강한 M A의지를 누차 피력한 미래에셋증권등도 동반 강세로 돌아섰습니다. 굿모닝신한의 김신영 연구원은 국민은행의 외환은행 인수로 촉발된 금융 M A테마가 카드업계 증권업계로 확산되고 있다 며 특히 증권사인수를 공개적으로 추진하고 태광그룹이 서울증권을 인수한다는 설은 상당히 설득력이 있다 고 말했습니다.,https://sports.news.naver.com/news.nhn?oid=215&aid=0000000004
판교특집 판교 청약 준비 이렇게직접시연,if deployPhase local deployPhase dev nhn.rmcnmv.BUILD PHASE dev var videoId F9D6A354D662BD84B4316C761ED4AA48485A var rmcPlayer F9D6A354D662BD84B4316C761ED4AA48485A new nhn.rmcnmv.RMCVideoPlayer F9D6A354D662BD84B4316C761ED4AA48485A V1232d628e6f26e9c8244563ac9c3c667cdae390a288274f8eae41dc8f6ce54a9c9fc563ac9c3c667cdae 0 0 2006 nhn.rmcnmv.RMCVideoPlayer.type.AUTO rmcPlayer F9D6A354D662BD84B4316C761ED4AA48485A.properties.autoPlay true rmcPlayer F9D6A354D662BD84B4316C761ED4AA48485A.properties.coverImageURL hp imgnews.naver.net image 215 2006 03 24 A200603240005.jpg rmcPlayer F9D6A354D662BD84B4316C761ED4AA48485A.properties.skinName tvcast white rmcPlayer F9D6A354D662BD84B4316C761ED4AA48485A.properties.hasRelativeMovie true rmcPlayer F9D6A354D662BD84B4316C761ED4AA48485A.properties.controlBarMovable true rmcPlayer F9D6A354D662BD84B4316C761ED4AA48485A.properties.wmode transparent rmcPlayer F9D6A354D662BD84B4316C761ED4AA48485A.displayRMCPlayer 앵커 판교 청약이 눈 앞으로 다가오면서 예비청약자들의 마음도 분주해지고 있는데요. 변화된 청약제도에 맞춰 청약준비도 달라져야 할텐데요. 실제 어떤 준비를 해야하는 지 예비청약자와 함께 점검해 봤습니다. 이주은 기자입니다. 기자 기자오프닝 판교 청약이 이제 초 읽기에 들어갔습니다. 청약이 시작되는 29일부터는 전 과정이 인터넷을 통해 진행되는데요. 마감을 앞두고 허둥대지 않으시려면 사전에 꼼꼼하게 청약준비를 해두셔야 합니다. 실제 청약을 위해서 어떤 것들을 챙겨야 하는지 예비청약자와 함께 준비해 보겠습니다. 나레이션 수차례에 걸친 손질 끝에 오는 29일부터 인터넷을 통해 청약접수가 이뤄질 판교분양. 판교분양은 기존의 동시분양들과는 달리 인터넷을 통해 청약접수를 받게 되며 공급될 주택의 성격에 따라 청약자격 요건도 나뉘어져 있습니다. 따라서 달라진 청약제도에 맞춰 예비청약자들도 준비를 달리 해야 합니다. 청약예비자들은 가장 먼저 자신이 원하는 청약대상주택을 확인하고 자격요건과 청약일정을 점검해야 합니다. 예비청약자와 함께 청약통장을 가입한 은행을 찾아가 봤습니다. 인터뷰 김인은 우리은행PB 팀장 판교청약을 앞두고 은행에 문의가 쇄도하고 있다. 청약통장 전환이나 통장 확인 인터넷 뱅킹 가입에 대한 문의가 많다. 중요한 것은 모집자 공고가 나기전에 사전준비를 끝내야하는 것이다. 나레이션 판교 예비 청약자들의 사전점검이 끝나야하는 시간은 오는 28일. 29일부터 청약이 시작되기 때문에 그 전날인 28일까지 모든 준비를 마쳐야 합니다. 가장 먼저 해야 할 일은 청약통장의 종류를 확인하는 것. 청약통장의 종류와 불입금액에 따라 청약할 수 있는 대상이 달라지기 때문입니다. 인터뷰 김인은 우리은행PB 팀장 청약통장은 크게 저축 예금 부금으로 나뉜다. 이번 판교청약의 경우 저축통장 가입자는 주공분양과 임대 민간 임대에 청약할 수 있고 예금과 부금통장 가입자는 민간 분양아파트에 청약할 수 있다. 나레이션 청약통장 확인이 중요한 이유는 통장의 종류와 납입금액에 따라 청약할 수 있는 대상주택이 달라지기 떄문입니다. 청약통장 전환을 통해 원하는 주택에 신청할 수 있었지만 입주자 모집공고가 발표되는 오늘 24일 부터는 청약통장 전환이 불가능합니다. 따라서 현재까지 자신이 어떤 종류의 청약통장을 가지고 있는지 확인하고 이에 맞춰 청약대상 주택과 청약일정을 점검해 두셔야 합니다. 또 청약순위를 확인해야합니다. 자신의 청약 순위를 모르고 청약했다가 뒤늦게 부적격자로 판명되면 아까운 청약통장만 날릴 수 있습니다. 통장의 종류와 불입금액 여기에 더해 무주택연수 세대주의 연령 등 기본적인 사항과 각종 예외조항 재당첨 금지 관련 내용까지 확인해야 합니다. 인터뷰 김인은 우리은행PB 팀장 이번 판교분양은 인터넷으로 진행되기 때문에 예비청약자들이 또 하나 빠뜨리지 말아야 할 것이 반드시 준비해야할 것이 인터넷 전자공인인증서이다. 나레이션 청약통장 확인과 더불어 사전에 준비해야 할 것이 바로 전자공인인증서. 공인인증서란 일종의 전자 인감증며서로서 온라인상의 금융거래시 거래자의 신원 확인을 위해 사용됩니다. 판교 청약접수를 위해 시중은행들은 노약자 등을 위해 창구접수도 준비하고 있지만 기본적으로 인터넷 청약을 통해 하도록 되어 있습니다. 따라서 이번 판교 청약이 인터넷 상에서 진행되는 만큼 공인인증서는 청약을 위해 반드시 마련해야 하는 필수품입니다. 공인인증서는 금융결제원 한국증권전산 등 국가가 인정하고 있는 공인인증기관에서 발급받을 수 있으며 기존에 인터넷 뱅킹이나 증권거래 등에 사용된 공인인증서도 사용할 수 있습니다. 인터뷰 김인응 우리은행PB팀장 공인인증서 발급은 신분증과 은행통장을 가지고 해당 은행으로 방문해 인터넷뱅킹을 신청하시면 발급받을 수 있다. 나레이션 공인인증서를 발급받는 순서는 먼저 거래은행에서 인터넷 뱅킹 가입을 신청하고 그 때 받은 ID와 P W로 은행 홈페이지에 접속해 인증서 발급란을 통해 다운받으면 됩니다. 인터뷰 김인응 우리은행PB 팀장 공인인증서 발급까지 끝나신 분은 반드시 인터넷 모의 청약을 해 보는 것이 좋다. 인터넷에 생소한 많은 사람들에게 은행 주공 건교부 인터넷 홈페이지에서 청약시연을 해보길 권한다. 나레이션 판교분양에서 첫 선을 보이게 되는 인터넷 청약. 인터넷 청약접수는 주택공사와 통장 가입 은행의 인터넷 사이트를 통해 가능합니다. 신청 가능한 시간은 오전 8시30분부터 오후 6시까지이기 때문에 인터넷 혼잡을 예상해 여유를 두고 신청하는 것이 중요합니다. 불가피하게 인터넷 신청이 어려워진 경우에는 은행과 주택공사 창구에서도 오전 9시30분부터 오후 4시30분까지 서류 접수를 받는단 점도 기억해 두시면 좋습니다. 기자클로징 오랫동안 기다려온 판교 분양이 드디어 카운트 다운에 들어갔습니다. 하지만 무엇보다 중요한 것이 청약 사전 준비일 텐데요. 오늘 함께 해 보시면서 많은 도움을 받으셨으면 합니다. 청약통장 확인부터 공인인증서 발급 순위별 청약일정 확인과 청약접수 방법까지 살펴봤는데요. 이제 눈 앞으로 다가온 판교 청약. 꼼꼼하게 준비하셔서 성공적인 청약이 되시길 바랍니다.,https://sports.news.naver.com/news.nhn?oid=215&aid=0000000005
리포트은행 외국인 독과점 심화,if deployPhase local deployPhase dev nhn.rmcnmv.BUILD PHASE dev var videoId 4C585233298313943BE9D57EAEE98DC604C3 var rmcPlayer 4C585233298313943BE9D57EAEE98DC604C3 new nhn.rmcnmv.RMCVideoPlayer 4C585233298313943BE9D57EAEE98DC604C3 V125179af2782e00db6836192fd3ff83ce0f95c7422499f9acef9f77f5576d148f8056192fd3ff83ce0f9 0 0 2006 nhn.rmcnmv.RMCVideoPlayer.type.AUTO rmcPlayer 4C585233298313943BE9D57EAEE98DC604C3.properties.autoPlay true rmcPlayer 4C585233298313943BE9D57EAEE98DC604C3.properties.coverImageURL hp imgnews.naver.net image 215 2006 03 24 A200603240009.jpg rmcPlayer 4C585233298313943BE9D57EAEE98DC604C3.properties.skinName tvcast white rmcPlayer 4C585233298313943BE9D57EAEE98DC604C3.properties.hasRelativeMovie true rmcPlayer 4C585233298313943BE9D57EAEE98DC604C3.properties.controlBarMovable true rmcPlayer 4C585233298313943BE9D57EAEE98DC604C3.properties.wmode transparent rmcPlayer 4C585233298313943BE9D57EAEE98DC604C3.displayRMCPlayer 앵커 국민은행의 외환은행 인수에 따라 국내 금융시장의 외국자본 편중이 더욱 심화될 것으로 예상되고 있습니다. 박 재성 기자입니다. 기자 국민은행에 인수되는 외환은행의 외국인 지분은 74%. 국민은행이 이를 인수하는 자금도 상당 부분 해외 투자자로부터 조달될 가능성이 큽니다. 6조 4천억원에 이르는 인수자금 가운데 4조 3천억원은 자체 자금으로 활용하지만 나머지 자금은 외국 투자자들의 컨소시엄 형태로 유치한다는 구상입니다. 대표적인 국내 자본인 국민연금이나 농협이 국민은행과는 손잡지 않겠다고 밝히고 있어 해외 자본을 끌어들일 가능성이 큽니다. 국민은행 84.65%를 비롯해 우리은행을 제외한 주요 은행의 외국인 지분율은 절반을 훌쩍 뛰어 넘고 있습니다. 금융감독원에 따르면 지난해 시중은행의 당기 순이익은 13조 4천억원. 한 해 전 배당성향을 적용할 경우 예상배당금 2조원에서 60%에 달하는 1조 2천억원이 외국인 투자자들 손에 넘어갈 것으로 보입니다. 하지만 은행들의 막대한 이익이 기업 회생과 경기 회복으로 출자 자산의 가치가 상승한 덕분이라는 것을 감안할 때 무임승차라는 시각도 적지 않습니다. 더욱이 외국자본 진출 이후 단기 수익성만을 중시하는 성과주의가 심화되고 있어 외국인 지분 확대가 이 같은 경향을 더욱 가속화시키지 않을까 우려를 낳고 있습니다. 와우티브이 뉴스 박 재성입니다.,https://sports.news.naver.com/news.nhn?oid=215&aid=0000000006
리포트 LG카드 인수 독과점 문제 발생,if deployPhase local deployPhase dev nhn.rmcnmv.BUILD PHASE dev var videoId 7FCAFC851E33B93C2EA3F814C1ADE567F0A8 var rmcPlayer 7FCAFC851E33B93C2EA3F814C1ADE567F0A8 new nhn.rmcnmv.RMCVideoPlayer 7FCAFC851E33B93C2EA3F814C1ADE567F0A8 V1275899678229a6c50fc0328480b6bc94a0b5eb9e21266294f8658bbcbc96ee757650328480b6bc94a0b 0 0 2006 nhn.rmcnmv.RMCVideoPlayer.type.AUTO rmcPlayer 7FCAFC851E33B93C2EA3F814C1ADE567F0A8.properties.autoPlay true rmcPlayer 7FCAFC851E33B93C2EA3F814C1ADE567F0A8.properties.coverImageURL hp imgnews.naver.net image 215 2006 03 24 A200603240008.jpg rmcPlayer 7FCAFC851E33B93C2EA3F814C1ADE567F0A8.properties.skinName tvcast white rmcPlayer 7FCAFC851E33B93C2EA3F814C1ADE567F0A8.properties.hasRelativeMovie true rmcPlayer 7FCAFC851E33B93C2EA3F814C1ADE567F0A8.properties.controlBarMovable true rmcPlayer 7FCAFC851E33B93C2EA3F814C1ADE567F0A8.properties.wmode transparent rmcPlayer 7FCAFC851E33B93C2EA3F814C1ADE567F0A8.displayRMCPlayer 앵커 국민은행이 외환은행 우선협상자로 선정돼면서 LG카드 인수전으로 새롭게 부각하고 있습니다. 하지만 인수 후보군으로 나서겠다는 금융지주사들이 LG카드를 인수할 경우 국민은행과 더불어 독과점 문제가 불거질 것으로 보여 논란이 예상됩니다. 양재준 기자가 취재했습니다. 기자 국민은행이 외환은행 인수 우선협상 대상자로 선정됨에 따라 LG카드 인수전이 더욱 치열하게 전개될 전망입니다. S 금융지주사 LG카드 인수시 독과점 하지만 우리금융과 신한지주 그리고 외환은행 인수에 실패한 하나금융이 LG카드 인수에 성공할 경우 독과점 문제가 발생할 것으로 예상됩니다. 국민은행의 외환은행 인수가 확정될 경우 국민카드 KB BC카드부문과 외환은행 카드부문의 시장점유율은 24%를 넘어섭니다. 우리은행의 카드부문 시장점유율은 4% 신한지주의 카드부문 시장점유율은 조흥BC부문과 자회사 신한카드는 각각 5%에 이릅니다. 지난해 말 기준으로 LG카드의 시장점유율은 15.7% 국민은행BC와 조흥은행BC를 제외한 BC카드의 시장점유율은 20% 수준입니다. 신한지주가 LG카드를 인수할 경우 총 시장점유율은 26%를 넘어서 외환은행을 인수를 추진하는 국민은행과 BC카드의 시장점유율 71%를 넘게 됩니다. S 상위 3사 M S 70% 독과점 발생 공정거래위원회의 시장지배적 기업결합 기준에 있어 경쟁제한 추정요건에서 상위 3사의 시장점유율이 70%를 넘는 독과점 문제가 발생할 수 있게 됩니다. S 우리.하나 인수시에도 문제 발생 우리금융과 하나금융이 LG카드 인수에 성공할 경우 상위 3개사의 시장점유율이 70%에 육박할 가능성이 높아 인수후 향후 성장 전략에도 문제가 불거질 전망입니다. 결국 이로 인해 후보로 나선 3개 금융지주사들이 LG카드 인수에 성공하더라도 독과점 문제가 향후 독과점 문제는 논란의 여지를 남길 가능성이 높습니다. 편집 남정민 또 보고펀드로 지분 매각을 추진하고 있는 BC카드의 경우 향후 은행과의 공동 프로모션 등 영업전략에도 영향을 미칠 가능성이 있게 됩니다. 와우티브이뉴스 양재준입니다.,https://sports.news.naver.com/news.nhn?oid=215&aid=0000000007
리포트 국민하나외환 분위기 3인3색,if deployPhase local deployPhase dev nhn.rmcnmv.BUILD PHASE dev var videoId 475BCE6554DFD4DBF7AA57707F7CE007402B var rmcPlayer 475BCE6554DFD4DBF7AA57707F7CE007402B new nhn.rmcnmv.RMCVideoPlayer 475BCE6554DFD4DBF7AA57707F7CE007402B V123318255a68ded7b0928e3dca350f2133c4d31acc9edc13b67a53f17a0d4c5b5a288e3dca350f2133c4 0 0 2006 nhn.rmcnmv.RMCVideoPlayer.type.AUTO rmcPlayer 475BCE6554DFD4DBF7AA57707F7CE007402B.properties.autoPlay true rmcPlayer 475BCE6554DFD4DBF7AA57707F7CE007402B.properties.coverImageURL hp imgnews.naver.net image 215 2006 03 24 A200603240010.jpg rmcPlayer 475BCE6554DFD4DBF7AA57707F7CE007402B.properties.skinName tvcast white rmcPlayer 475BCE6554DFD4DBF7AA57707F7CE007402B.properties.hasRelativeMovie true rmcPlayer 475BCE6554DFD4DBF7AA57707F7CE007402B.properties.controlBarMovable true rmcPlayer 475BCE6554DFD4DBF7AA57707F7CE007402B.properties.wmode transparent rmcPlayer 475BCE6554DFD4DBF7AA57707F7CE007402B.displayRMCPlayer 앵커 외환은행 인수를 위한 우선협상대상자로 국민은행이 확정됐습니다. 인수를 둘러싸고 치열한 경쟁을 벌였던 국민은행과 하나금융 인수대상인 외환은행의 희비가 교차하고 있습니다. 최진욱 기자입니다. 기자 론스타가 국민은행을 외환은행 우선협상대상자로 선정한 가운데 국민은행과 하나금융지주는 오늘 주주총회를 각각 개최했습니다. 그러나 오전 10시부터 동시에 시작된 주주총회 분위기는 판이하게 달랐습니다. 국민은행은 1시간여에 걸쳐 상임이사와 사외이사를 선임하고 중간배당을 신설하는등 시종일관 화기애애한 분위기를 연출했습니다. S1 국민은행 인수전 승리로 싱글벙글 외환은행 인수와 관련된 직접적인 언급은 없었지만 경영진과 주주 모두 외환은행 인수에 성공했다는 뿌듯함을 감추지 않았습니다. 반면 하나금융의 제1기 주총 분위기는 외환은행 인수전에서 밀렸다는 침통함으로 가득찼습니다. S2 김승유회장 실패 대안 적극 검토 김승유 회장은 인사말을 통해 외환은행 실패에 따른 대안을 적극 검토하겠다. 며 아쉬움을 감추지 못하기도 했습니다. 시작 38분만에 일사천리로 주총을 끝낸 하나금융의 실무부서는 다음주부터 시작될 LG카드 인수전에 주목하는 분위기가 역력했습니다. S3 외환 임직원 불안과 탄식 이어져 한편 인수자가 결정된 외환은행은 겉으로는 평소와 다름없는 모습이지만 임직원들의 불안이 탄식으로 이어지고 있습니다. 대내외 업무와 행사를 예정대로 치룰 계획이지만 직원들은 그동안 고용불안에도 불구하고 땀흘려 일한 보람이 없다는 반응입니다. S4 노조 합병반대투쟁 본격 돌입 특히 노조는 이같은 직원들의 정서를 반영해 오늘부터 투쟁상황실을 설치하고 투쟁기금 모금에 들어가면서 합병반대 의사를 굽히지 않고 있습니다. S5 영상취재 채상균 영상편집 이주환 5개월여간의 인수레이스가 마무리 단계로 접어들면서 국민은행과 하나금융 외환은행의 희비가 교차되고 있습니다. 와우TV뉴스 최진욱입니다.,https://sports.news.naver.com/news.nhn?oid=215&aid=0000000008
리포트론스타 세금 못내,if deployPhase local deployPhase dev nhn.rmcnmv.BUILD PHASE dev var videoId B8646893AA8D56D5044D638F7636A85413B8 var rmcPlayer B8646893AA8D56D5044D638F7636A85413B8 new nhn.rmcnmv.RMCVideoPlayer B8646893AA8D56D5044D638F7636A85413B8 V128103037302c2605d509d6a553fbf3dd2bf30fdc76f996cd3bcd720552250fa435f9d6a553fbf3dd2bf 0 0 2006 nhn.rmcnmv.RMCVideoPlayer.type.AUTO rmcPlayer B8646893AA8D56D5044D638F7636A85413B8.properties.autoPlay true rmcPlayer B8646893AA8D56D5044D638F7636A85413B8.properties.coverImageURL hp imgnews.naver.net image 215 2006 03 24 A200603240011.jpg rmcPlayer B8646893AA8D56D5044D638F7636A85413B8.properties.skinName tvcast white rmcPlayer B8646893AA8D56D5044D638F7636A85413B8.properties.hasRelativeMovie true rmcPlayer B8646893AA8D56D5044D638F7636A85413B8.properties.controlBarMovable true rmcPlayer B8646893AA8D56D5044D638F7636A85413B8.properties.wmode transparent rmcPlayer B8646893AA8D56D5044D638F7636A85413B8.displayRMCPlayer 앵커 론스타가 지난해 스타타워빌딩의 매각차익분 3천억원에 대한 세금 납부를 거부하고 있습니다. 이에 론스타가 소유한 외환은행 주식 압류 가능성이 나오고 있습니다. 보도에 유미혜 기자입니다. 기자 외환은행 매각으로 4조5천억원의 시세차익이 예상되는 론스타. 하지만 지난해 세금조차 못내겠다고 버티고 있습니다. 론스타가 지난해 역삼동 스타타워 빌딩을 팔면서 얻는 차익은 3천억원. 이에대해 국세청은 1천4백억원의 세금을 부과했습니다. 하지만 론스타는 국세청의 추징금 납부를 거부하며 심판청구 를 국세심판원에 냈습니다. 당시 빌딩을 사는 돈이 벨기에에서 들어왔기 때문에 이중과세 방지 협정상 우리나라에는 세금을 내지 않아도 된다는 것입니다. 론스타가 세무서나 국세청에 이의신청을 하지 않고 국세심판원을 선택한 것은 세금을 절대 낼수 없다는 강경한 입장으로 보여집니다. 이에 정부가 론스타를 압박할 가능성이 커지고 있습니다. 론스타가 소유한 외환은행 주식의 압류를 검토할 수 있다는 말까지 나오고 있습니다. 국세청은 외환은행 주식압류에 대해 공식적으로는 부인하고 있지만 다각적인 검토 작업을 벌이고 있습니다. 한푼의 세금도 낼 수 없다는 론스타. 국세청과 론스타의 불꽃튀는 법정공방이 예고되고 있습니다. 와우 tv뉴스 유미혜입니다.,https://sports.news.naver.com/news.nhn?oid=215&aid=0000000009
리포트 금융주 약세장 투자대안,if deployPhase local deployPhase dev nhn.rmcnmv.BUILD PHASE dev var videoId 60A884A41DD2FDEA2A030020A7AC1E140ABC var rmcPlayer 60A884A41DD2FDEA2A030020A7AC1E140ABC new nhn.rmcnmv.RMCVideoPlayer 60A884A41DD2FDEA2A030020A7AC1E140ABC V1282e7568cf23e4b01a890e83537feddef64d164f9eb92d23060ac722c43aa1a8a1290e83537feddef64 0 0 2006 nhn.rmcnmv.RMCVideoPlayer.type.AUTO rmcPlayer 60A884A41DD2FDEA2A030020A7AC1E140ABC.properties.autoPlay true rmcPlayer 60A884A41DD2FDEA2A030020A7AC1E140ABC.properties.coverImageURL hp imgnews.naver.net image 215 2006 03 24 A200603240013.jpg rmcPlayer 60A884A41DD2FDEA2A030020A7AC1E140ABC.properties.skinName tvcast white rmcPlayer 60A884A41DD2FDEA2A030020A7AC1E140ABC.properties.hasRelativeMovie true rmcPlayer 60A884A41DD2FDEA2A030020A7AC1E140ABC.properties.controlBarMovable true rmcPlayer 60A884A41DD2FDEA2A030020A7AC1E140ABC.properties.wmode transparent rmcPlayer 60A884A41DD2FDEA2A030020A7AC1E140ABC.displayRMCPlayer 앵커 증시의 저점 확인이 불투명하지만 M A 재료를 보유한 금융주는 강세를 보이고 있습니다. 조정장세의 투자 대안으로 떠오른 금융주 전망을 차희건 기자가 보도합니다. 기자 코스피지수가 1300선 지지 위한 힘겨운 흐름이 이어지고 있지만 은행주는 상대적 강세를 보이고 있습니다. 국민은행의 외환은행 인수가 호재로 작용하며 은행업종지수는 최근 사흘간 초과수익률을 기록하고 있습니다. 외국인 투자가들도 금융주로 매수를 집중시키며 관심이 높아지고 있습니다. 노무라증권은 불확실한 금리 전망하에서 M A 테마가 살아있는 금융주 매수가 유리하다고 조언했습니다. 외환은행과 LG카드가 인수합병 재료를 보유하고 있는데 LG카드가 우호적인 수익이 기대된다며 목표가 5만8000원에 매수의견 을 유지했습니다. 맥쿼리증권은 LG카드의 자산가치 향상과 내수 회복을 고려해 시장수익률상회 의견과 목표가 6만2000원을 제시했습니다. 외환은행인수가 진행중인 국민은행도 국내외 증권사들의 목표가 상향이 이어지고 있습니다. 전문가들은 미국 FOMC 금리결정을 앞둔 시점에서 상대적으로 금리 변화에 유리한 금융주 투자가 유리하다는 입장입니다. 삼성전자 등 IT기술주의 업황부진이 가시화되면서 장기추세를 이탈하는 것도 금융주로 매기를 집중시키는 요인으로 보입니다. 그러나 금융주의 상대적 강세도 1300선이 지켜질 경우에나 가능할 것이라며 철저한 위험관리가 필요하다는 지적입니다. 와우티브이뉴스 차희건 입니다.,https://sports.news.naver.com/news.nhn?oid=215&aid=0000000010
리포트 다음주 증시 FOMC 주목,if deployPhase local deployPhase dev nhn.rmcnmv.BUILD PHASE dev var videoId F134E6C32BD8A44F5E005CAA732847BA922E var rmcPlayer F134E6C32BD8A44F5E005CAA732847BA922E new nhn.rmcnmv.RMCVideoPlayer F134E6C32BD8A44F5E005CAA732847BA922E V1266bfccc25d48410ccb909de1f3d56a1de79276df8f75a8304bd3d401467301e50b909de1f3d56a1de7 0 0 2006 nhn.rmcnmv.RMCVideoPlayer.type.AUTO rmcPlayer F134E6C32BD8A44F5E005CAA732847BA922E.properties.autoPlay true rmcPlayer F134E6C32BD8A44F5E005CAA732847BA922E.properties.coverImageURL hp imgnews.naver.net image 215 2006 03 24 A200603240014.jpg rmcPlayer F134E6C32BD8A44F5E005CAA732847BA922E.properties.skinName tvcast white rmcPlayer F134E6C32BD8A44F5E005CAA732847BA922E.properties.hasRelativeMovie true rmcPlayer F134E6C32BD8A44F5E005CAA732847BA922E.properties.controlBarMovable true rmcPlayer F134E6C32BD8A44F5E005CAA732847BA922E.properties.wmode transparent rmcPlayer F134E6C32BD8A44F5E005CAA732847BA922E.displayRMCPlayer 앵커 다음주 증시는 미국 연방공개시장위원회 FOMC 회의와 국내 경제지표 발표에 따라 향방이 갈릴 전망입니다. 보도에 이준호 기자입니다. 기자 한주동안 방향성을 찾지 못한채 1 300선 부근에서 맴돌던 증시가 다음주에는 활기를 찾을 것으로 보입니다. 3월 마지막주는 시장의 향방을 가늠할 수 있는 굵직한 사안들이 즐비하게 늘어서 있기 때문입니다. S 미 FOMC 회의결과 최고 관심사 시장의 최고 관심사는 오는 28일로 예정된 미국 연방공개시장위원회 FOMC 회의결과에 몰려있습니다. 미국의 정책금리 인상이 확실시 되고 있는 상황에서 향후 금리정책에 대한 FOMC의 입장이 큰 변수로 작용할 전망입니다. CG FOMC 국내증시 영향 밴 버냉키 FOMC의장이 금리인상을 상반기중으로 마무리할 것이라는 언급을 할 경우 국내 증시가 반등할 수 있는 계기가 될 것으로 보입니다. 국내에서는 산업활동과 서비스업활동 동향 등 경제지표 수준이 관심을 모으고 있습니다. S 경제지표 긍정적 요인 작용 전망 전문가들은 두 지표 모두 예상에 부합하는 수준으로 전망되기 때문에 시장에 긍정적인 요인으로 작용할 것이라고 내다봤습니다. CG 증권사 다음주 전망 한화증권은 각종 변수에 따라 시장이 반응을 하겠지만 4월 증시에 대한 기대감도 한몫하며 완만한 반등시도가 나타날 것이라고 분석했습니다. 메리츠증권도 1 300선에 대한 시장의 지지력은 여전히 유효하기 때문에 환율에 따른 실적 리스크가 적은 은행과 철강 건설주에 관심을 가지라고 조언했습니다. 국내외 주요 변수들을 한꺼번에 맞이하게 될 다음주 증시가 본격적인 방향성을 모색할 수 있는 계기가 될 지 주목됩니다. 와우티비뉴스 이준호입니다.,https://sports.news.naver.com/news.nhn?oid=215&aid=0000000011
리포트 프로그램 매수 우위 기대,,https://sports.news.naver.com/news.nhn?oid=215&aid=0000000012
리포트 게임업계 코스닥 진출 난항,,https://sports.news.naver.com/news.nhn?oid=215&aid=0000000013
리포트11개 유망서비스 집중 지원,,https://sports.news.naver.com/news.nhn?oid=215&aid=0000000014
리포트국민연금 코스닥펀드 시동,,https://sports.news.naver.com/news.nhn?oid=215&aid=0000000015
리포트 국민은행 상승추세 강화,,https://sports.news.naver.com/news.nhn?oid=215&aid=0000000016
라이벌탐방 PDP강국을 이끈다 삼성SDI vs LG전자,if deployPhase local deployPhase dev nhn.rmcnmv.BUILD PHASE dev var videoId BE7490B9CCE24D38E46E4B6D6BC3C94C8641 var rmcPlayer BE7490B9CCE24D38E46E4B6D6BC3C94C8641 new nhn.rmcnmv.RMCVideoPlayer BE7490B9CCE24D38E46E4B6D6BC3C94C8641 V12523f8823223157951926ae0e820ef3dc327729c08f4fb90ed8672ed57608eab78b26ae0e820ef3dc32 0 0 2006 nhn.rmcnmv.RMCVideoPlayer.type.AUTO rmcPlayer BE7490B9CCE24D38E46E4B6D6BC3C94C8641.properties.autoPlay true rmcPlayer BE7490B9CCE24D38E46E4B6D6BC3C94C8641.properties.coverImageURL hp imgnews.naver.net image 215 2006 03 27 A200603270001.jpg rmcPlayer BE7490B9CCE24D38E46E4B6D6BC3C94C8641.properties.skinName tvcast white rmcPlayer BE7490B9CCE24D38E46E4B6D6BC3C94C8641.properties.hasRelativeMovie true rmcPlayer BE7490B9CCE24D38E46E4B6D6BC3C94C8641.properties.controlBarMovable true rmcPlayer BE7490B9CCE24D38E46E4B6D6BC3C94C8641.properties.wmode transparent rmcPlayer BE7490B9CCE24D38E46E4B6D6BC3C94C8641.displayRMCPlayer 앵커 매주 월요일 라이벌 관계에 있는 두 기업을 집중 조명해 보는 기획취재 라이벌 탐방 시간입니다. 세계 디스플레이 시장 특히 대형 TV 시장에서 PDP의 영향력은 점점 그 수위를 높여가고 있습니다. 그러한 PDP 시장에서 치열한 경쟁을 펼쳐나가고 있는 우리 두 기업을 소개합니다. 바로 삼성SDI와 LG전자인데요 조성진 기자와 함께 하겠습니다. 우선 세계 PDP 업계에서 두 회사의 위상을 먼저 살펴볼까요 기자 지난해 기준으로 세계 PDP 패널 시장 규모는 720만대 규모였습니다. 그 가운데서 삼성SDI가 점유율 30.1%로 1위 LG전자가 26.8%로 2위를 차지했습니다. 일본 마쓰시타가 24.7%의 점유율로 뒤를 이어 3위에 올라 있습니다. 이처럼 삼성SDI와 LG전자가 PDP 업계의 강자로 등극한 것은 사업을 시작한 지 불과 얼마 되지 않아서부터입니다. 2001년부터 나란히 국내에서 PDP 패널의 양산을 시작한 두 업체는 꾸준히 경쟁력을 키워왔습니다. 연도별 점유율을 살펴보면 2003년에는 후지쓰와 히타치의 합작사인 FHP가 1위 24% 삼성SDI가 2위 21% 파이오니아가 3위 18% LG전자와 마쓰시타가 공동 4위 17% 의 순서였습니다. 그러던 것이 2004년에 들어서면서 삼성SDI와 LG전자가 나란히 1 2위 27% 23% 를 차지하면서 한국을 세계 PDP업계의 강국으로 올려놓았습니다. 앵커 두 업체가 이처럼 세계 PDP 업계의 강자로 등극하게 된 배경에는 어떤 것이 있을까요 기자 역시 앞선 기술력을 들 수 있겠습니다. 기술 경쟁력의 척도로 삼을 수 있는 것이 바로 패널의 크기입니다. 그런 측면에서 삼성SDI는 2004년 말에 세계 최초로 마의 100인치 벽을 뛰어넘은 102인치를 개발했습니다. 이어 LG전자도 지난해 같은 크기 제품을 선보였습니다. 현재 세계에서 가장 큰 PDP는 마쓰시타가 최근 내놓은 103인치입니다. 그러나 마쓰시타의 103인치는 화질 면에서 아직도 국내 업체들을 따라올 수 없다는 것이 업계의 대다수 의견입니다. 결국 기술력의 척도인 패널의 크기 면에서 삼성SDI와 LG전자의 독자적인 기술력은 세계 최고 수준이라고 해도 과언이 아닐 것입니다. 앵커 PDP 패널의 가격 하락 속도가 매우 빠르기 때문에 이를 따라잡기 위한 원가 절감 기술도 매우 중요할 것으로 보이는데요. 기자 맞습니다. 그런 차원에서 두 회사는 다면취 기술과 싱글스캔 기술 등 원가절감 기술을 일찌감치 도입했습니다. 다면취 기술이라는 것은 PDP 패널을 생산하는 유리 기판 한 장에서 몇 장을 생산해 낼 수 있는 것인가 하는 것입니다. 일본 업체들이 2001년 세계에서 가장 먼저 2면취를 도입했지만 삼성SDI가 이를 발전시켜 2003년 12월 3면취를 세계에서 가장 먼저 개발했습니다. 2004년 삼성SDI는 42인치 4면취 기술과 50인치 4면취 기술을 역시 세계에서 가장 먼저 개발했습니다. 현재 삼성SDI는 모든 공정에 4면취 기술을 적용하고 있으며 올해부터는 6면취 기술을 적용해 원가경쟁력 확보와 효율성 증대에 나설 계획입니다. LG전자 역시 2004년 6월 세계 최초로 개발한 싱글스캔 기술을 통해 원가 절감에 성공했습니다. 다면취 기술 역시 발빠르게 받아들여 현재는 6면취 기술을 공정에 도입하고 있습니다. LG전자는 오는 3분기 8면취를 도입하고 신구동기술과 신파형기술 등의 신기술을 통해 지속적인 원가경쟁력 확보에 주력한다는 방침입니다. 앵커 현재의 경쟁구도에서 앞서 나가기 위해 이 두 업체 모두 활발한 증설 경쟁을 벌이고 있죠 기자 네 현재 삼성SDI가 라인을 풀가동했을 때 생산 가능한 양은 월 29만장 수준입니다. 현재 추진하고 있는 3라인 6면취 전환이 완료되면 생산 가능량은 월 36만장 수준으로 늘어납니다. 내년 상반기 가동을 목표로 하고 있는 4라인까지 양산에 들어갈 경우 월 최대생산량은 60만장까지 늘어납니다. 이처럼 적극적인 투자를 통해 삼성SDI는 세계 1위 자리를 놓치지 않는다는 복안입니다. LG전자 역시 세계 선두 자리를 빼앗기 위해 공격적 투자에 나서고 있습니다. LG전자는 이미 지난해 말 구미 공장에 PDP A3라인을 완공해 최대 생산량을 25만장 수준까지 끌어올린 상태입니다. 또한 추가 투자를 통해 올해 말에는 최대생산량을 55만장까지 끌어올릴 계획입니다. 여기서 한발 더 나아가 3단계 투자가 완료되는 2007년에는 73만장 수준까지 생산량을 확대해 명실상부한 세계 1위 자리에 오르겠다는 목표입니다. 앵커 생산량 경쟁이 상당히 공격적으로 진행되고 있는 양상입니다. 그렇다면 향후 PDP 시장은 얼마나 더 확장될 것이지 그리고 이러한 경쟁 속에서 어떤 회사가 주도권을 잡게 될 지 전망을 좀 해 주시죠.기자 앞서 말씀드린 것처럼 지난해 720만대 규모였던 PDP 시장은 올해 66.7% 성장한 1200만대에 이를 것으로 예상됩니다. 이어 내년에는 1700만대 수준까지 급성장을 이어갈 전망입니다. 이런 가운데 단순히 생산량 증설 경쟁에서만 놓고 본다면 LG전자가 다소 공격적으로 나서고 있는 것으로 판단할 수 있습니다. 하지만 삼성SDI 역시 PDP 시장의 확대 추이를 봐 가면서 언제든 증설 경쟁에 뛰어들 채비를 갖추고 있다는 점에서 어디가 앞설 것이라는 것을 쉽게 판단하긴 어려울 것 같습니다. 여기에다 더해 두 업체는 나란히 양적인 성장을 넘어 PDP의 질적인 면에서도 동반 성장을 꾀하고 있습니다. 이에 대해 두 회사 관계자들의 인터뷰 들어보시겠습니다. 인터뷰 심임수 삼성SDI 부사장 수치로 나타나지 않는 봤을 때 아주 편안하고 자연스런 화질을 요구하게 됩니다. 그런 쪽으로 PDP는 성능개발이 되어 갈 것이고 우리는 이미 그 부분을 시작했습니다. 시청자들이 보기에 더욱 편안한 화질의 제품이 나올 것으로 확신합니다. 인터뷰 윤상한 LG전자 부사장 새로운 공법을 추구하고 품질을 혁신해서 얼마나 고객의 요구 수준에 맞는 품질과 가격을 맞추느냐 하는 것이 관건입니다. 이제 저희들은 양으로는 세계 1등을 할 준비가 되어 있습니다. 질로서도 1등을 하기 위해 R D에 주야 노력을 하고 있습니다. 이처럼 향후 얼마나 자연에 가까운 화질을 만들어 내느냐 하는 것이 향후 두 회사의 경쟁구도에 중요한 요소로 떠오를 전망입니다. 외부변수도 있습니다. 이 두 회사의 경쟁관계에 가장 큰 외부 변수를 든다면 일본 마쓰시타를 들 수 있겠습니다. 마쓰시타는 지난해 말 월 30만장 수준의 생산 캐파를 올해 월 50만장까지 끌어올림으로써 PDP 1위만은 한국에 내줄 수 없다는 의지를 강하게 표명하고 있어 두 회사의 경쟁에 변수로 등장하고 있습니다. 또 하나의 외부 변수는 역시 LCD와의 경쟁 관계입니다. 삼성전자와 LG필립스LCD 등 LCD 선두업체들이 워낙 공격적인 투자를 지속하고 있어 PDP업계에 영향을 줄 수 있을 것으로 전망됩니다. 결론적으로 대형 TV 시장이 급격히 성장하고 있는 것을 감안하면 결국 PDP 분야에서는 그에 맞는 생산규모를 갖추는 것과 원가경쟁력 감성 화질 확보가 시장 주도권 장악을 위한 필수 조건입니다. 그런 면에서 삼성SDI와 LG전자의 공격적인 투자를 통한 선두경쟁은 앞으로도 꾸준히 이어질 전망입니다.,https://sports.news.naver.com/news.nhn?oid=215&aid=0000000017
동부일렉 4분기 흑자전환,if deployPhase local deployPhase dev nhn.rmcnmv.BUILD PHASE dev var videoId C6AE070A88571B1FC2789FB08910C620C326 var rmcPlayer C6AE070A88571B1FC2789FB08910C620C326 new nhn.rmcnmv.RMCVideoPlayer C6AE070A88571B1FC2789FB08910C620C326 V1220f23571bf07e95ca20be2d131bfa363c33c09772a8154f40e18b45c19e97685920be2d131bfa363c3 0 0 2006 nhn.rmcnmv.RMCVideoPlayer.type.AUTO rmcPlayer C6AE070A88571B1FC2789FB08910C620C326.properties.autoPlay true rmcPlayer C6AE070A88571B1FC2789FB08910C620C326.properties.coverImageURL hp imgnews.naver.net image 215 2006 03 27 A200603270002.jpg rmcPlayer C6AE070A88571B1FC2789FB08910C620C326.properties.skinName tvcast white rmcPlayer C6AE070A88571B1FC2789FB08910C620C326.properties.hasRelativeMovie true rmcPlayer C6AE070A88571B1FC2789FB08910C620C326.properties.controlBarMovable true rmcPlayer C6AE070A88571B1FC2789FB08910C620C326.properties.wmode transparent rmcPlayer C6AE070A88571B1FC2789FB08910C620C326.displayRMCPlayer 앵커 동부아남반도체가 사명을 동부일렉트로닉스로 바꾸고 세계적인 반도체 전문기업으로 도약할 것을 선포했습니다. 한정원 기자가 보도합니다. 기자 동부아남반도체가 동부일렉트로닉스라는 새 이름과 함께 다시 태어납니다. 동부일렉트로닉스는 철저한 고객 중심의 마케팅으로 오는 4분기에는 흑자전환을 달성하겠다고 선언했습니다. S 팹리스 인수 검토 오영환 사장은 성장동력 확보를 위해 기술력이 뛰어난 팹리스 반도체 설계회사를 인수하거나 전략적 제휴를 추진하는 등 여러 방안을 검토하고 있다고 밝혔습니다. 인터뷰 오영환 동부일렉 사장 파운드리만 해서는 손익구조 개선하면서 성장하기 어렵다고 볼 수 있을 것. 사업모델 개선 확장 계획.. 웨이퍼만 가공하던 단순 사업모델에서 벗어나 고객인 팹리스 업체와 협력을 통해 사업모델을 확장하겠다는 전략입니다. 동부일렉은 최근 2500억원 규모의 유상증자로 재무구조 개선을 마무리하는 등 준비를 마친 만큼 이제는 발전하는 일만 남았다고 자신했습니다. 인터뷰 오영환 동부일렉 사장 유상증자 통해 재무구조 개선 성공 기초체력 다지는 일 마쳤다. 지금은 어렵지만 미래는 밝다. 올 매출 60% 증가 예상.. 오 사장은 올해 매출이 지난해보다 60% 이상 크게 늘고내년에는 연간 흑자를 달성할 것으로 내다봤습니다. 라인증설에 1500억원을 투자해 웨이퍼 생산능력을 작년 6만장에서 올해 7만장으로 늘리겠다는 동부일렉은 300mm 웨이퍼 생산도 준비하고 있다고 밝혔습니다. 와우TV뉴스 한정원 입니다.,https://sports.news.naver.com/news.nhn?oid=215&aid=0000000018
검찰 현대차 수사 본격화,,https://sports.news.naver.com/news.nhn?oid=215&aid=0000000019
