mk포토 한국모델협회 월례회 선남 선녀 다모였네,14일 올림픽 컨트리클럽에서 사단법인 한국모델협회 회장 양의식 골프 정기 월례회가 열렸다. 이날 한국모델협회 골프 정기 월례회에는 김산화 단장과 모델 이화선 조향기 오미란 차선린 이선진 김태연 김효진 강신 이창걸 성휘 고형종 등이 참석했다. 한국모델협회 골프 정기 월례회에 참석한 모델들이 포즈를 취하고 있다.,https://sports.news.naver.com/news.nhn?oid=410&aid=0000000002
넥센 2연승 이끈 박병호 ‘4번 타자는 달랐다’ mk화보,4번 타자는 달랐다. 박병호가 다시 한번 존재감을 알렸다. 박병호는 13일 목동 구장에서 벌어진 2012 팔도 프로야구 KIA와의 홈경기에서 5 5 동점이던 9회말 끝내기 안타를 터트려 팀을 승리로 이끌었다. 넥센은 28승 1무 24패를 기록하며 LG와 함께 공동 2위로 올라섰다. 반면 넥센에 덜미를 잡힌 KIA는 27패 22승 2무 를 기록 시즌 3연패 늪에 빠졌다. 초반 양 팀은 쫓고 쫓기는 경기를 펼쳤다. 5점씩을 뽑은 두 팀은 9회까지 팽팽한 균형을 이어갔다. 균형이 깨진 건 9회말. 1사 후 이택근이 2루타를 때려 출루했다. 이때 타석에 들어선 박병호는 상대투수 박지훈의 2구째 공을 가볍게 받아쳐 좌익선상을 빠져나가는 끝내기 안타를 만들어냈다. 경기 후 박병호는 “팀이 승리해서 무척 기분이 좋다. 생각이 많은 게 문제였는데 오늘을 계기로 잡다한 생각을 버리겠다”라며 “최근 4번 타자로서 신뢰감을 잃을까봐 걱정을 많이 했다. 오늘 9회에 이 택근이 형이 안타로 출루해 끝낼 기회를 줘서 고맙다”는 경기소감을 밝혔다.,https://sports.news.naver.com/news.nhn?oid=410&aid=0000000003
mk포토 슈퍼모델의 각선미 돋보이는 골프웨어,14일 올림픽 컨트리클럽에서 사단법인 한국모델협회 회장 양의식 KYJ골프 슈퍼모델 골프단의 정기 월례회가 열렸다. 이날 정기 월례회에는 김산하 단장과 모델 이화선 조향기 오미란 차선린 이선진 김태연 김효진 강신 이창걸 성휘 고형종 등이 참석했다. 모델 왼쪽부터 조향기 이선진 김효진 김태연 오미란 이화선 차서린이 라운딩에 앞서 포즈를 취하고 있다.,https://sports.news.naver.com/news.nhn?oid=410&aid=0000000004
’2승’ 독일도 위험…탈락 가능성 ‘충분’,독일은 유로2012 조별리그 2연승을 거뒀다. 그러나 8강 진출을 낙관하긴 이르다. 매경닷컴 MK스포츠 이상철 기자 ‘전차군단’ 독일이 쾌속행진 중이다. 2012 유럽축구선수권대회 죽음의 조로 평가받은 B조에서 생존할 가능성이 높아졌다. 포르투갈에 이어 네덜란드까지 꺾으며 2연승의 휘파람을 불었다. 이쯤 되면 8강 확정이라는 소식이 들려올 법도 한데 그렇지도 않다. 조별리그 통과에 8부 능선을 넘은 독일이나 장담하기도 어려운 게 사실이다. 자칫 최악의 경우 탈락의 고배도 마실 수 있다. 독일은 14일 한국시각 마리오 고메즈와 바스티안 슈바인슈타이거의 콤비 플레이에 힘입어 네덜란드를 2 1로 이겼다. 2승을 거둔 독일은 8강 진출을 눈 앞에 뒀다. B조 선두이며 포르투갈과 덴마크 이상 1승1패 네덜란드 2패 가 그 뒤를 잇고 있다. 객관적인 전력에 앞서며 우승 후보로 평가 받는 독일의 8강행은 유력해 보이는 게 사실이다. 그런데 독일도 안심하기 이르다. 독일이 덴마크와 조별리그 마지막 경기에서 큰 점수차로 패할 경우 상황이 매우 복잡해진다. 포르투갈이 팀 분위기가 엉망인 네덜란드마저 이기면 세 팀이 모두 2승1패를 기록하게 된다. 이럴 경우 서로 물고 물려서 승자승 원칙이 사라진다. 독일로선 골 득실차에서 밀려 다 잡은 8강 진출 티켓을 놓칠 수 있다. 물론 포르투갈전과 네덜란드전에서 펼친 독일의 경기력을 고려했을 때 덴마크에게 완패할 가능성은 그리 높지 않다. 2010남아공월드컵 3위 팀으로 유로2012 예선에서 가공할 득점력을 뽐냈던 독일이다. 하지만 축구공은 둥근 법이다. 그라운드 안에서 어떤 일이 벌어져도 이상할 게 없다. 더욱이 유로2012는 대부분 1골차 이내의 치열한 접전이 펼쳐지고 있다. 여기에 과거를 들춰보면 독일이 8강 진출을 낙관하기도 어렵다. 탈락 가능성 조건은 충분하기 때문이다. 먼저 최근 덴마크를 상대로 강하지 않았다. 2000년 이후 3번 겨뤘는데 1무2패를 기록했다. 남아공월드컵을 마치고 코펜하겐에서 평가전을 가져 2 2로 비긴 게 유일하게 지지 않은 경기였다. 또한 유로92 결승전에서 0 2로 패한 경험도 있다. 별로 달갑지 않은 추억이다. 그리고 독일은 최근 유로 대회에서 조별리그 마지막 경기 성적이 신통치 않다. 통일된 이후 6회 연속 유로 대회 본선에 올랐다. 이번 대회 앞서 5개 대회의 조별리그 마지막 경기 성적은 1승1무3패로 매우 초라했다. 유로2008에서만 오스트리아를 1 0으로 이겼는데 실상 힘겹게 거둔 승리였다. 미하엘 발락의 한 방이 없었다면 어떤 결과가 나왔을 지 모르는 일이다. 덴마크에게 대량 실점을 해서는 안 되는 독일인데 3골이나 허용했던 게 두 차례나 됐다. 또한 마지막 경기에서 무릎을 꿇으면서 유로2000과 유로2004에서는 조별리그 탈락의 고배를 마시기도 했다. 남의 도움을 받을 수도 있다. 네덜란드가 포르투갈을 상대로 이기거나 비기기만 해도 독일은 덴마크전 결과에 관계없이 자력으로 8강에 오를 수 있다. 그런데 이 조건 또한 성립되기 참 힘들다. 네덜란드는 2연패 중인 데다 역대 전적에서 1승3무6패로 일방적으로 뒤져있다. 월드컵 유로 대회 등 메이저대회 본선에선 2번 만났는데 모두 패했다. 포르투갈은 네덜란드의 천적이다.,https://sports.news.naver.com/news.nhn?oid=410&aid=0000000005
mk포토 韓 슈퍼모델 섹시한 골프웨어 자태 한눈에,14일 올림픽 컨트리클럽에서 사단법인 한국모델협회 회장 양의식 골프 정기 월례회가 열렸다. 이날 한국모델협회 골프 정기 월례회에는 김산하 단장과 모델 이화선 조향기 오미란 차선린 이선진 김태연 김효진 강신 이창걸 성휘 고형종 등이 참석했다. 모델 왼쪽부터 조향기 이선진 김효진 김태연 오미란 이화선 차서린이 포즈를 취하고 있다.,https://sports.news.naver.com/news.nhn?oid=410&aid=0000000006
슈퍼모델들 필드에서 화려한 프로를 꿈꾸다,한국모델협회 회장 양의식 KYJ GOLF 슈퍼모델 골프단이 올림픽CC에서 정기 골프 월례회를 가졌다. 매경닷컴 MK스포츠 서길자 기자 14일 한국모델협회 회장 양의식 KYJ GOLF 슈퍼모델 골프단이 경기도 파주에 있는 올림픽CC 대표 이관식 에서 골프 정기 월례회를 가졌다. 골프단 단원들로는 모델 협회에 소속된 16명의 정예 멤버들로써 협회 부회장인 오미란 이선진 이화선 차서린 조향기 김태연 김효진 김산하 이창걸 성 휘 강 신 고형종 등이 라운딩에 함께 했다. 2008년 6월부터 KYJ GOLF 회장 김세호 의 전폭적인 의상협찬 및 지속적인 지원을 받으면서 더욱 더 안정적인 동호회로 발전되기 시작했고 해외 촬영 일정이 아닌 이상 항상 월례회의 자리를 지키는등 솔선수범하여 돈독한 우정과 친목을 과시했다. 창단때부터 3년 동안 골프단 단장을 맡으면서 틀을 확립한 오미란 단장은 “처음엔 좀 힘들었어요. 단장으로써 항상 부담이 있었죠. 골프도 신경쓰이는데.. 웃음 하지만 지금의 새로운 김산하 단장이 넘 잘 해주고 있고 저 또한 물신양면으로 돕고 있어요. 무엇보다 선하고 성실한 사람들이 모여서 그런지 함께 하면 할수록 더 편하고 좋아서 매번 라운딩을 기다리게 되네요.” 라며 항상 도움을 주시는 KYJ 골프 회장 김세호 와 올림픽CC 대표 이관식 에도 감사의 말을 잊지 않았다. 좌로부터 모델 조향기 이선진 김효진 김태연 오미란 이화선 차서린 각기 모델다운 매력적인 개성을 발산하며 오미란 이선진 이화선은 여성미를 살려 우아하고 차분한 골프를 차서린 김태연 김효진은 젊은 감각을 살려 파워 골프를 김산하 성 휘 고형종 강 신등 남자 모델들은 큰 키에 걸맞는 시원시원한 스윙으로 장타를 뽐내며 라운딩을 즐겼고 이창걸이 티칭 프로 USGTF 로서 필드에서 실전 레슨을 담당하며 실력 향상과 침목 도모에 힘썼다. 조향기는 몸이 불편한 가운데 월례회에 참석해 자리를 빛내 주었고 몇몇 모델은 골프의 재미에 흠뻑 빠져 실력을 쌓는대로 프로무대에서 볼 수 있을지도 모른다며 골프에 대한 사랑을 전했다. 전체적인 연습과 트레이닝은 압구정에 있는 올림픽 콜로세움 대표 이관식 에서 하고 있고 공식적으로 밝힌 한국모델협회 회장 양의식 KYJ GOLF 슈퍼모델 골프단 전체의 평균 타수는 보기 플레이다. 오늘 월례회에선 모델 출신다운 출중한 각선미로 KYJ 골프 옷을 멋지게 소화해낸 모델들이 올림픽CC 대표 이관식 라운딩 오신 많은 분들의 시선을 한 몸에 받으며 누비는 곳곳을 패션쇼 장으로 만들었다는 후문이다. 수려한 자연과 도전적인 코스로 한국 골프의 대중화를 선도해 온 올림픽 컨트리 클럽 대표 이관식 은 최근 서울외곽순환도로 송추IC가 개통되고 접근성이 좋아지면서 골프 매니아들로부터 더욱 각광을 받고 있다.,https://sports.news.naver.com/news.nhn?oid=410&aid=0000000007
mk포토 꽃보다 화사한 슈퍼모델 오미란,14일 올림픽 컨트리클럽에서 사단법인 한국모델협회 회장 양의식 KYJ골프 슈퍼모델 골프단의 정기 월례회가 열렸다. 이날 정기 월례회에는 김산하 단장과 모델 이화선 조향기 오미란 차선린 이선진 김태연 김효진 강신 이창걸 성휘 고형종 등이 참석했다. 모델 조향기가 라운딩에 앞서 취재진과 인터뷰를 갖고 있다.,https://sports.news.naver.com/news.nhn?oid=410&aid=0000000008
mk포토 조각미남 모델 성휘의 티샷,14일 올림픽 컨트리클럽에서 사단법인 한국모델협회 회장 양의식 KYJ골프 슈퍼모델 골프단의 정기 월례회가 열렸다. 이날 정기 월례회에는 김산하 단장과 모델 이화선 조향기 오미란 차선린 이선진 김태연 김효진 강신 이창걸 성휘 고형종 등이 참석했다. 모델 성휘가 1번홀에서 티샷을 날리고 있다.,https://sports.news.naver.com/news.nhn?oid=410&aid=0000000009
mk포토 오미란의 패션감각 공도 골프웨어 컬러와 맞춤으로,14일 올림픽 컨트리클럽에서 사단법인 한국모델협회 회장 양의식 KYJ골프 슈퍼모델 골프단의 정기 월례회가 열렸다. 이날 정기 월례회에는 김산하 단장과 모델 이화선 조향기 오미란 차선린 이선진 김태연 김효진 강신 이창걸 성휘 고형종 등이 참석했다. 모델 오미란이 1번홀에서 티샷을 하기 위해 티잉그라운드에 공을 세팅하고 있다.,https://sports.news.naver.com/news.nhn?oid=410&aid=0000000010
mk포토 이선진 벙커샷 헛스윙 공은 어디가고 모래만..,14일 올림픽 컨트리클럽에서 사단법인 한국모델협회 회장 양의식 KYJ골프 슈퍼모델 골프단의 정기 월례회가 열렸다. 이날 정기 월례회에는 김산하 단장과 모델 이화선 조향기 오미란 차선린 이선진 김태연 김효진 강신 이창걸 성휘 고형종 등이 참석했다. 모델 이선진이 5번홀 페어웨이에서 벙커샷을 시도했으나 헛스윙하고 있다.,https://sports.news.naver.com/news.nhn?oid=410&aid=0000000011
mk포토 이창걸 파워풀한 티샷,14일 올림픽 컨트리클럽에서 사단법인 한국모델협회 회장 양의식 KYJ골프 슈퍼모델 골프단의 정기 월례회가 열렸다. 이날 정기 월례회에는 김산하 단장과 모델 이화선 조향기 오미란 차선린 이선진 김태연 김효진 강신 이창걸 성휘 고형종 등이 참석했다. 모델 이창걸이 1번홀에서 티샷을 날리고 있다.,https://sports.news.naver.com/news.nhn?oid=410&aid=0000000012
mk포토 고형종 카리스마 벙커샷,14일 올림픽 컨트리클럽에서 사단법인 한국모델협회 회장 양의식 KYJ골프 슈퍼모델 골프단의 정기 월례회가 열렸다. 이날 정기 월례회에는 김산하 단장과 모델 이화선 조향기 오미란 차선린 이선진 김태연 김효진 강신 이창걸 성휘 고형종 등이 참석했다. 모델 고형종이 5번홀에서 벙커탈출을 시도하고 있다.,https://sports.news.naver.com/news.nhn?oid=410&aid=0000000013
mk포토 이화선 버디하고 폴짝폴짝,14일 올림픽 컨트리클럽에서 사단법인 한국모델협회 회장 양의식 KYJ골프 슈퍼모델 골프단의 정기 월례회가 열렸다. 이날 정기 월례회에는 김산하 단장과 모델 이화선 조향기 오미란 차선린 이선진 김태연 김효진 강신 이창걸 성휘 고형종 등이 참석했다. 모델 이화선이 5번홀 버디 퍼팅을 성공한 뒤 기뻐하고 있다.,https://sports.news.naver.com/news.nhn?oid=410&aid=0000000014
mk포토 이선진 화사한 잇몸미소,14일 올림픽 컨트리클럽에서 사단법인 한국모델협회 회장 양의식 KYJ골프 슈퍼모델 골프단의 정기 월례회가 열렸다. 이날 정기 월례회에는 김산하 단장과 모델 이화선 조향기 오미란 차선린 이선진 김태연 김효진 강신 이창걸 성휘 고형종 등이 참석했다. 모델 이선진이 1번홀서 세컨샷을 하기 위해 페어웨이로 이동 중 밝은 미소를 짓고 있다.,https://sports.news.naver.com/news.nhn?oid=410&aid=0000000015
mk포토 김태연 우유빛 복근 드러내며 풀스윙,14일 올림픽 컨트리클럽에서 사단법인 한국모델협회 회장 양의식 KYJ골프 슈퍼모델 골프단의 정기 월례회가 열렸다. 이날 정기 월례회에는 김산하 단장과 모델 이화선 조향기 오미란 차선린 이선진 김태연 김효진 강신 이창걸 성휘 고형종 등이 참석했다. 모델 김태연이 1번홀 티잉그라운드서 티샷을 날리고 있다.,https://sports.news.naver.com/news.nhn?oid=410&aid=0000000016
mk포토 조향기 빈스윙에서도 빛나는 외모,14일 올림픽 컨트리클럽에서 사단법인 한국모델협회 회장 양의식 KYJ골프 슈퍼모델 골프단의 정기 월례회가 열렸다. 이날 정기 월례회에는 김산하 단장과 모델 이화선 조향기 오미란 차선린 이선진 김태연 김효진 강신 이창걸 성휘 고형종 등이 참석했다. 모델 조향기가 1번홀 티잉그라운드에서 연습스윙으로 몸을 풀고 있다.,https://sports.news.naver.com/news.nhn?oid=410&aid=0000000017
mk포토 오미란 모델포스 풍기며 스윙,14일 올림픽 컨트리클럽에서 사단법인 한국모델협회 회장 양의식 KYJ골프 슈퍼모델 골프단의 정기 월례회가 열렸다. 이날 정기 월례회에는 김산하 단장과 모델 이화선 조향기 오미란 차선린 이선진 김태연 김효진 강신 이창걸 성휘 고형종 등이 참석했다. 모델 오미란이 1번홀 티잉그라운드에서 연습스윙으로 몸을 풀고 있다.,https://sports.news.naver.com/news.nhn?oid=410&aid=0000000018
mk포토 이화선 1번티는 더욱 신중하게,14일 올림픽 컨트리클럽에서 사단법인 한국모델협회 회장 양의식 KYJ골프 슈퍼모델 골프단의 정기 월례회가 열렸다. 이날 정기 월례회에는 김산하 단장과 모델 이화선 조향기 오미란 차선린 이선진 김태연 김효진 강신 이창걸 성휘 고형종 등이 참석했다. 모델 이화선이 1번홀에서 티샷 방향을 보고 있다.,https://sports.news.naver.com/news.nhn?oid=410&aid=0000000019
mk포토 이화선 초미니 골프웨어로 힘찬 스윙,14일 올림픽 컨트리클럽에서 사단법인 한국모델협회 회장 양의식 KYJ골프 슈퍼모델 골프단의 정기 월례회가 열렸다. 이날 정기 월례회에는 김산하 단장과 모델 이화선 조향기 오미란 차선린 이선진 김태연 김효진 강신 이창걸 성휘 고형종 등이 참석했다. 모델 이화선이 1번홀에서 티샷을 날리고 있다.,https://sports.news.naver.com/news.nhn?oid=410&aid=0000000020
mk포토  KYJ골프 슈퍼모델 골프단장 김산하의 티샷,14일 올림픽 컨트리클럽에서 사단법인 한국모델협회 회장 양의식 KYJ골프 슈퍼모델 골프단의 정기 월례회가 열렸다. 이날 정기 월례회에는 김산하 단장과 모델 이화선 조향기 오미란 차선린 이선진 김태연 김효진 강신 이창걸 성휘 고형종 등이 참석했다. KYJ골프 슈퍼모델 골프단 김산하 단장이 1번홀서 티샷을 날리고 있다.,https://sports.news.naver.com/news.nhn?oid=410&aid=0000000021
mk포토 슈퍼모델 김태연의 벙커샷,14일 올림픽 컨트리클럽에서 사단법인 한국모델협회 회장 양의식 KYJ골프 슈퍼모델 골프단의 정기 월례회가 열렸다. 이날 정기 월례회에는 김산하 단장과 모델 이화선 조향기 오미란 차선린 이선진 김태연 김효진 강신 이창걸 성휘 고형종 등이 참석했다. 모델 김태연이 5번홀 페어웨이 쪽 벙커에 빠진 공을 빼내고 있다.,https://sports.news.naver.com/news.nhn?oid=410&aid=0000000022
mk포토 강신 시원하게 날아가는구나,14일 올림픽 컨트리클럽에서 사단법인 한국모델협회 회장 양의식 KYJ골프 슈퍼모델 골프단의 정기 월례회가 열렸다. 이날 정기 월례회에는 김산하 단장과 모델 이화선 조향기 오미란 차선린 이선진 김태연 김효진 강신 이창걸 성휘 고형종 등이 참석했다. 모델 강신이 1번홀 티잉그라운드에서 티샷을 날리고 있다.,https://sports.news.naver.com/news.nhn?oid=410&aid=0000000023
mk포토 이화선 클럽처럼 샤프한 옆라인,14일 올림픽 컨트리클럽에서 사단법인 한국모델협회 회장 양의식 KYJ골프 슈퍼모델 골프단의 정기 월례회가 열렸다. 이날 정기 월례회에는 김산하 단장과 모델 이화선 조향기 오미란 차선린 이선진 김태연 김효진 강신 이창걸 성휘 고형종 등이 참석했다. 모델 이화선이 2번홀에서 세컨샷을 날리고 있다.,https://sports.news.naver.com/news.nhn?oid=410&aid=0000000024
mk포토 이선진 버디 기대해주세요,14일 올림픽 컨트리클럽에서 사단법인 한국모델협회 회장 양의식 KYJ골프 슈퍼모델 골프단의 정기 월례회가 열렸다. 이날 정기 월례회에는 김산하 단장과 모델 이화선 조향기 오미란 차선린 이선진 김태연 김효진 강신 이창걸 성휘 고형종 등이 참석했다. 모델 이선진이 3번홀 그린에서 퍼팅전 깜찍한 포즈를 취하고 있다.,https://sports.news.naver.com/news.nhn?oid=410&aid=0000000025
스탠다드차타드 ‘리버풀 스페셜 킷’ 경매 실시,매경닷컴 MK스포츠 이상철 기자 ‘리버풀의 전설 이안 러시의 유니폼을 갖고 싶다면 놓치지 말자.’ 한국스탠다드차타드금융지주가 잉글랜드 프리미어리그 명문 클럽 리버풀 물품을 갖고 자선 경매를 실시한다. ‘스탠다드차타드와 함께하는 리버풀FC’ 페이스북 팬 페이지를 통해 오는 24일까지 진행되는 자선 경매에는 특별한 물품이 나온다. 자선 경매는 2차례로 나눠 열리는데 17일까지 하는 1차 자선 경매에서는 골키퍼 페페 레이나의 사인볼 골키퍼 유니폼 상하의 및 미니볼 교통카드로 구성된 스페셜 킷이 부쳐진다. 20일부터 24일까지 진행하는 2차 자선 경매에는 리버풀의 전설인 이안 러시의 사인 유니폼이 경매에 오른다. 자선 경매에 참여하고 싶을 경우 페이스북 팬 페이지의 담벼락 덧글 작성을 통해 가능하다. 낙찰자는 경매 마감 다음날 발표된다. 스탠다다드차타드는 자선 경매를 통해 발생한 수익금을 실명 퇴치를 위한 글로벌 캠페인 Sib Seeing is Believing 기금으로 적립된다.,https://sports.news.naver.com/news.nhn?oid=410&aid=0000000026
mk포토 김효진 센스있는 손인사,14일 올림픽 컨트리클럽에서 사단법인 한국모델협회 회장 양의식 KYJ골프 슈퍼모델 골프단의 정기 월례회가 열렸다. 이날 정기 월례회에는 김산하 단장과 모델 이화선 조향기 오미란 차선린 이선진 김태연 김효진 강신 이창걸 성휘 고형종 등이 참석했다. 모델 김효진이 3번홀 그린에서 퍼팅전 카마라를 향해 손인사를 날리고 있다.,https://sports.news.naver.com/news.nhn?oid=410&aid=0000000027
mk포토 이화선 나이스 버디,14일 올림픽 컨트리클럽에서 사단법인 한국모델협회 회장 양의식 KYJ골프 슈퍼모델 골프단의 정기 월례회가 열렸다. 이날 정기 월례회에는 김산하 단장과 모델 이화선 조향기 오미란 차선린 이선진 김태연 김효진 강신 이창걸 성휘 고형종 등이 참석했다. 모델 이화선이 5번홀 그린에서 버디퍼팅을 성공한뒤 기뻐하고 있다.,https://sports.news.naver.com/news.nhn?oid=410&aid=0000000028
mk포토 어프로치샷 고형종 홀컵으로 들어가라,14일 올림픽 컨트리클럽에서 사단법인 한국모델협회 회장 양의식 KYJ골프 슈퍼모델 골프단의 정기 월례회가 열렸다. 이날 정기 월례회에는 김산하 단장과 모델 이화선 조향기 오미란 차선린 이선진 김태연 김효진 강신 이창걸 성휘 고형종 등이 참석했다. 모델 고형종이 5번홀에서 어프로치샷을 날리고 있다.,https://sports.news.naver.com/news.nhn?oid=410&aid=0000000029
mk포토 이화선 치마가 펄럭이도록 힘차게,14일 올림픽 컨트리클럽에서 사단법인 한국모델협회 회장 양의식 KYJ골프 슈퍼모델 골프단의 정기 월례회가 열렸다. 이날 정기 월례회에는 김산하 단장과 모델 이화선 조향기 오미란 차선린 이선진 김태연 김효진 강신 이창걸 성휘 고형종 등이 참석했다. 모델 이화선이 1번홀서 골프웨어 치마가 펄럭이도록 파워풀한 스윙을 하고 있다.,https://sports.news.naver.com/news.nhn?oid=410&aid=0000000030
또 재발한 ‘새가슴’ 호날두의 큰 경기 울렁증,세계 최고의 선수 호날두의 큰 무대 울렁증이 재발했다. 이쯤이면 ‘새가슴’이라는 혹평도 피할 수 없는 수준이다. 매경닷컴 MK스포츠 임성일 기자 소속팀 경기에서는 펄펄 날다가도 국가대항전만 나가면 좀처럼 기를 펴지 못하는 선수들이 있다. 그런 선수들을 일컬어 ‘국내용’이라는 꼬리표를 달아준다. 그런 선수들의 예는 꽤 많다. 세계에서 가장 비싼 축구선수 크리스티아노 호날두도 일종의 ‘국내용’이다. 맨체스터Utd.에서도 레알 마드리드에서도 호날두는 어마어마한 선수다. 팀의 에이스를 떠나 EPL과 라 리가 최고라는 표현도 아깝지 않다. 하지만 포르투갈의 호날두라면 달라진다. 호날두에게 첫 메이저 국가대항전은 유로2004였다. 자국에서 열린 대회에서 포르투갈의 기대감은 상당히 컸다. 에우제비오 이후 포르투갈이 자랑하는 영웅 루이스 피구가 마지막으로 함께 하는 무대였고 에우제비오 피구의 바통을 받아 새로운 영웅이 될 것이 자명했던 호날두가 처음으로 합류하는 무대였던 까닭이다. 기대만큼 호성적을 올린 포르투갈이었다. 준우승에 그친 것은 뼈아프나 그땐 오토 레하겔 감독이 이끄는 그리스가 마법을 부리던 대회였다. 만약 호날두가 조금 더 성숙했다면 이라는 아쉬움이 남았으나 약관의 불과하던 나이를 감안하면 준수한 출발이라는 평가가 더 많았다. 그리고 호날두와 함께 할 향후 포르투갈에 대한 기대감도 함께 상승했다. 2년 뒤 독일월드컵에서도 포르투갈은 4강에 올랐다. 축구전문가들의 기대감이 어느 정도 현실로 반영된 셈이다. 하지만 호날두의 존재감은 크지 않았다. 유로2004가 끝난 뒤 나왔던 “호날두가 조금만 더 활약했으면”이라는 아쉬움이 또 나왔던 배경이다. 이후 유로2008과 2010남아공월드컵에서도 호날두는 이름값을 하지 못했다는 게 중론이다. 잇단 메이저대회에서 호날두가 남긴 잔상은 두 팔을 벌린 채 답답한 제스처를 취하거나 고개를 숙이고 눈물을 머금은 비통한 표정뿐이었다. 클럽에서는 거칠 것 없던 플레이와 비교해 자연스레 ‘국내용’이 아니냐는 비아냥이 따라붙었던 이유다. 하지만 보다 냉정하게 짚어보면 호날두는 국내용이 아니라 큰 경기에 약한 ‘새가슴’에 가깝다. 어마어마한 선수를 ‘새가슴’이라 표현하는 게 지나친 비약일 수 있으나 그의 발자취가 이런 꼬리표를 할 말 없게 한다. 대표적인 케이스가 UEFA 챔피언스리그나 라이벌 바르셀로나와의 엘 클라시코에서다. 매 경기 최강의 팀과 결승전 같은 느낌의 경기에서 호날두가 이름값을 했던 기억 드물 것이다. 이런 경기가 끝난 후 대개 호날두에 대한 평가는 혹평 일색이었다. 이와 관련 대한민국 축구대표팀의 최강희 감독은 “현재 세계 최고의 선수를 꼽으라면 당연히 메시다. 물론 호날도 좋은 선수다. 하지만 메시가 호날두보다 기복이 덜하다”는 의미심장한 발언을 전한 바 있다. 그 기복이란 표현을 더 구체화하면 큰 경기에서도 평정심을 유지하는 한결 같은 자세를 뜻한다. 그게 또 수준이다. 최강희 감독은 “호날두가 약팀을 상대로 4 5골 터뜨리는 능력은 메시보다 나을 수 있다. 하지만 정작 중요한 무대에서는 제 기량을 발휘하지 못한다. 이것이 바로 메시가 호날두보다 나은 결정적 이유”라는 말을 했다. 중요한 지적이다. 실제 호날두는 유로2012 예선에서 7골을 넣으며 팀 내 최다득점자로 이름을 올리며 포르투갈을 본선으로 이끌었다. 하지만 정작 본선에 와서는 다시 큰 경기 울렁증이 재발하고 있다. 독일에게 0 1로 패했던 1차전에서도 가까스로 3 2 승리를 챙긴 덴마크전에서도 호날두의 존재감은 없었다. 특히 덴마크전에서는 여러 차례 득점기회를 호날두답지 않게 날려버리면서 자칫 패배의 원흉이 될 뻔했다. 약팀을 상대로 멀티골을 터뜨릴 수 있는 공격수들은 꽤 있다. 하지만 팽팽한 외나무다리 승부에서 팀을 승리를 이끌 수 있는 히어로는 흔치 않다. 메시 역시 아르헨티나대표팀에서는 바르샤 때와 다르지만 호날두 정도는 아니다. 지구촌 최고의 축구선수를 노리는 호날두에게 새가슴이나 울렁증이라는 수식은 치명적이다.,https://sports.news.naver.com/news.nhn?oid=410&aid=0000000031
mk포토 이화선차서린 페어웨이 걸으며 수다,14일 올림픽 컨트리클럽에서 사단법인 한국모델협회 회장 양의식 KYJ골프 슈퍼모델 골프단의 정기 월례회가 열렸다. 이날 정기 월례회에는 김산하 단장과 모델 이화선 조향기 오미란 차선린 이선진 김태연 김효진 강신 이창걸 성휘 고형종 등이 참석했다. 모델 이화선 차서린이 5번홀 페어웨이를 걸으며 즐거운 대화를 나누고 있다.,https://sports.news.naver.com/news.nhn?oid=410&aid=0000000032
mk포토 슈퍼모델 김태연 이 악물고 세컨샷,14일 올림픽 컨트리클럽에서 사단법인 한국모델협회 회장 양의식 KYJ골프 슈퍼모델 골프단의 정기 월례회가 열렸다. 이날 정기 월례회에는 김산하 단장과 모델 이화선 조향기 오미란 차선린 이선진 김태연 김효진 강신 이창걸 성휘 고형종 등이 참석했다. 모델 김태연이 5번홀 페어웨이에서 세컨샷을 날리고 있다.,https://sports.news.naver.com/news.nhn?oid=410&aid=0000000033
mk포토 스윙하는 김태연 골프웨어가 좀 짧은가요,14일 올림픽 컨트리클럽에서 사단법인 한국모델협회 회장 양의식 KYJ골프 슈퍼모델 골프단의 정기 월례회가 열렸다. 이날 정기 월례회에는 김산하 단장과 모델 이화선 조향기 오미란 차선린 이선진 김태연 김효진 강신 이창걸 성휘 고형종 등이 참석했다. 모델 김태연이 5번홀 페어웨이에서 세컨샷을 날리고 있다.,https://sports.news.naver.com/news.nhn?oid=410&aid=0000000034
삼성 희망 알리는 첫 ‘5할2승’ 달성할까,삼성 라이온즈가 한화 이글스를 상대로 14일 첫 승률 5할 추가 2승에 나선다. 단순히 2승이 아니라 반등의 기회로 삼을 중요한 일전이다. 13일 이승엽의 시즌 13호 홈런에 기립박수를 치고 있는 삼성 팬들의 모습은 재현될 수 있을까. 사진 대구 김영구 기자 매경닷컴 MK스포츠 김원익 기자 삼성 라이온즈가 14일 한화 이글스와의 경기에서 희망의 첫 ‘5할 2승’에 도전한다. 승리한다면 단순히 2승 이상의 의미가 있다. 어려운 시즌을 치르고 있는 삼성의 재도약을 알릴 수 있는 희망의 찬가가 될 수 있다. 올 시즌 삼성은 승률 5할에서 1승을 더 거둔 것이 단 두 차례다. 시즌 내내 번번이 5할만 되면 다시 패배해 5할 밑으로 떨어지곤 했다. 지난 4월 14일 5월 15일 17일 31일 6월2일에 5할 승률에 도달한 이후 다음 경기에서 5연패를 당했다. 6번의 도전 끝에 마침내 지난 6일 KIA전에서 첫 ‘ 1승’의 벽을 넘은 이후에도 승패를 반복했다. 그러다 13일 승리로 다시 5할에 1승을 더 추가하게 됐다. 삼성이 5할 언저리에서 승패를 반복하자 팬들 사이에서는 삼성의 ‘5할 1승’은 불가능하다는 푸념마저 나왔다. 절대 불가능한 일을 일컫는 인터넷 신조어인 ‘넘사벽 넘을 수 없는 사차원의 벽 ’ 시즌이라는 말까지 돌았던 2012시즌이다. 삼성 입장에서는 징크스를 이미 넘어선 만큼 그래서 더더욱 새로운 시작을 알려야 하는 시점이다. 그리고 상대는 올해 강세를 보이고 있는 한화다. 올해 삼성은 한화를 상대로 치른 10경기에서 8승2패의 성적을 거두고 있다. 더욱이 5월 29일 이후에는 5연승을 기록 중이다. 연승 동안 32점을 냈고 8점을 허용했다. 불붙은 타격감을 과시하던 한화는 5연패 기간 중 삼성의 투수진을 상대로 4점 이상을 낸 경기가 없을 정도로 방망이가 차갑게 식었다. 이번 주중 2연전에서도 중심타선이 침묵하며 도합 4점을 내는데 그쳤다. 선발 매치업은 삼성이 상대 우위에 있다. 삼성은 14일 경기에 한화를 상대로 3경기 2승 평균자책점 3.12로 호투한 고든을 선발로 내세운다. 반면 한화는 원래 등판 예정이었던 류현진이 등 부상으로 결장하면서 대체선발 송창식이 등판한다. 송창식은 삼성전에 1경기에 구원으로 등판해 2⅓이닝 동안 2개의 솔로 홈런을 맞으며 부진했다. 송창식은 선발 투수로는 6일 롯데전에서 5이닝 1실점 호투로 시즌 첫 승을 따낸 바 있다. 기록과 최근 분위기는 삼성에게 유리하게 돌아가고 있다. 그러나 야구는 모른다. 한화가 벼랑 끝에서 저력을 발휘할 수 있을지 삼성이 부활의 신호탄을 쏠 수 있을지 14일 두 팀의 경기에 야구팬들의 이목이 쏠리고 있다.,https://sports.news.naver.com/news.nhn?oid=410&aid=0000000035
mk포토 김효진 화이트 골프웨어로 풀스윙 가동,14일 올림픽 컨트리클럽에서 사단법인 한국모델협회 회장 양의식 KYJ골프 슈퍼모델 골프단의 정기 월례회가 열렸다. 이날 정기 월례회에는 김산하 단장과 모델 이화선 조향기 오미란 차선린 이선진 김태연 김효진 강신 이창걸 성휘 고형종 등이 참석했다. 모델 김효진이 4번 티잉그라운드서 티샷을 날리고 있다.,https://sports.news.naver.com/news.nhn?oid=410&aid=0000000036
mk포토 박지성 미모의 여성과 포즈 매너손 눈길,박지성 맨유 31 이 14일 오전 수원월드컵경기장 컨벤션 웨딩홀에서 열린 제 1회 JS Park Shooting Star 장학금 전달식 에서 한 여성팬과 기념사진을 찍고 있다. 박지성의 매너손이 눈길을 끈다. JS Park Shooting Star 1기 는 축구라는 키워드를 통해 아시아축구 발전을 도모하고 아이들에게 꿈과 희망을 전달하고자 하는 박지성의 뜻을 담아 설립한 JS파운데이션에서 실시하는 사회 공헌의 주요사업이다. 축구 종목뿐만 아니라 일반 학업을 비롯하여 육상 수영 태권도 예능 등 총 6개 분야에서 선발된 15명은 박지성이 수여하는 장학증서와 장학금을 전달받았다. 박지성은 이 나라의 미래인 아이들이 학업 외적인 이유로 인해 한창 자신의 꿈을 꾸어야 할 나이에 현실을 바라봐야 한다는 생각을 하니 무척 가슴이 아팠다 라고 전했다. 이어 매년 이 후원 사업을 통해 아이들에게 도움을 주고 아이들이 많이 웃을 수 있고 원하는 재능을 키울 수 있는 환경을 제공해주고 싶다 고 말했다.,https://sports.news.naver.com/news.nhn?oid=410&aid=0000000037
KIA의 긍정 윤석민 더 강해져 오기에…,KIA가 더욱 건강해져서 돌아올 윤석민을 기다리고 있다. 사진 김현민 기자 매경닷컴 MK스포츠 전성민 기자 KIA 타이거즈가 에이스와 잠시 작별했다. KIA는 13일 26명의 1군 엔트리에서 윤석민을 제외했다. 윤석민은 최근 자기공명영상 MRI 검사를 받은 결과 오른쪽 팔꿈치 근육에 염증이 발견됐다. 심각한 정도는 아니다. 그러나 보다 완벽한 몸 상태와 투구를 하기 위해 쉬는 게 낫다는 결론을 내렸다. 다시 마운드에 오르기까지는 2주 정도가 걸릴 예정이다. 윤석민은 자타공인 KIA의 에이스다. 에이스가 팀에서 차지하는 비중은 상당하다. 윤석민의 선발 로테이션 유무는 KIA에 큰 영향을 끼친다. 에이스는 승리를 부른다. 지난해 윤석민이 그랬다. 27경기에 등판해 17승5패에 평균 자책점 2.45 탈삼진 178개를 기록했다. 승률 0.788 까지 더해 4관왕을 차지했다. 누가 뭐래도 지난해 투수 최고는 윤석민이었다. 그런데 올해 윤석민은 이상했다. 성적이 지난해보다 한참 못 미쳤다. 11경기에 나와 3승3패 평균 자책점 3.19 승률 0.500에 그쳤다. 전반적으로 2008년 이후 가장 부진한 투구 성적이다. 무너진 경우도 적지 않았다. 4실점 이상 허용한 게 4차례나 됐다. 에이스로서 승리를 이끌지도 못했다. 윤석민이 등판한 날 KIA는 6승 5패 에 그쳤다. 윤석민은 불안했다. 이유는 간단했다. 팔꿈치가 좋지 않았다. 그러다 보니 100% 전력 투구를 하기가 어려웠다. 누구보다 만족스럽지 못한 건 선수 본인이다. 윤석민은 5월11일 두산 베어스전에서 1안타 완봉승을 거두고도 표정이 밝지 않았다. “지난해보다 직구와 슬라이더가 좋지 않다”고 불만족스러워했다. 그 발언은 입증됐다. 곧바로 부진이 이어졌다. 그 이후 등판한 5경기에서 17실점을 기록했다. 7이닝까지 한 번도 못 버텼으며 3이닝 만에 강판한 것도 2번이나 됐다. KIA는 6월 들어 7위에만 머물러 있다. 위로 올라가지 못하고 있다. 최근 13경기에서 4승 밖에 올리지 못했다. 최근 3연패다. 침체된 가운데 에이스가 빠졌으니 우려 섞인 시선이 있다. 그러나 윤석민의 부재가 꼭 KIA에게 부정적인 소식은 아니다. 서재응 헨리 소사 앤서니 르루 김진우 등 선발진이 부침을 겪고 있는 KIA에게 필요한 건 더 건강하고 완벽해진 에이스의 존재다. 과유불급이라 했다. 급하다고 서둘러봤자 좋을 건 없다. 때문에 차라리 잘 됐다. 지난해의 구위를 되찾을 수 있는 2주라는 귀중한 시간을 갖게 됐다. KIA나 윤석민이나 마음 급할 것도 없다. 시즌이 한창이다. 페넌트레이스 133경기 가운데 51경기만을 소화했을 뿐이다. 아직 반환점도 돌지 않았다. 올해 유난히 치열한 경쟁이 펼쳐지고 있고 막바지까지 그렇게 이어질 것으로 여겨진다. 후반기를 위해 지금 너무 무리할 필요는 없다. 윤석민이 없는 2주는 KIA에게 위기가 아니다. KIA는 윤석민이 돌아올 7월부터 대반격을 펼치고자 한다. 에이스가 살아나야 KIA가 강해진다. 그렇게 더욱 강해지기 위한 과정일 뿐이다.,https://sports.news.naver.com/news.nhn?oid=410&aid=0000000038
mk포토 박지성 아이들과 함께,박지성 맨유 31 이 14일 오전 수원월드컵경기장 컨벤션 웨딩홀에서 열린 제 1회 JS Park Shooting Star 장학금 전달식 에서 아이들과 포즈를 취하고 있다. JS Park Shooting Star 1기 는 축구라는 키워드를 통해 아시아축구 발전을 도모하고 아이들에게 꿈과 희망을 전달하고자 하는 박지성의 뜻을 담아 설립한 JS파운데이션에서 실시하는 사회 공헌의 주요사업이다. 축구 종목뿐만 아니라 일반 학업을 비롯하여 육상 수영 태권도 예능 등 총 6개 분야에서 선발된 15명은 박지성이 수여하는 장학증서와 장학금을 전달받았다. 박지성은 이 나라의 미래인 아이들이 학업 외적인 이유로 인해 한창 자신의 꿈을 꾸어야 할 나이에 현실을 바라봐야 한다는 생각을 하니 무척 가슴이 아팠다 라고 전했다. 이어 매년 이 후원 사업을 통해 아이들에게 도움을 주고 아이들이 많이 웃을 수 있고 원하는 재능을 키울 수 있는 환경을 제공해주고 싶다 고 말했다.,https://sports.news.naver.com/news.nhn?oid=410&aid=0000000039
mk포토 박지성 요즘 아이들은 인증샷이 필수라죠,박지성 맨유 31 이 14일 오전 수원월드컵경기장 컨벤션 웨딩홀에서 열린 제 1회 JS Park Shooting Star 장학금 전달식 에서 아이들과 포즈를 취하고 있다. JS Park Shooting Star 1기 는 축구라는 키워드를 통해 아시아축구 발전을 도모하고 아이들에게 꿈과 희망을 전달하고자 하는 박지성의 뜻을 담아 설립한 JS파운데이션에서 실시하는 사회 공헌의 주요사업이다. 축구 종목뿐만 아니라 일반 학업을 비롯하여 육상 수영 태권도 예능 등 총 6개 분야에서 선발된 15명은 박지성이 수여하는 장학증서와 장학금을 전달받았다. 박지성은 이 나라의 미래인 아이들이 학업 외적인 이유로 인해 한창 자신의 꿈을 꾸어야 할 나이에 현실을 바라봐야 한다는 생각을 하니 무척 가슴이 아팠다 라고 전했다. 이어 매년 이 후원 사업을 통해 아이들에게 도움을 주고 아이들이 많이 웃을 수 있고 원하는 재능을 키울 수 있는 환경을 제공해주고 싶다 고 말했다.,https://sports.news.naver.com/news.nhn?oid=410&aid=0000000040
mk포토 사인은 여기에 해주세요,박지성 맨유 31 이 14일 오전 수원월드컵경기장 컨벤션 웨딩홀에서 열린 제 1회 JS Park Shooting Star 장학금 전달식 에서 아이들에게 사인을 해주고 있다. JS Park Shooting Star 1기 는 축구라는 키워드를 통해 아시아축구 발전을 도모하고 아이들에게 꿈과 희망을 전달하고자 하는 박지성의 뜻을 담아 설립한 JS파운데이션에서 실시하는 사회 공헌의 주요사업이다. 축구 종목뿐만 아니라 일반 학업을 비롯하여 육상 수영 태권도 예능 등 총 6개 분야에서 선발된 15명은 박지성이 수여하는 장학증서와 장학금을 전달받았다. 박지성은 이 나라의 미래인 아이들이 학업 외적인 이유로 인해 한창 자신의 꿈을 꾸어야 할 나이에 현실을 바라봐야 한다는 생각을 하니 무척 가슴이 아팠다 라고 전했다. 이어 매년 이 후원 사업을 통해 아이들에게 도움을 주고 아이들이 많이 웃을 수 있고 원하는 재능을 키울 수 있는 환경을 제공해주고 싶다 고 말했다.,https://sports.news.naver.com/news.nhn?oid=410&aid=0000000041
mk포토 아이들의 익살 박지성과 어깨를 나란히,박지성 맨유 31 이 14일 오전 수원월드컵경기장 컨벤션 웨딩홀에서 열린 제 1회 JS Park Shooting Star 장학금 전달식 에서 아이들과 포즈를 취하고 있다. JS Park Shooting Star 1기 는 축구라는 키워드를 통해 아시아축구 발전을 도모하고 아이들에게 꿈과 희망을 전달하고자 하는 박지성의 뜻을 담아 설립한 JS파운데이션에서 실시하는 사회 공헌의 주요사업이다. 축구 종목뿐만 아니라 일반 학업을 비롯하여 육상 수영 태권도 예능 등 총 6개 분야에서 선발된 15명은 박지성이 수여하는 장학증서와 장학금을 전달받았다. 박지성은 이 나라의 미래인 아이들이 학업 외적인 이유로 인해 한창 자신의 꿈을 꾸어야 할 나이에 현실을 바라봐야 한다는 생각을 하니 무척 가슴이 아팠다 라고 전했다. 이어 매년 이 후원 사업을 통해 아이들에게 도움을 주고 아이들이 많이 웃을 수 있고 원하는 재능을 키울 수 있는 환경을 제공해주고 싶다 고 말했다.,https://sports.news.naver.com/news.nhn?oid=410&aid=0000000042
mk포토 국내 최고의 근육맨을 가리자,14일 오후 부산 시민회관에서 열린 2012 미스터 미즈코리아선발대회 결선에서 입상자들에게 수여될 트로피가 빛나고 있다.,https://sports.news.naver.com/news.nhn?oid=410&aid=0000000043
mk포토 부산에 나타난 터미네이터들,14일 부산 시민회관에서 열린 2012 미스토 미즈코리아선발대회 결선에서 단체전 선수들이 경기 시작전 웅크린 자세로 포즈를 취하고 있다.,https://sports.news.naver.com/news.nhn?oid=410&aid=0000000044
JLPGA 한국 낭자군 일본서 시즌 8승 도전,전미정 사진 KLPGA 제공 매경닷컴 MK스포츠 유서근 기자 한국 낭자군이 일본여자프로골프 JLPGA 투어 시즌 8승 사냥에 나선다. 오는 15일부터 사흘간 치바현 소데가우라 캔 트리 골프장 파72. 6 548야드 에서 열리는 JLPGA 투어 시즌 15번째 대회인 ‘리치레이 레이디스 오픈’에서 한국 낭자군은 지난주 산토리 레이디스 오픈에 이어 2주 연속 우승에 도전장을 던진다. 지난주 산토리 레이디스 오픈에서는 김효주 17.대원외고 가 아마추어 자격으로 출전 최종라운드에서 11언더파를 몰아치며 우승을 차지했다. 이로써 한국낭자군은 올시즌 14개 대회 중 PRGR 레이디스컵에서 이보미 24.정관장 의 시즌 첫 승을 필두로 7개 대회에서 우승을 차지 일본 열도를 정복해 가고 있다. 올시즌 T 포인트 레이디스 토너먼트 우승자이자 디펜딩 챔피언인 이지희 33.진로재팬 가 타이틀 방어에 나섰고 리조트 트러스트 우승으로 상금랭킹 1위를 달리고 있는 전미정 30.진로재팬 이 시즌 2승에 사냥에 나섰다. 시즌 첫 메이저 대회인 살롱파스 컵 우승으로 상금랭킹 2위를 달리고 있는 안선주 25 도 이번 대회 우승으로 상금왕 3연패의 발판을 다진다는 각오다. 이밖에 송보배 26.정관장 강수연 38 등도 시즌 8승의 주인공이 되기 위한 출사표를 던졌다. 올해 들어 한국선수들의 맹활약 속에 좀처럼 기를 펴지 못한데 이어 아마추어 여고생인 김효주에게 최연소·최종라운드 최소타 기록까지 내주며 남아있던 자존심을 구겼던 일본 선수들도 대반격에 나선다. 현재 상금랭킹 4위를 달리고 있는 사이키 미키와 요코미네 사쿠라 후도 유리 핫토리 마유 등이 출전해 자존심 회복에 나선다.,https://sports.news.naver.com/news.nhn?oid=410&aid=0000000045
mk포토 남녀 근육의 조화,14일 부산 시민회관에서 열린 2012 미스토 미즈코리아선발대회 결선에서 단체전 선수들이 근육의 아름다움을 뽐내고 있다.,https://sports.news.naver.com/news.nhn?oid=410&aid=0000000046
슈퍼모델 골프단의 골프사랑 나눔사랑,한국모델협회 KYJ GOLF 슈퍼모델 골프단 단장 김산하 매경닷컴 MK스포츠 서길자 기자 “골프를 사랑하고 적극적으로 활동할 모델들 모두 환영 합니다.” 2012년 올해부터 골프단을 이끌게 된 모델 김산하 단장의 말이다. 2008년에 창단된 한국모델협회 회장 양의식 KYJ GOLF 슈퍼모델 골프단은 오미란 초대단장이 3년 동안 골프관련 기업과 협력 체제를 구축하면서 멤버들의 화합과 친목을 다지며 안정적으로 골프단을 이끌어 가는데 힘써 왔다. 2012년 신임 김산하 단장은 그 기반을 바탕으로 이젠 다양한 분야에서 활동하고 있는 모델들의 참여를 더욱 확대시켜 활동영역을 넓히는 한편 활성화 하는데 주력할 뜻을 밝혔다. 모델들 간에 친목을 다지기 위한 한국모델협회 산하 야구단 축구단 골프단 등 많은 동호회 활동이 있으며 특히 골프단은 오픈 멤버들이 꾸준히 활동하며 지켜온 의미 있는 단체이기도 하다. 강제로 탈퇴하게 하진 않지만 개인적인 사정으로 그만두는 팀원 때문에 인원을 더 보강하기 위해 고민중이다. 현재 활발한 활동을 하고 있는 1000여명 이상의 모델들을 일일이 섭외 할 순 없지만 골프단에 들어 오려는 많은 모델들이 줄을 서고 있어서 선발에 각별한 신경이 쓰인다고 한다. 매달 정해진 날짜에 모임을 가지는건 아니지만 1달에 1번은 꼭 일정을 맞춰 최대한 많은 사람이 참석할 수 있는 날을 잡는다며 가끔씩은 기획사가 다른 공인들이라 초상권에 관한 여러 가지 문제가 있을 수 있지만 무엇보다 친목을 먼저 생각하며 서로를 배려하는 마음이 하나가 되는 중요한 요소라고 말했다. “감사한 일이죠. 요즘 다들 불황이라고 자선골프나 다른 골프 대회가 많이 줄어들고 있는 상황인데 이렇게 후원해 주시니 말이예요. 아무래도 한국모델협회라는 구심점이 있어서 개성강한 모델들이 제각각 다양하게 활동을 하고 있는 와중에도 지금까지 잘 유지되어 온 것 같아요. 지금의 틀을 계속 유지하면서 동호회지만 지속적인 관심을 가져주시고 후원을 해주시는 분들에게 저희도 도움을 드리고 싶은 마음이 전부입니다. 친목 도모는 기본이구요. 그리고 더 많은 자선골프에 참여함으로 여러분들이 저희 모델들에게 주시는 사랑과 관심을 돌려드리고 싶습니다.” 메인 스폰서인 KYJ 골프 대표 김세호 에서는 한국모델협회 회장 양의식 와 각별한 사이로 초기 모임 때부터 아낌없는 의상협찬과 모임지원 후원을 아끼지 않았고 모델들이 골프복을 입으면서 브랜드에 대한 이미지를 업그레이드 시켰으며 자연스럽게 알려지는 차별화된 마케팅과 홍보 전략으로 골프패션 대중화에 앞장서고 있는 업계 선두 주자이다. 올림픽 콜로세움과 올림픽 컨트리클럽의 대표인 이관식 대표도 두말할 필요도 없이 키도 훤칠하고 멋진 모델들이 골프장에 나타나기만 해도 그림이다며 한국모델협회 회장 양의식 KYJ GOLF 슈퍼모델 골프단에 대한 애정을 나타냈다. 모델 김산하 단장의 티샷 앞으로 새로운 멤버를 더 추가 영입해 골프단의 활성화로 모델업계와 골프계에 새로운 바람을 일으킬 계획이라고 말한 김산하 골프단 단장은 힘찬 티샷으로 그 각오를 다지고 있다.,https://sports.news.naver.com/news.nhn?oid=410&aid=0000000047
정성훈의 자신만만 “나도 골…이제 다들 긴장해”,전북 현대의 정성훈은 13일 K리그 제주 유나이티드전에서 1골1도움을 기록하며 팀의 3 1 승리를 이끌었다. 정성훈으로선 올 시즌 K리그 개막 3개월 만에 맛 본 첫 골이었다. 사진 한희재 기자 매경닷컴 MK스포츠 이상철 기자 전북 현대의 공격수 정성훈은 호탕하고 밝은 성격이다. 그의 말투는 시원시원하다. 언제 어디서나 웃음을 잃지 않는 ‘해피 보이’이기도 하다. 그러나 올 시즌 겉으로 드러내지 않았으나 마음고생이 심했다. 이동국에 밀려 베스트11에 들어가지 못하면서 그라운드를 누빌 시간이 많지 않았다. 풀타임을 두 차례 소화했으나 공격수가 아닌 수비수로 뛸 때였다. 팀을 위해 희생하고 헌신하겠다고 마음을 다 잡았다고 하나 그래도 말 못할 고충은 컸으리라. 더욱이 본연의 임무인 골까지 터지지 않으니 답답함도 컸다. 골이 아예 없었던 건 아니다. 3월7일 AFC 챔피언스리그 광저우 헝다와의 홈경기에서 이동국의 패스를 감각적인 힐킥으로 연결해 시즌 마수걸이 골을 넣었다. 그러나 전북이 1 5로 대패하면서 그의 득점은 완전히 묻혔다. 그리고 3개월 후인 13일 K리그 제주 유나이티드와의 원정경기에서 골 맛을 봤다. 전반 10분 에닝요의 패스를 받아 오른발 강한 슈팅으로 제주의 골망을 흔들었다. K리그 첫 골이다. 참으로 뒤늦은 신고다. 2007년 이후 가장 늦게 K리그 첫 골을 기록했다. 수화기 너머로 들려오는 정성훈의 목소리는 밝았다. 정성훈은 “하다 보니 K리그 첫 골이 많이 늦었다. AFC 챔피언스리그 골은 묻히고 골도 잘 안 터져서 마음고생이 컸다. 공격수로 뛸 시간도 많지 않았다. 스트레스가 심했다. 그래도 묵묵히 땀 흘리고 열심히 뛰었는데 마침내 넣게 돼 기쁘다”라고 첫 골 소감을 밝혔다. 제주전에서 정성훈의 활약은 빛났다. 정성훈은 전반 39분 감각적인 가슴 패스로 황보원의 추가 득점을 도와 전북의 3 1 승리에 이바지했다. 이 또한 시즌 첫 도움이다. 전북에게 매우 중요한 경기였다. 제주는 홈 7경기 연속 무패 6승1무 행진 중이었고 선두 자리를 놓고 다투는 경쟁자였다. AFC 챔피언스리그 16강 진출 실패로 K리그에 집중하는 전북으로선 제주를 반드시 잡아야 했다. 그런 중요한 승부처에서 정성훈이 승점 3점을 안겨줬다. 정성훈의 골에 누구보다 기뻐한 이는 이흥실 감독이다. 평소 “ 정 성훈이가 터져줘야 한다”며 기대와 믿음을 보였다. 정성훈이 마침내 골을 기록함으로써 이흥실 감독이 만들어 가는 ‘닥공2’도 완성됐다. 공격 자원 모두가 골을 넣어 득점 경로가 다양해졌고 쓸 수 있는 카드도 늘었다. 전북은 최근 K리그 6경기에서 19골을 몰아쳤다. 경기당 평균 3.2골의 무시무시한 득점력이다. 특히 2 1로 이겼던 울산 현대전을 제외하고는 모두 3골 이상을 기록했다. 이동국과 김정우가 A대표팀에서 돌아온 가운데 정성훈의 골까지 터졌으니 전북의 창 끝은 더욱 뾰족하고 예리해졌다. 정성훈은 “슈팅을 때리기만 하면 다 들어가니 선수들이 하나같이 자신감이 넘친다. 팀 분위기도 정말 좋다”면서 “이제 나도 골을 넣어 우리 공격진이 난리 났다. 다들 긴장하고 조심해야 할 것”이라며 다른 K리그 15개 팀에게 경고장을 던졌다. 전북은 제주전 승리로 거침이 없다. 4연승이다. 최근 K리그 6경기에서 5승1무를 기록했다. K리그 16개 팀 가운데 가장 잘 나가고 있다. 전북은 앞으로 대구 FC 17일 경남 FC 24일 광주 FC 27일 상주 상무 7월 1일 등 한 수 아래 팀들과 잇달아 경기를 갖는다. 내친김에 8연승까지 노릴 수 있는 가운데 그 흐름을 이어갈 수 있게 됐다. 정성훈은 “예전에는 이동국의 백업이라는 것 때문에 신경을 많이 써 스트레스가 적잖았다. 그런데 이 때문에 오히려 플레이가 잘 안 되더라. 이젠 팀을 위해 뛴다. 현재 4연승 중인데 주력 선수들이 모두 돌아왔다. 앞으로도 쭉쭉 잘 나갈 것 같다”라며 호탕하게 웃었다.,https://sports.news.naver.com/news.nhn?oid=410&aid=0000000048
mk포토 보디빌더 김해나라 근육의 미를 뽐내요,14일 부산 시민회관에서 열린 2012 미스터 미즈코리아선발대회 바디휘트니스 부문 결선에서 보디빌더 김해나라가 근육미를 뽐내고 있다.,https://sports.news.naver.com/news.nhn?oid=410&aid=0000000049
mk포토 보디빌더 방윤정 남자선수 못지 않은 근육,14일 부산 시민회관에서 열린 2012 미스터 미즈코리아선발대회 바디휘트니스 부문 결선에서 보디빌더 방윤정이 남자선수들 못지 않은 근육을 뽐내고 있다.,https://sports.news.naver.com/news.nhn?oid=410&aid=0000000050
mk포토 보디빌더 김현정 긴머리 휘날리며,14일 부산 시민회관에서 열린 2012 미스터 미즈코리아선발대회 바디휘트니스 부문 결선에서 보디빌더 김현정이 머리를 휘날리며 포즈를 추하고 있다.,https://sports.news.naver.com/news.nhn?oid=410&aid=0000000051
mk포토 보디빌더 이현아 나이는 숫자에 불구하죠,14일 부산 시민회관에서 열린 2012 미스터 미즈코리아선발대회 바디휘트니스 부문 결선에서 50대의 나이에도 멋진 근육을 자랑하는 보디빌더 이현아가 포즈를 취하고 있다.,https://sports.news.naver.com/news.nhn?oid=410&aid=0000000052
mk포토 보디빌더 김수지 근육미녀의 총알을 받으세요,14일 부산 시민회관에서 열린 2012 미스터 미즈코리아선발대회 바디휘트니스 부문 결선에서 보디빌더 김수지가 귀여운 손가락총을 날리고 있다.,https://sports.news.naver.com/news.nhn?oid=410&aid=0000000053
mk포토 보디빌더 김수지 전 부드러운 근육을 뽐내요,14일 부산 시민회관에서 열린 2012 미스토 미즈코리아선발대회 바디휘트니스 부문 결선에서 보디빌더 김수지가 포즈를 취하고 있다.,https://sports.news.naver.com/news.nhn?oid=410&aid=0000000054
극악의 난코스 US오픈 첫 6홀을 방어하라,리키파울러가 112회 US오픈이 개최되는 올림픽코스에서 연습라운딩을 하고 있다. 사진 PGA Tour 매경닷컴 MK스포츠 임성윤 기자 한국시간으로 15일 새벽 올 시즌 2번째 PGA투어 메이저 대회인 US오픈이 시작된다. 가장 어려운 코스만 골라서 개최되는 이 대회의 올해 개최지는 미국 샌프란시스코에 위치한 올림픽골프클럽이다. 올림픽코스는 세계 100대 코스로 선정될 만큼 높은 코스 레이팅을 자랑하는데다 US오픈을 위해 코스 디자인을 더욱 힘들게 바꿔 골퍼들의 발목을 잡을 예정이다. 156명의 세계적인 골퍼가 출전하지만 극악의 난이도를 자랑하는 US오픈 개최지의 특성상 첫날부터 우승자를 점치기는 힘들다. 다만 탈락자의 윤곽은 확인 할 수 있을 것으로 전문가들은 전망하고 있다. 첫 6개 홀에서 많은 참가자들이 라운딩을 포기할 것이 예상되고 있기 때문이다. 1973년 US오픈의 우승자이자 TV애널리스트인 조니 밀러는 瞞 할 지경이다. 캘리포니아 출신이자 웰파고 챔피언십에서 우승한 리키 파울러의 경우 세계적인 감옥인 알카트라즈에서 탈출하는 편이 올림픽코스 러프에서 벗어나는 것보다 쉬울 것 이라고 말하기도 했다. 최근 골프 명예의 전당에 입성한 필 미켈슨 역시 연습라운딩을 통해 가장 효과적인 길을 찾아내기는 했지만 그것이 나를 우승자로 만들어 줄 것이라 생각하지는 않는다 고 말했다. 이들 대부분은 첫 번째 6개 홀에서는 무리한 장타로 버디를 욕심내기보다는 파를 노리는 안정적인 전략이 효과적일 것이라 입을 모았으며 난코스를 이겨내고자 하는 정신력이 우승의 향방을 가를 것이라 전망하고 있었다. US오픈이 올림픽코스에서 원하는 것은 최고의 장타자를 가려내는 것이 아닌 한명의 우승자를 배출하는 것이라는 점을 잘 알고 있기 때문이다.,https://sports.news.naver.com/news.nhn?oid=410&aid=0000000055
mk포토 보디빌더 박선영 제 근육의 비결은 비밀이에요,14일 부산 시민회관에서 열린 2012 미스터 미즈코리아선발대회 바디휘트니스 부문 결선에서 보디빌더 박선영이 포즈를 취하고 있다.,https://sports.news.naver.com/news.nhn?oid=410&aid=0000000056
mk포토 조계현 코치 야구장에서 소림무술 전수,14일 잠실구장에서 벌어진 LG 트윈스와 SK 와이번스의 경기에서 LG 조계현 코치가 경기 전 훈련을 지켜보면서 요가동작을 해 보이고 있다. 발을 꼬고 손을 내민 동작이 마치 중국무술의 그것과 흡사하다.,https://sports.news.naver.com/news.nhn?oid=410&aid=0000000057
mk포토 김기태 감독 아직 녹슬지 않았어,14일 잠실구장에서 벌어진 LG 트윈스와 SK 와이번스의 경기에서 LG 김기태 감독이 경기 전 타격훈련에서 최태원 코치가 보는 가운데 직접 배팅시범을 보이고 있다.,https://sports.news.naver.com/news.nhn?oid=410&aid=0000000058
4G LTE 스페셜포스2 프로리그 시즌2 16일 개막,매경닷컴 MK스포츠 박주현 기자 사단법인 한국e스포츠협회 회장 이형희 가 개최하는 4G LTE 스페셜포스2 프로리그 시즌2가 오는 16일부터 본격 개막한다. 한국e스포츠협회는 지난 2009년 2월 CJ E M 넷마블이 서비스하는 스페셜포스를 종목으로 최초의 국산종목 프로리그를 출범시켰다. 그 후 2011년 8월 후속작인 스페셜포스2의 출시로 종목이 교체된 본 대회는 이번 시즌2를 맞이해 관객들을 위한 다양한 이벤트를 마련했다. 이번 대회에서는 현장을 찾는 관람객 전원에게 스페셜포스2 경험치 및 SP쿠폰 을 토요일 경기 관람객 선착순 20명에게는 햄버거 세트를 경기를 시청하는 중간에 개설되는 스페셜포스2 이벤트 게임에서 승리를 거두면 이벤트총기 ACOG ICE ver. 7일권 3종 M4A1 CZ700 AK103 을 지급한다. 전 대회 우승팀 CJ 엔투스와 강력한 프로팀 SK텔레콤 T1 KT 롤스타를 비롯해 패기의 신생팀 전남과학대 등이 돋보이는 이번 4G LTE 스페셜포스2 프로리그 시즌2 는 오는 16일 오후 7시 첫 생중계된다. 중계는 케이블 온게임넷 채널과 네이트 스포츠를 통해 방영된다.,https://sports.news.naver.com/news.nhn?oid=410&aid=0000000059
mk포토 양승호 감독 꿈나무들을 보니 흐믓하구만,14일 오후 부산 사직야구장에서 열릴 2012 팔도 프로야구 롯데 자이언츠와 두산 베어스의 경기 전 롯데 양승호 감독이 야구장을 방문한 리틀야구 국가대표 선수들을 흐뭇하게 바라보고 있다.,https://sports.news.naver.com/news.nhn?oid=410&aid=0000000060
mk포토 강민호 리틀국대들아 우리 나이차 얼마 안나,14일 오후 부산 사직야구장에서 열릴 2012 팔도 프로야구 롯데 자이언츠와 두산 베어스의 경기 전 롯데 강민호가 야구장을 방문한 리틀 국가대표 선수들과 농담을 하고 있다.,https://sports.news.naver.com/news.nhn?oid=410&aid=0000000061
mk포토 강민호 대만가서 승리하고 와,14일 오후 부산 사직야구장에서 열릴 2012 팔도 프로야구 롯데 자이언츠와 두산 베어스의 경기 전 강민호가 대만에서 열린 리틀 아시아시리즈에 출전한 국가대표 선수들에게 싸인을 해주고 있다.,https://sports.news.naver.com/news.nhn?oid=410&aid=0000000062
볼빅 시니어투어 이오순 연장접전 끝 극적 우승,볼빅 시니어투어 4차전에서 우승한 이오순. 사진 KLPGA 매경닷컴 MK스포츠 임성윤 기자 강원도 원주에 위치한 센추리21 컨트리클럽 파72 5 780야드 에서 열린 ‘KLPGA 2012 볼빅 ∙ 센추리21CC 시니어투어 4차전’ 총상금 4천만 원 우승상금 8백만 원 마지막 날 이오순 50 볼빅 이 연장접전 끝에 우승을 차지했다. 6번홀 파3 168야드 에서 보기를 범한 이오순은 8번홀 파4 314야드 에서 버디를 잡으며 이븐파로 전반을 마쳤다. 이어지는 후반에서 이오순은 큰 실수 없이 보기 1개와 파 8개로 1타를 잃으며 최종합계 2오버파 146타 73 73 로 먼저 경기를 마친 최인자 52 와 플레이오프에 돌입했다. 연장 첫 홀에서 파로 비긴 이오순과 최인자는 연장 두번째 홀에서 최인자가 보기를 범한 반면 이오순은 파로 막으며 지난 시니어투어 4차전에 이어 2개 대회 연속 우승을 차지했다. 이오순은 1990년 KLPGA에 입회한 이래 정규투어 5승의 기록을 가지고 있으며 2004년부터 출전한 시니어투어에서는 6번의 우승컵을 들어올린 바 있다. 오늘 우승으로 시니어투어 통산 7승째를 달성한 이오순은 “오늘 대회 시작 전 인터뷰에서 농담으로 ‘마지막조 사냥을 하고 오겠다’라고 말했는데 그게 대회 결과와 맞아떨어진 것 같다. 앞으로도 말과 행동이 일치할 수 있도록 더 열심히 연습하겠다”고 말했다. 이어 이오순은 “아직까지 시니어투어에서 상금왕을 해 본적이 없다. 2009년도에 아쉽게 2위를 했는데 이번에는 4승을 해서 상금왕 자리에 오르고 싶다.”는 목표를 밝히기도 했다.,https://sports.news.naver.com/news.nhn?oid=410&aid=0000000063
mk포토 양승호 감독 리틀 국가대표 화이팅,14일 오후 부산 사직야구장에서 열릴 2012 팔도 프로야구 롯데 자이언츠와 두산 베어스의 경기 전 롯데 양승호 감독이 야구장을 방문한 리틀 국가대표 선수들과 기념사진을 찍고 있다.,https://sports.news.naver.com/news.nhn?oid=410&aid=0000000064
mk포토 유먼 꿈나무들에겐 언제나 싸인 오케이,14일 오후 부산 사직야구장에서 열릴 2012 팔도 프로야구 롯데 자이언츠와 두산 베어스의 경기 전 롯데 유먼이 야구장을 찾은 리틀 야구단 선수들에게 싸인을 해주고 있다.,https://sports.news.naver.com/news.nhn?oid=410&aid=0000000065
mk포토 리틀야구 국가대표 몇년뒤엔 여기서 뛰고 있겠지,14일 오후 부산 사직야구장에서 열릴 2012 팔도 프로야구 롯데 자이언츠와 두산 베어스의 경기 전 대만에서 열릴 리틀야구 아시아시리즈에 참가할 국가대표 선수들이 야구장을 찾아 선수들의 훈련을 바라보고 있다.,https://sports.news.naver.com/news.nhn?oid=410&aid=0000000066
mk포토 유먼 꿈나무들에게 정성스런 싸인,14일 오후 부산 사직야구장에서 열릴 2012 팔도 프로야구 롯데 자이언츠와 두산 베어스의 경기 전 롯데 유먼이 야구장을 방문한 리틀야구 국가대표 선수들에게 싸인을 해주고 있다.,https://sports.news.naver.com/news.nhn?oid=410&aid=0000000067
mk포토 리틀야구 국가대표 유먼과 기념촬영 신나네,14일 오후 부산 사직야구장에서 열릴 2012 팔도 프로야구 롯데 자이언츠와 두산 베어스의 경기 전 롯데 유먼과 리틀야구 국가대표 선수들이 기념촬영을 하고 있다.,https://sports.news.naver.com/news.nhn?oid=410&aid=0000000068
mk포토 양승호 감독 잘 자라서 롯데로 오거라,14일 오후 부산 사직야구장에서 열릴 2012 팔도 프로야구 롯데 자이언츠와 두산 베어스의 경기 전 롯데 양승호 감독이 야구장을 방문한 리틀야구 국가대표 선수들과 흐뭇하게 이야기를 나누고 있다.,https://sports.news.naver.com/news.nhn?oid=410&aid=0000000069
mk포토 김상수 뒤쪽이 오삭하네,14일 오후 대구구장에서 열릴 2012 팔도 프로야구 한화 이글스와 삼성 라이온즈의 경기에 앞서 훈련을 한 삼성 선수들이 활기찬 모습으로 덕아웃으로 향하고 있다.,https://sports.news.naver.com/news.nhn?oid=410&aid=0000000070
mk포토 보디빌더 이진원 근육질 웨이브 보세요,14일 부산 시민회관에서 열린 2012 미스터 미즈코리아선발대회 바디휘트니스 부문 결선에서 보디빌더 이진원이 무대에 올라 웨이브 포즈를 취하고 있다.,https://sports.news.naver.com/news.nhn?oid=410&aid=0000000071
mk포토 전진형 상수야 까부는데 매가 최고,14일 오후 대구구장에서 열릴 2012 팔도 프로야구 한화 이글스와 삼성 라이온즈의 경기에 앞서 훈련을 한 삼성 선수들이 활기찬 모습으로 덕아웃으로 향하고 있다. 삼성 김상수의 댄스를 뒤에서 보고 있는 전진형 포수와 배트를 들고 때리는 시늉을 하고 있다.,https://sports.news.naver.com/news.nhn?oid=410&aid=0000000072
mk포토 김상수 훈련마치고 지금은 댄스타임,14일 오후 대구구장에서 열릴 2012 팔도 프로야구 한화 이글스와 삼성 라이온즈의 경기에 앞서 훈련을 한 삼성 선수들이 활기찬 모습으로 덕아웃으로 향하고 있다.,https://sports.news.naver.com/news.nhn?oid=410&aid=0000000073
mk포토 보디빌더 정경진 제 라인 한번 감상하시죠,14일 부산 시민회관에서 열린 2012 미스터 미즈코리아선발대회 바디휘트니스 부문 결선에서 보디빌더 정경진이 포즈를 취하고 있다.,https://sports.news.naver.com/news.nhn?oid=410&aid=0000000074
mk포토 김상수 훈련마치고 댄스 삼매경,14일 오후 대구구장에서 열릴 2012 팔도 프로야구 한화 이글스와 삼성 라이온즈의 경기에 앞서 훈련을 한 삼성 선수들이 활기찬 모습으로 덕아웃으로 향하고 있다.,https://sports.news.naver.com/news.nhn?oid=410&aid=0000000075
mk포토 전진형 상수야 누구한테 맞았어,14일 오후 대구구장에서 열릴 2012 팔도 프로야구 한화 이글스와 삼성 라이온즈의 경기에 앞서 삼성 김상수가 정형식에게 괴롭힘 을 당한 후 그라운드에 쓰러져 있다.,https://sports.news.naver.com/news.nhn?oid=410&aid=0000000076
mk포토 보디빌더 정경진 남자도 부러워할 내 몸매,14일 부산 시민회관에서 열린 2012 미스터 미즈코리아선발대회 바디휘트니스 부문 결선에서 보디빌더 정경진이 포즈를 취하고 있다.,https://sports.news.naver.com/news.nhn?oid=410&aid=0000000077
mk포토 최형우 내 무게를 지탱해 낼까,14일 오후 대구구장에서 열릴 2012 팔도 프로야구 한화 이글스와 삼성 라이온즈의 경기에 앞서 삼성 최형우가 훈련중 그물망에 몸을 맡기고 있다.,https://sports.news.naver.com/news.nhn?oid=410&aid=0000000078
mk포토 파묻힌 최형우 그물망을 이불삼아,14일 오후 대구구장에서 열릴 2012 팔도 프로야구 한화 이글스와 삼성 라이온즈의 경기에 앞서 삼성 최형우가 훈련중 그물망에 몸을 맡기고 있다.,https://sports.news.naver.com/news.nhn?oid=410&aid=0000000079
mk포토 보디빌더 이명희 이 포즈면 우승 가능하겠지,14일 부산 시민회관에서 열린 2012 미스터 미즈코리아선발대회 바디휘트니스 부문 결선에서 보디빌더 이명희가 포즈를 취하고 있다.,https://sports.news.naver.com/news.nhn?oid=410&aid=0000000080
mk포토 태인스님 묵언수행중,14일 오후 대구구장에서 열릴 2012 팔도 프로야구 한화 이글스와 삼성 라이온즈의 경기에 앞서 삼성 채태인이 양반자세로 앉아 동료들의 훈련모습을 지켜보고 있다.,https://sports.news.naver.com/news.nhn?oid=410&aid=0000000081
mk포토 보디빌더 원서윤 내 포즈에 심판들도 감탄할거야,14일 부산 시민회관에서 열린 2012 미스터 미즈코리아선발대회 바디휘트니스 부문 결선에서 보디빌더 원서윤이 포즈를 취하고 있다.,https://sports.news.naver.com/news.nhn?oid=410&aid=0000000082
mk포토 김재걸최진행 가까이 하기에 너무나 먼 당신,14일 오후 대구구장에서 열릴 2012 팔도 프로야구 한화 이글스와 삼성 라이온즈의 경기에 앞서 삼성 김재걸 코치와 한화 최진행이 철망을 사이에 두고 얘기를 나누고 있다.,https://sports.news.naver.com/news.nhn?oid=410&aid=0000000083
mk포토 보디빌더 염미라 우승은 내가 차지할래,14일 부산 시민회관에서 열린 2012 미스터 미즈코리아선발대회 바디휘트니스 부문 결선에서 보디빌더 염미라가 포즈를 취하고 있다.,https://sports.news.naver.com/news.nhn?oid=410&aid=0000000084
mk포토 몸짱 여성 빌더들 근육 하나 하나 살아 숨셔요,14일 부산 시민회관에서 열린 2012 미스터 미즈코리아선발대회 바디휘트니스 부문 결선에서 선수들이 단상에 올라 포즈를 취하고 있다.,https://sports.news.naver.com/news.nhn?oid=410&aid=0000000085
mk포토 여성 빌더들 누구 王자가 제일 선명한가,14일 부산 시민회관에서 열린 2012 미스터 미즈코리아선발대회 바디휘트니스 부문 결선에서 선수들이 단상에 올라 포즈를 취하고 있다.,https://sports.news.naver.com/news.nhn?oid=410&aid=0000000086
mk포토 급소 맞은 김상수 남자들만 아는 고통,14일 오후 대구구장에서 열릴 2012 팔도 프로야구 한화 이글스와 삼성 라이온즈의 경기에 앞서 삼성 정형식과 장난을 치던 김상수가 급소를 맞고 고통스러운 표정으로 그라운드에 뒹굴고 있다.,https://sports.news.naver.com/news.nhn?oid=410&aid=0000000087
mk포토 근육미의 향연,14일 부산 시민회관에서 열린 2012 미스터 미즈코리아선발대회 바디휘트니스 부문 결선에서 선수들이 단체전 포즈를 취하고 있다.,https://sports.news.naver.com/news.nhn?oid=410&aid=0000000088
mk포토 팔라오 야구 국가대표팀 LG 선수단과 기념촬영.,14일 잠실구장에서 벌어진 LG 트윈스와 SK 와이번스의 경기에서 팔라오 국가대표팀이 잠실구장을 방문해 LG 선수단과 기념촬영을 하고 있다.,https://sports.news.naver.com/news.nhn?oid=410&aid=0000000089
mk포토 우리는 미스 아니고 미즈코리아,14일 부산 시민회관에서 열린 2012 미스터 미즈코리아선발대회 바디휘트니스 부문 결선에서 선수들이 단상에 올라 포즈를 취하고 있다.,https://sports.news.naver.com/news.nhn?oid=410&aid=0000000090
여오현 배구국가대표 은퇴…젊은 선수 빨리 나오길,4월 8일 오후 대전 충무체육관에서 열린 2011 12 NH농협 V리그 남자부 챔피언결정전 2차전 삼성화재와 대한항공 경기서 득점에 성공한 삼성화재 가빈에게 여오현이 엄지손을 치켜 세워주고 있다. 사진 옥영화 기자 매경닷컴 MK스포츠 김기윤 기자 ‘월드 리베로’ 여오현 삼성화재 이 12년간의 배구국가대표팀 생활을 접는다. 2012 월드리그 2주차 경기 15 17일 를 위해 프랑스 리옹에 도착한 여오현은 14일 한국시각 “나와 올림픽은 인연이 없는 것 같다. 세 번째 도전을 했지만 이번에도 실패를 했다”면서 “런던올림픽 무대를 끝으로 대표팀에서 은퇴할 생각이었는데 너무 아쉽다”고 대표팀 유니폼을 반납하겠다는 뜻을 시사했다. 한국은 지난 주 일본 도쿄에서 열린 2012 런던올림픽 세계예선에서 3승4패 승점 7 를 기록 8개 팀 중에서 6위에 그쳐 런던행이 좌절됐다. 여오현은 “지금은 몸도 힘들고 마음도 아프다. 빨리 젊은 선수들이 나와줘야 한다”며 “후배들을 위해 대표팀은 이번 월드리그가 마지막이라고 본다. 후배들이 큰 경기 경험을 쌓아서 빨리 성장을 했으면 좋겠다”고 희망했다. 여오현은 2001년 창원에서 열린 아시아선수권에서 국가대표에 발탁돼 12년 동안 주전 자리를 지켜냈다. 이번 월드리그에서도 리시브 1위 성공률 73.24% 디그 3위 세트당 2.53개 등 변함없는 활약을 펼치고 있다. 하지만 여오현은 국내리그에선 선수생활을 이어가겠다는 뜻을 분명히 했다. 그는 “대표팀에서는 힘들지만 선수생활은 할 수 있을 때까지는 하겠다. 팀에 도움이 될 때까지는 계속 뛰고 싶다. 은퇴 이후에는 후배들을 잘 이끌 수 있는 지도자가 되고 싶은 꿈이 있다”고 말했다. 런던올림픽 본선 진출이 좌절된 것에 대해 “너무 허탈하다. 준비가 부족하지 않았나 생각한다”며 “V리그 라운드도 줄이고 모든 포커스를 올림픽에 맞췄어야 했다. 선수들의 몸 상태가 엉망이었다”고 아쉬워했다. 올해 월드리그를 끝으로 대표팀과 작별하는 여오현은 최고참으로서 후배들에 대한 조언도 아끼지 않았다. 그는 “후배들이 열심히 하고 있지만 좀 더 열정을 갖고 헌신적으로 했으면 좋겠다”며 “배구는 팀워크를 위해 자신을 희생하는 종목이다. 모든 선수들이 마음이 맞아야 좋은 결과를 얻을 수 있다”고 충고했다.,https://sports.news.naver.com/news.nhn?oid=410&aid=0000000091
mk포토 김무관 코치 자세교정에는 막대기가 최고,14일 잠실구장에서 벌어진 LG 트윈스와 SK 와이번스의 경기에서 LG 김무관 코치가 자세 교정용 봉으로 타석에 선 타자들의 자세를 교정해 주고 있다.,https://sports.news.naver.com/news.nhn?oid=410&aid=0000000092
mk포토 김무관 코치 내가 LG의 삼장법사,14일 잠실구장에서 벌어진 LG 트윈스와 SK 와이번스의 경기에서 LG 김무관 코치가 자세 교정용 봉을 들고 타자들의 타격을 지켜보고 있다.,https://sports.news.naver.com/news.nhn?oid=410&aid=0000000093
mk포토 스윙하는 이만수 감독 옛날로 돌아가고 파,14일 잠실구장에서 벌어진 LG 트윈스와 SK 와이번스의 경기에서 SK 이만수 감독이 내야에서 타자들의 훈련을 지켜보던 중 현역시절 톱타자 때의 생각이 났던지 배트를 잡고 크게 스윙을 해보고 있다.,https://sports.news.naver.com/news.nhn?oid=410&aid=0000000094
SK 송은범 6월말 돌아온다…불펜 피칭 소화,SK 선발 송은범이 오른 팔꿈치 부상을 털고 6월말 복귀한다. 사진 한희재 기자 매경닷컴 MK스포츠 잠실 서민교 기자 SK 와이번스 선발 투수 송은범이 6월말 돌아온다. 부상으로 1군 엔트리에서 빠졌던 송은범은 14일 잠실구장에서 불펜 피칭을 하며 복귀 가능성을 높였다. 직구만 35개. SK 관계자는 “송은범의 복귀 예상 시기는 6월말”이라고 못 박았다. 송은범은 지난달 18일 대전 한화전에 선발 등판해 5⅓이닝 10피안타 3볼넷 3탈삼진 3실점으로 시즌 3승째를 거뒀다. 그러나 6회 2사 이후 이준수를 상대하다 오른 팔꿈치 근육 통증을 호소하고 교체됐다. 결국 송은범은 오른 굴곡근 손상 진단을 받고 재활군에 합류한 뒤 23일 1군 말소됐다. 송은범은 지난해 12월 오른 팔꿈치 뼛조각 제거수술을 받은 뒤 4개월 재활 끝에 복귀했다. 복귀 이후 올 시즌 선발로 나선 4경기에서 3승 평균자책점 4.18을 거둬내며 SK의 선발 라인업을 지키다 다시 전력에서 이탈했다. 송은범이 복귀할 경우 SK 선발 라인업도 안정을 찾을 수 있을 전망이다. SK는 아킬리노 로페즈 퇴출 이후 영입한 데이브 부시와 1군으로 복귀한 좌완 에이스 김광현까지 마운드가 탄탄해져 선두 유지에 탄력을 받을 수 있게 됐다.,https://sports.news.naver.com/news.nhn?oid=410&aid=0000000095
mk포토 나지완 넥센 마셔버릴거야,14일 오후 서울 목동구장에서 열리는 2012 팔도 프로야구 KIA 타이거즈와 넥센 히어로즈의 경기에 앞서 KIA 나지완이 음료수를 마시고 있다.,https://sports.news.naver.com/news.nhn?oid=410&aid=0000000096
mk포토 최희 아나운서 선 감독님 제가 응원할게요,14일 오후 서울 목동구장에서 열리는 2012 팔도 프로야구 KIA 타이거즈와 넥센 히어로즈의 경기에 앞서 최희 아나운서가 KIA 선동열 감독과 인사를 나누고 있다.,https://sports.news.naver.com/news.nhn?oid=410&aid=0000000097
mk포토 야구 여신 최희 아나운서에 시선 뺏긴 SUN,14일 오후 서울 목동구장에서 열리는 2012 팔도 프로야구 KIA 타이거즈와 넥센 히어로즈의 경기에 앞서 최희 아나운서가 KIA 선동열 감독과 인사를 나누고 있다.,https://sports.news.naver.com/news.nhn?oid=410&aid=0000000098
mk포토 최희 아나운서 선 감독님 멋진 경기 기대할게요,14일 오후 서울 목동구장에서 열리는 2012 팔도 프로야구 KIA 타이거즈와 넥센 히어로즈의 경기에 앞서 최희 아나운서가 KIA 선동열 감독과 인사를 나누고 있다.,https://sports.news.naver.com/news.nhn?oid=410&aid=0000000099
